## Redaxo Database Dump Version 3.0 
DROP TABLE IF EXISTS rex_4_article;
CREATE TABLE rex_4_article ( id int(11) NULL DEFAULT 0  , clang int(11) NULL DEFAULT 0  , path varchar(255) NULL  , name varchar(255) NULL  , category varchar(255) NULL DEFAULT 0  , description text NULL  , artnr varchar(255) NULL  , mwst float NULL DEFAULT 0  , price float NULL DEFAULT 0  , detaildesc text NULL  , thumbnail varchar(255) NULL  , picture varchar(255) NULL  , prio int(11) NULL DEFAULT 0  , status int(11) NULL DEFAULT 0  )TYPE=MyISAM;
INSERT INTO rex_4_article VALUES ('1','0','','[leer]','|21|','','','0','0','<br />\r\n','','','0','0');
INSERT INTO rex_4_article VALUES ('1','2','','[leer]','|21|','','','0','0','<br />\r\n','','','0','0');
INSERT INTO rex_4_article VALUES ('2','0','','Acer TravelMate 3202 XMi','|21|','Den leichtgewichtigen Acer TravelMate 3200 kennzeichnet ein vollkommen neuartiges, schlankes Folio-Design, das die Büro- und Außendiensttätigkeiten des erfolgreichen Freiberuflers und des aktiven Benutzers aus kleinen, mittelständischen und großen Unternehmen optimiert','3202 XMi','16','1488','Intel&reg; Centrino&trade;<br />Mobiltechnologie mit Intel&reg; Pentium&reg; M712 1.6GHz Prozessor 2MB L2<br />Cache, Microsoft&reg; Windows&reg; XP Professional (SP2), Intel&reg; 855GME<br />Chipsatz - Intel&reg; PRO/Wireless 2200BG, 14.1&quot; XGA TFT Display, ATI&reg;<br />Mobility Radeon&reg; 9700 mit dezidierten 64MB VRAM, 80GB HDD, 512MB DDR, <br />56Kbps Modem, 10/100/1000 LAN Adapter 802.11g, Bluetooth,<br />DVD-Supermulti, Li-Ion Batterie<br />\r\n','','acertravelmate3202xmi.jpg','0','1');
INSERT INTO rex_4_article VALUES ('3','0','','Acer TravelMate 4601WLMi','|21|','Agile Mobilität … … durch optimale Nutzung der mobilen Unabhängigkeit Effektive Power Lange Autonomie Entfesselte Konnektivität','4601WLMi','16','1299','Intel&reg; Centrino&trade; Mobiltechnologie mit Intel&reg; Pentium&reg; M 730 1.6GHz\r\nProzessor, Microsoft&reg; Windows&reg; XP Home Edition (SP2), Intel&reg;\r\nPRO/Wireless 2200BG (802.11g), 15.4&quot; WXGA TFT Display, ATI&reg; Mobility\r\nRadeon&reg; 9700 mit dezidierten 64MB VRAM, 60GB HDD, 512 (2*256)MB DDR,\r\n56Kbps Modem, 10/100/1000 LAN, DVD-Dual, Li-Ion Batterie 2,95 kg 24\r\nMonate Hersteller Bring in Garantie 12 Monate International Traveller\r\nWarranty','','acertravelmate4601wlmi.jpg','0','1');
INSERT INTO rex_4_article VALUES ('4','0','','ACER Travelmate 2354 LM','|21|','Günstiges Notebook mit spitzen Ausstatung. DVD Brenner und WLAN','1133','16','799','Intel Celeron 1,3GHz * 512MB\r\nRAM * 60 GB HDD * WLAN * DVD Brenner * 15&quot; XGA Display* 3x USB 2.0 *\r\nWindows XP Pro * 2,84 KG * ca 2.5 Std. Akku 2 Jahre Herstellergarantie','','acertravelmate2354lm.gif','0','1');
INSERT INTO rex_4_article VALUES ('5','0','','ACER Travelmate 4101 LMI','|21|','Super Ausstatung und eigene Grafikkarte zum super Preis','1134','16','999','<font size=\"-1\" face=\"Arial, Helvetica\">\r\n                Intel Centrino 1,6 GHz * 512 MB RAM * 60 GB HDD * \r\nATI Radeon X 600 64 MB * Dual DVD Brenner * WLAN *\r\n2.91 Kg * 4 Std. Akku * Windows XP Home *\r\n2 Jahre Garantie</font>','','acertravelmate2354lm.gif','0','1');
INSERT INTO rex_4_article VALUES ('6','0','','Sony Li-Ion Akku','|32|','Akku PCGA-BP71','Z920','0','199','<font size=\"-1\" face=\"Arial, Helvetica\">\r\n                Akku PCGA-BP71</font>','','','0','1');
INSERT INTO rex_4_article VALUES ('7','0','','60 GB HD Super Slim USB 2','|31|','Sonderangebot','Z12','16','149','<font size=\"-1\" face=\"Arial, Helvetica\">\r\n                Aluminium Geh&auml;use\r\nAnschluss USB 2 kompatibel zu USB 1.1\r\nStromversorgung &uuml;ber USB Port\r\nTransporttasche</font>','','','0','1');
INSERT INTO rex_4_article VALUES ('8','0','','ASUS MyPAL A620BT GPS Bundle','|44|','SUS MyPAL A620BT Pocket PC mit GPS System','1112','16','459','Intel XScale PXA250 ( 400MHz) Prozessor * 3,5&quot; mit 65536 Farben * \r\ntransflektiv mit Touchscreen * 64MB Flash Rom * 64MB SDRAM * \r\nIrDa * Bluetooth * Schutztasche * Microsoft Windows Mobile 2003 *\r\nDestinator 3.0 Navigationssoftware, Kartenmaterial f&uuml;r Deutschland* Auto-Halterung * Auto Stromversorgung * Bluetooth GPS Mouse\r\n','','asusa620bt.gif','0','1');
INSERT INTO rex_4_article VALUES ('9','0','','ASUS MyPAL A730W','|44|','ASUS MyPAL A730W Pocket PC','1104','16','499','Intel XScale PXA270 ( 520MHz) Prozessor * 3,5&quot; mit 65536 Farben *\r\ntransflektiv mit Touchscreen * 64MB Flash Rom * 128MB SDRAM * IrDa *\r\nBluetooth * WLAN * Schutztasche * Microsoft Windows Mobile 2003 * 1,3\r\nMegapixel Kamera *<br />\r\n','','asusa730.gif','0','1');
INSERT INTO rex_4_article VALUES ('10','0','','\r\n	\r\nAcer Pocket PC N35 mit Navigation','|45|','Pocket PC mit Navigationssystem','1116','16','379','Komplettes Navigationspaket f&uuml;r Ihr Fahrzeug 64MB, Samsung 266MHz GPS\r\nFahrzeughalterung sowie 12V Autokabel 3,5&quot; TFT, 32 MB Flash 2 Jahre\r\nBring-in &amp; 1 Jahr International Travellers Warranty<br />\r\n','','','0','1');
INSERT INTO rex_4_article VALUES ('11','0','','ASUS A3823GLH','|22|','Spitzen Web Notebook mit integrierter Web-/ Videokamera.','116','0','1259','Intel Centrino 1,6 GHz * 512 MB RAM * 40 GB HD * ATI RADEON 9700 64MB *\r\nWLAN * DVD RW Double Layer * Windows XP * 24 Monate Garantie<br />\r\n','','asusa3823glh.gif','0','1');
INSERT INTO rex_4_article VALUES ('12','0','','ASUS NB A6762GLH','|22|','Perfekt Mobil, dank neuer Centrino Technologie','A6762','16','1465','Pentium M 745 (1.80GHz/2MB/400FSB) 15.4&quot; TFT (WXGA Colour Shine) ATI\r\nMobility Radeon 9700 128 MB 512 MB DDR (1x512MB) 80 GB HDD 8x DVD-Dual\r\nD/L WLAN 802.11g Web-/Videokamera - XP-H (OEM)<br />\r\n','','asus_nba6762_glh_200x200.jpg','0','1');
DROP TABLE IF EXISTS rex__gbook;
CREATE TABLE rex__gbook ( id int(10) unsigned NOT NULL  auto_increment, author varchar(255) NULL  , message text NULL  , url varchar(255) NULL  , email varchar(255) NULL  , created timestamp(14) NULL  , PRIMARY KEY(id))TYPE=MyISAM;
DROP TABLE IF EXISTS rex_action;
CREATE TABLE rex_action ( id int(11) NOT NULL  auto_increment, name varchar(255) NULL  , action text NULL  , prepost tinyint(4) NULL DEFAULT 0  , sadd tinyint(4) NULL DEFAULT 0  , sedit tinyint(4) NULL DEFAULT 0  , sdelete tinyint(4) NULL DEFAULT 0  , PRIMARY KEY(id))TYPE=MyISAM;
DROP TABLE IF EXISTS rex_article;
CREATE TABLE rex_article ( pid int(11) NOT NULL  auto_increment, id int(11) NULL DEFAULT 0  , re_id int(11) NULL DEFAULT 0  , name varchar(255) NULL  , catname varchar(255) NULL  , cattype int(11) NULL DEFAULT 0  , catprior int(11) NULL DEFAULT 0  , alias varchar(255) NULL  , description text NULL  , attribute text NULL  , file text NULL  , type_id int(11) NULL DEFAULT 0  , teaser tinyint(4) NULL DEFAULT 0  , startpage tinyint(1) NULL DEFAULT 0  , prior int(11) NULL DEFAULT 0  , path varchar(255) NULL  , status tinyint(1) NULL DEFAULT 0  , online_from int(11) NULL DEFAULT 0  , online_to int(11) NULL DEFAULT 0  , createdate int(11) NULL DEFAULT 0  , updatedate int(11) NULL DEFAULT 0  , keywords text NULL  , template_id int(5) NULL DEFAULT 0  , clang int(11) NULL DEFAULT 0  , createuser varchar(255) NULL  , updateuser varchar(255) NULL  , fe_user text NULL  , fe_group text NULL  , fe_ext text NULL  , PRIMARY KEY(pid))TYPE=MyISAM;
INSERT INTO rex_article VALUES ('1','1','0','home','HOME','0','1','','','','','0','0','1','1','|','1','1117036984','1262300400','1117036984','1118243554','','1','0','jan','admin','','','');
INSERT INTO rex_article VALUES ('3','2','0','Über uns','ÜBER UNS','0','2','','','','','0','0','1','1','|','1','1117036987','1262300400','1117036987','1118243802','','1','0','jan','admin','','','');
INSERT INTO rex_article VALUES ('5','3','0','neuigkeiten','AGB','0','5','','','','','0','0','1','1','|','1','1117036991','1262300400','1117036991','1118219559','','1','0','jan','admin','','','');
INSERT INTO rex_article VALUES ('7','4','0','sitemap','INFO','0','6','','','','','0','0','1','1','|','1','1117557252','1262300400','1117557252','1118219567','','1','0','jan','admin','','','');
INSERT INTO rex_article VALUES ('9','5','0','kontakt','KONTAKT','0','3','','','','','0','0','1','1','|','1','1117557259','1262300400','1117557259','1118248025','','1','0','jan','admin','','','');
INSERT INTO rex_article VALUES ('11','6','0','impressum','IMPRESSUM','0','4','','','','','0','0','1','1','|','1','1117557268','1262300400','1117557268','1120472122','','1','0','jan','jan','','','');
INSERT INTO rex_article VALUES ('73','49','1','asdasd','asdasd','0','0','','','','','0','0','0','4','|1|','0','1119956413','1262300400','1119956413','1119956413','','1','0','admin','admin','','','');
INSERT INTO rex_article VALUES ('74','50','1','asdasd as d','asdasd as d','0','0','','','','','0','0','0','3','|1|','0','1119956419','1262300400','1119956419','1119956419','','1','0','admin','admin','','','');
INSERT INTO rex_article VALUES ('75','51','1','12312312','12312312','0','0','','','','','0','0','0','100','|1|','0','1119956426','1262300400','1119956426','1119956426','','0','0','admin','admin','','','');
INSERT INTO rex_article VALUES ('28','10','3','Pressenews','Pressenews','0','1','','','','','0','0','1','1','|3|','1','1117559775','1262300400','1117559775','1117559775','','1','0','jan','jan','','','');
INSERT INTO rex_article VALUES ('31','11','3','Firmeninfos','Firmeninfos','0','2','','','','','0','0','1','1','|3|','1','1117559782','1262300400','1117559782','1117559782','','1','0','jan','jan','','','');
INSERT INTO rex_article VALUES ('71','47','1','News','News','0','0','','','','','0','0','0','2','|1|','1','1118240833','1262300400','1118240833','1120472314','','0','0','admin','jan','','','');
INSERT INTO rex_article VALUES ('72','48','1','asdasd','asdasd','0','0','','','','','0','0','0','3','|1|','0','1119956407','1262300400','1119956407','1119956407','','1','0','admin','admin','','','');
INSERT INTO rex_article VALUES ('70','46','14','Adresseingabe','Adresseingabe','0','0','','','','','0','0','0','2','|14|','0','1118235638','1262300400','1118235638','1120145624','','1','0','admin','admin','','','');
INSERT INTO rex_article VALUES ('37','13','0','PRODUKTÜBERSICHT','PRODUKTÜBERSICHT','0','7','','','','','0','0','1','1','|','0','1118219585','1262300400','1118219585','1120055657','','1','0','admin','admin','','','');
INSERT INTO rex_article VALUES ('38','14','0','WARENKORB','_WARENKORB','0','8','','','','','0','0','1','1','|','0','1118219677','1262300400','1118219677','1120140441','','1','0','admin','admin','','','');
INSERT INTO rex_article VALUES ('39','15','0','_SUCHE','_SUCHE','0','9','','','','','0','0','1','1','|','0','1118219738','1262300400','1118219738','1118219766','','1','0','admin','admin','','','');
INSERT INTO rex_article VALUES ('40','16','13','NOTEBOOKS','NOTEBOOKS','0','1','','','','','0','0','1','1','|13|','1','1118219912','1262300400','1118219912','1120121965','','1','0','admin','admin','','','');
INSERT INTO rex_article VALUES ('41','17','13','SPECIALS','SPECIALS','0','2','','','','','0','0','1','1','|13|','1','1118219921','1262300400','1118219921','1118219921','','1','0','admin','admin','','','');
INSERT INTO rex_article VALUES ('42','18','13','ZUBEHÖR','ZUBEHÖR','0','3','','','','','0','0','1','1','|13|','1','1118219930','1262300400','1118219930','1118219930','','1','0','admin','admin','','','');
INSERT INTO rex_article VALUES ('43','19','13','SERVICE','SERVICE','0','4','','','','','0','0','1','1','|13|','1','1118219936','1262300400','1118219936','1118219936','','1','0','admin','admin','','','');
INSERT INTO rex_article VALUES ('44','20','13','PDA','PDA','0','5','','','','','0','0','1','1','|13|','1','1118219979','1262300400','1118219979','1118219979','','1','0','admin','admin','','','');
INSERT INTO rex_article VALUES ('45','21','16','Acer','Acer','0','1','','','','','0','0','1','1','|13|16|','1','1118220360','1262300400','1118220360','1120053555','','1','0','admin','admin','','','');
INSERT INTO rex_article VALUES ('46','22','16','Asus','Asus','0','2','','','','','0','0','1','1','|13|16|','1','1118220367','1262300400','1118220367','1120149533','','1','0','admin','admin','','','');
INSERT INTO rex_article VALUES ('47','23','16','Fujitsu-Siemens','Fujitsu-Siemens','0','3','','','','','0','0','1','1','|13|16|','1','1118220375','1262300400','1118220375','1118220375','','1','0','admin','admin','','','');
INSERT INTO rex_article VALUES ('48','24','16','HP Compaq','HP Compaq','0','4','','','','','0','0','1','1','|13|16|','1','1118220383','1262300400','1118220383','1118220383','','1','0','admin','admin','','','');
INSERT INTO rex_article VALUES ('49','25','16','IBM','IBM','0','5','','','','','0','0','1','1','|13|16|','1','1118220391','1262300400','1118220391','1118220391','','1','0','admin','admin','','','');
INSERT INTO rex_article VALUES ('50','26','16','Samsung','Samsung','0','6','','','','','0','0','1','1','|13|16|','1','1118220399','1262300400','1118220399','1118220399','','1','0','admin','admin','','','');
INSERT INTO rex_article VALUES ('51','27','16','Sony','Sony','0','7','','','','','0','0','1','1','|13|16|','1','1118220407','1262300400','1118220407','1118220407','','1','0','admin','admin','','','');
INSERT INTO rex_article VALUES ('52','28','16','Toshiba','Toshiba','0','8','','','','','0','0','1','1','|13|16|','1','1118220415','1262300400','1118220415','1118220415','','1','0','admin','admin','','','');
INSERT INTO rex_article VALUES ('53','29','16','Dialogue Flybook','Dialogue Flybook','0','9','','','','','0','0','1','1','|13|16|','1','1118220424','1262300400','1118220424','1118220424','','1','0','admin','admin','','','');
INSERT INTO rex_article VALUES ('54','30','16','JVC','JVC','0','10','','','','','0','0','1','1','|13|16|','1','1118220432','1262300400','1118220432','1118220432','','1','0','admin','admin','','','');
INSERT INTO rex_article VALUES ('55','31','17','Zubehör','Zubehör','0','1','','','','','0','0','1','1','|13|17|','1','1118220446','1262300400','1118220446','1120147142','','1','0','admin','admin','','','');
INSERT INTO rex_article VALUES ('56','32','18','Akku','Akku','0','1','','','','','0','0','1','1','|13|18|','1','1118220456','1262300400','1118220456','1120147018','','1','0','admin','admin','','','');
INSERT INTO rex_article VALUES ('57','33','18','Laufwerke','Laufwerke','0','2','','','','','0','0','1','1','|13|18|','1','1118220465','1262300400','1118220465','1118220465','','1','0','admin','admin','','','');
INSERT INTO rex_article VALUES ('58','34','18','PCMCIA','PCMCIA','0','3','','','','','0','0','1','1','|13|18|','1','1118220472','1262300400','1118220472','1118220472','','1','0','admin','admin','','','');
INSERT INTO rex_article VALUES ('59','35','18','Speicher','Speicher','0','4','','','','','0','0','1','1','|13|18|','1','1118220478','1262300400','1118220478','1118220478','','1','0','admin','admin','','','');
INSERT INTO rex_article VALUES ('60','36','18','Sonstiges','Sonstiges','0','5','','','','','0','0','1','1','|13|18|','1','1118220486','1262300400','1118220486','1118220486','','1','0','admin','admin','','','');
INSERT INTO rex_article VALUES ('61','37','18','Taschen','Taschen','0','6','','','','','0','0','1','1','|13|18|','1','1118220493','1262300400','1118220493','1118220493','','1','0','admin','admin','','','');
INSERT INTO rex_article VALUES ('62','38','18','USB Sticks','USB Sticks','0','7','','','','','0','0','1','1','|13|18|','1','1118220501','1262300400','1118220501','1118220501','','1','0','admin','admin','','','');
INSERT INTO rex_article VALUES ('63','39','18','USB Storage','USB Storage','0','8','','','','','0','0','1','1','|13|18|','1','1118220510','1262300400','1118220510','1118220510','','1','0','admin','admin','','','');
INSERT INTO rex_article VALUES ('64','40','18','ISDN Adapter','ISDN Adapter','0','9','','','','','0','0','1','1','|13|18|','1','1118220519','1262300400','1118220519','1118220519','','1','0','admin','admin','','','');
INSERT INTO rex_article VALUES ('65','41','18','Ethernet','Ethernet','0','10','','','','','0','0','1','1','|13|18|','1','1118220530','1262300400','1118220530','1118220530','','1','0','admin','admin','','','');
INSERT INTO rex_article VALUES ('66','42','18','Modem','Modem','0','11','','','','','0','0','1','1','|13|18|','1','1118220638','1262300400','1118220638','1118220638','','1','0','admin','admin','','','');
INSERT INTO rex_article VALUES ('67','43','18','Portreplikator Toshiba III','Portreplikator Toshiba III','0','12','','','','','0','0','1','1','|13|18|','1','1118220646','1262300400','1118220646','1118220646','','1','0','admin','admin','','','');
INSERT INTO rex_article VALUES ('68','44','20','ASUS','Asus','0','2','','','','','0','0','1','1','|13|20|','1','1118220658','1262300400','1118220658','1120147799','','1','0','admin','admin','','','');
INSERT INTO rex_article VALUES ('69','45','20','Acer','Acer','0','1','','','','','0','0','1','1','|13|20|','1','1118220671','1262300400','1118220671','1118220671','','1','0','admin','admin','','','');
INSERT INTO rex_article VALUES ('76','52','0','_Printversion','_Printversion','0','0','','','','','0','0','0','1','|','0','1120459596','1262300400','1120459596','1120461227','','0','0','admin','admin','','','');
DROP TABLE IF EXISTS rex_article_slice;
CREATE TABLE rex_article_slice ( id int(11) NOT NULL  auto_increment, clang int(11) NULL DEFAULT 0  , ctype int(11) NULL DEFAULT 0  , re_article_slice_id int(11) NOT NULL DEFAULT 0  , value1 text NULL  , value2 text NULL  , value3 text NULL  , value4 text NULL  , value5 text NULL  , value6 text NULL  , value7 text NULL  , value8 text NULL  , value9 text NULL  , value10 text NULL  , value11 text NULL  , value12 text NULL  , value13 text NULL  , value14 text NULL  , value15 text NULL  , value16 text NULL  , value17 text NULL  , value18 text NULL  , value19 text NULL  , value20 text NULL  , file1 varchar(255) NULL  , file2 varchar(255) NULL  , file3 varchar(255) NULL  , file4 varchar(255) NULL  , file5 varchar(255) NULL  , file6 varchar(255) NULL  , file7 varchar(255) NULL  , file8 varchar(255) NULL  , file9 varchar(255) NULL  , file10 varchar(255) NULL  , filelist1 text NULL  , filelist2 text NULL  , filelist3 text NULL  , filelist4 text NULL  , filelist5 text NULL  , filelist6 text NULL  , filelist7 text NULL  , filelist8 text NULL  , filelist9 text NULL  , filelist10 text NULL  , link1 int(11) NULL DEFAULT 0  , link2 int(11) NULL DEFAULT 0  , link3 int(11) NULL DEFAULT 0  , link4 int(11) NULL DEFAULT 0  , link5 int(11) NULL DEFAULT 0  , link6 int(11) NULL DEFAULT 0  , link7 int(11) NULL DEFAULT 0  , link8 int(11) NULL DEFAULT 0  , link9 int(11) NULL DEFAULT 0  , link10 int(11) NULL DEFAULT 0  , linklist1 text NULL  , linklist2 text NULL  , linklist3 text NULL  , linklist4 text NULL  , linklist5 text NULL  , linklist6 text NULL  , linklist7 text NULL  , linklist8 text NULL  , linklist9 text NULL  , linklist10 text NULL  , php text NULL  , html text NULL  , article_id int(11) NOT NULL DEFAULT 0  , modultyp_id int(5) NOT NULL DEFAULT 0  , createdate int(11) NULL DEFAULT 0  , updatedate int(11) NULL DEFAULT 0  , createuser varchar(255) NULL  , updateuser varchar(255) NULL  , PRIMARY KEY(id,re_article_slice_id,article_id,modultyp_id))TYPE=MyISAM;
INSERT INTO rex_article_slice VALUES ('1','0','0','0','','','','','','','','','','','','','','','','','','','','','','','','','','','','','','','','','','','','','','','','','0','0','0','0','0','0','0','0','0','0','','','','','','','','','','','<?php\r\n\r\n// erst ebene ul starten\r\necho \'<ul class=\"nav1st\">\';\r\n\r\n/* START 1st level categories */\r\nforeach (OOCategory::getRootCategories() as $lev1):\r\n	\r\n	$lev1->setClang($REX[CUR_CLANG]);\r\n	\r\n	if ($lev1->isOnline()):\r\n	\r\n		if ($lev1->getId() == $path1)\r\n		{\r\n			/* 1st level - active link */\r\n			echo \'<li class=\"active\"><a href=\"\'.$lev1->getUrl().\'\">\'.$lev1->getName().\'</a>\';\r\n		}else\r\n		{\r\n			/* 1st level - no active link */\r\n			echo \'<li><a href=\"\'.$lev1->getUrl().\'\">\'.$lev1->getName().\'</a>\';\r\n		}\r\n		\r\n		/* 1st level had categories? -> go on */\r\n		$lev1Size = sizeof($lev1->getChildren());\r\n		\r\n		if($lev1Size != \"0\"): \r\n\r\n			echo \'<ul class=\"nav2nd\">\';\r\n\r\n			/* START 2nd level categories */\r\n			foreach ($lev1->getChildren() as $lev2):\r\n\r\n				if ($lev2->isOnline()):\r\n	\r\n					if ($lev2->getId() == $path2)\r\n					{\r\n						/* 2nd level - active link */\r\n						echo \'<li class=\"active\"><a class=\"current\" href=\"\'.$lev2->getUrl().\'\">\'.$lev2->getName().\'</a>\';\r\n					}else\r\n					{\r\n						/* 2nd level - no active link */\r\n						echo \'<li><a href=\"\'.$lev2->getUrl().\'\">\'.$lev2->getName().\'</a>\';\r\n					}\r\n					\r\n					/* 2nd level had categories? -> go on */\r\n					$lev2Size = sizeof($lev2->getChildren());\r\n			\r\n					if($lev2Size != \"0\"):\r\n						echo \'<ul class=\"nav3rd\">\';\r\n					\r\n						/* START 3rd level categories */\r\n						foreach ($lev2->getChildren() as $lev3):\r\n							if ($lev3->isOnline()):\r\n								if ($lev3->getId() == $path3)\r\n								{\r\n									/* 3rd level - active link */\r\n									echo \'<li class=\"active\"><a class=\"current\" href=\"\'.$lev3->getUrl().\'\">\'.$lev3->getName().\'</a></li>\';\r\n								}else\r\n								{\r\n									/* 3rd level - no active link */\r\n									echo \'<li><a href=\"\'.$lev3->getUrl().\'\">\'.$lev3->getName().\'</a></li>\';\r\n								}\r\n							endif;\r\n						endforeach;\r\n						/* END 3rd level categories */\r\n			\r\n						echo \'</ul>\';\r\n					endif;\r\n\r\n					echo \'</li>\';\r\n				endif;\r\n			\r\n			endforeach;\r\n			/* END 2nd level categories */\r\n			\r\n			echo \'</ul>\';\r\n		endif;\r\n\r\n		echo \'</li>\';\r\n	endif;\r\nendforeach;\r\n/* END 1st level categories */\r\n\r\necho \'</ul>\';\r\n?>','','4','1','1117559707','1117559707','jan','jan');
INSERT INTO rex_article_slice VALUES ('4','0','0','0','ACER ÜBERSICHT -> klick -> Detailansicht','','','','','','','','','','','','','','','','','','','','','','','','','','','','','','','','','','','','','','','','0','0','0','0','0','0','0','0','0','0','','','','','','','','','','','','','21','6','1118238271','1118238271','admin','admin');
INSERT INTO rex_article_slice VALUES ('5','0','0','0','Willkommen bei der Laptop Gallerie','','','','','','','','','','','','','','','','','','','','','','','','','','','','','','','','','','','','','','','','0','0','0','0','0','0','0','0','0','0','','','','','','','','','','','','','1','6','1118239155','1118239155','admin','admin');
INSERT INTO rex_article_slice VALUES ('6','0','0','0','Über uns','','','','','','','','','','','','','','','','','','','','','','','','','','','','','','','','','','','','','','','','0','0','0','0','0','0','0','0','0','0','','','','','','','','','','','','','2','6','1118239485','1118239485','admin','admin');
INSERT INTO rex_article_slice VALUES ('7','0','0','0','<span class=\"subline\">News</span><br />\r\n<strong>Wir sind umgezogen</strong><br />\r\nNeue neue Adresse lautet:<br />\r\n\r\n<p>DemoShop GmbH<br />\r\nLange Strasse 31<br />\r\n60311 Frankfurt am Main<br />\r\nTel:  069 - 913 94 700<br />\r\n</p>','','','','','','','','','','','','','','','','','','','','','','','','','','','','','','','','','','','','','','','','0','0','0','0','0','0','0','0','0','0','','','','','','','','','','','','','47','5','1118241552','1120472294','admin','jan');
INSERT INTO rex_article_slice VALUES ('8','0','0','7','<span class=\"subline\">News</span><br />\r\n<strong>Neue Webseite online</strong><br />\r\nWir starten durch mit unserer neuen Webseite. Neues Design, einfachere Handhabung. Wir freuen uns auf Ihr Feedback.<br />\r\n<br />\r\nIhr DemoShop<br />','','','','','','','','','','','','','','','','','','','','','','','','','','','','','','','','','','','','','','','','0','0','0','0','0','0','0','0','0','0','','','','','','','','','','','','','47','5','1118242096','1120472314','admin','jan');
INSERT INTO rex_article_slice VALUES ('9','0','0','5','Ersparen Sie sich und Ihren Mitarbeitern viel Zeit, denn die Zeiten f&uuml;r\r\ndie Erstellung und Pflege von kostenintensiven statischen Webseiten\r\nsind vorbei. Endg&uuml;ltig!<br />\r\n<br />\r\nOptimieren\r\nSie stattdessen Ihre professionelle Online-Kommunikation mit einem\r\nautomatisierten Redaktionssystem, bei dem Sie den &Uuml;berblick behalten. <br />\r\n<br />\r\nSo\r\nprofitieren Sie von den zahlreichen Vorteilen, die Ihnen ein\r\nRedaktionssystem wie REDAXO bieten kann. Ohne hohen zeitlichen und\r\nfinanziellen Aufwand werden Sie in die Lage versetzt Ihre Inhalte zu\r\nverwalten, zu strukturieren und zu gestalten. Erm&ouml;glicht wird dies\r\ndurch die logische Konzeption von REDAXO und dessen st&auml;ndige\r\nWeiterentwicklung. <br />\r\n<br />\r\nDas Einsatzgebiet von REDAXO ist beliebig.\r\nREDAXO kann im Internet, Ihrem Intranet oder Extranet eingesetzt\r\nwerden. Ebenso ist der Zweck f&uuml;r die Verwendung von Redaxo beliebig.\r\nEgal, ob Mediendatenbank oder Groupware, REDAXO findet &uuml;berall dort\r\nseine Anwendung wo Inhalte schnell online publiziert werden sollen.','','','','','','','','','','','','','','','','','','','','','','','','','','','','','','','','','','','','','','','','0','0','0','0','0','0','0','0','0','0','','','','','','','','','','','','','1','5','1118243554','1118243554','admin','admin');
INSERT INTO rex_article_slice VALUES ('3','5','0','0','','','','','','','','','','','','','','','','','','','','','','','','','','','','','','','','','','','','','','','','','0','0','0','0','0','0','0','0','0','0','','','','','','','','','','','<?php\r\n\r\n// erst ebene ul starten\r\necho \'<ul class=\"nav1st\">\';\r\n\r\n/* START 1st level categories */\r\nforeach (OOCategory::getRootCategories() as $lev1):\r\n	\r\n	$lev1->setClang($REX[CUR_CLANG]);\r\n	\r\n	if ($lev1->isOnline()):\r\n	\r\n		if ($lev1->getId() == $path1)\r\n		{\r\n			/* 1st level - active link */\r\n			echo \'<li class=\"active\"><a href=\"\'.$lev1->getUrl().\'\">\'.$lev1->getName().\'</a>\';\r\n		}else\r\n		{\r\n			/* 1st level - no active link */\r\n			echo \'<li><a href=\"\'.$lev1->getUrl().\'\">\'.$lev1->getName().\'</a>\';\r\n		}\r\n		\r\n		/* 1st level had categories? -> go on */\r\n		$lev1Size = sizeof($lev1->getChildren());\r\n		\r\n		if($lev1Size != \"0\"): \r\n\r\n			echo \'<ul class=\"nav2nd\">\';\r\n\r\n			/* START 2nd level categories */\r\n			foreach ($lev1->getChildren() as $lev2):\r\n\r\n				if ($lev2->isOnline()):\r\n	\r\n					if ($lev2->getId() == $path2)\r\n					{\r\n						/* 2nd level - active link */\r\n						echo \'<li class=\"active\"><a class=\"current\" href=\"\'.$lev2->getUrl().\'\">\'.$lev2->getName().\'</a>\';\r\n					}else\r\n					{\r\n						/* 2nd level - no active link */\r\n						echo \'<li><a href=\"\'.$lev2->getUrl().\'\">\'.$lev2->getName().\'</a>\';\r\n					}\r\n					\r\n					/* 2nd level had categories? -> go on */\r\n					$lev2Size = sizeof($lev2->getChildren());\r\n			\r\n					if($lev2Size != \"0\"):\r\n						echo \'<ul class=\"nav3rd\">\';\r\n					\r\n						/* START 3rd level categories */\r\n						foreach ($lev2->getChildren() as $lev3):\r\n							if ($lev3->isOnline()):\r\n								if ($lev3->getId() == $path3)\r\n								{\r\n									/* 3rd level - active link */\r\n									echo \'<li class=\"active\"><a class=\"current\" href=\"\'.$lev3->getUrl().\'\">\'.$lev3->getName().\'</a></li>\';\r\n								}else\r\n								{\r\n									/* 3rd level - no active link */\r\n									echo \'<li><a href=\"\'.$lev3->getUrl().\'\">\'.$lev3->getName().\'</a></li>\';\r\n								}\r\n							endif;\r\n						endforeach;\r\n						/* END 3rd level categories */\r\n			\r\n						echo \'</ul>\';\r\n					endif;\r\n\r\n					echo \'</li>\';\r\n				endif;\r\n			\r\n			endforeach;\r\n			/* END 2nd level categories */\r\n			\r\n			echo \'</ul>\';\r\n		endif;\r\n\r\n		echo \'</li>\';\r\n	endif;\r\nendforeach;\r\n/* END 1st level categories */\r\n\r\necho \'</ul>\';\r\n?>','','4','1','1117559843','1117559843','jan','jan');
INSERT INTO rex_article_slice VALUES ('10','0','0','6','Seit 16 Jahren handeln wir mit grossem Erfolg mit Laptops, Handheld und\r\nZubeh&ouml;r; wir f&uuml;hren Markenger&auml;te mit h&ouml;chstem Niveau wie Toshiba,\r\nCompaq, HP, IBM, Sony, Acer, Fujitsu-Siemens und vielen andere. <br />\r\n','','','','','','','','','','','','','','','','','','','','','','','','','','','','','','','','','','','','','','','','0','0','0','0','0','0','0','0','0','0','','','','','','','','','','','','','2','5','1118243742','1118243742','admin','admin');
INSERT INTO rex_article_slice VALUES ('11','0','0','10','Die Laptops pr&auml;sentieren wir - markenunabh&auml;ngig - in grosser Palette\r\nund zu g&uuml;nstigen Preisen in unserem bekannten Ladengesch&auml;ft im\r\nFrankfurter Zentrum; die Kaufberatung erfolgt in Deutsch oder Englisch.\r\nDie Laptops stehen zur sofortigen Mitnahme bereit, Zubeh&ouml;r ist vorr&auml;tig\r\noder wird f&uuml;r Sie bestellt und kurzfristig geliefert.<br />\r\n<br />\r\nBesondere Aufmerksamkeit verdient unser PCMCIA Karten und Peripherie\r\nAngebot wie Modem - LAN Karten ? ISDN ? GSM ? CD-Rom ? DVD ? externe\r\nFestplatten ? RAM-Erweiterungen und Service. Wir freuen uns &uuml;ber Ihre\r\nAnfragen, Ihren Besuch und danken f&uuml;r das uns seit vielen Jahren\r\nentgegengebrachte Vertrauen..','','','','','','','','','','','','','','','','','','','','','','','','','','','','','','','','','','','','','','','','0','0','0','0','0','0','0','0','0','0','','','','','','','','','','','','','2','12','1118243802','1118243802','admin','admin');
INSERT INTO rex_article_slice VALUES ('12','0','0','14','','','','','','','','','','','','','','','','','','','','','','','','','','','','','','','','','','','','','','','','','0','0','0','0','0','0','0','0','0','0','','','','','','','','','','','<br><?php\r\nif(!isset($FORM[send])){\r\n	$FORM[send] = \"\";	\r\n}\r\n\r\n$hoverthis = \"onfocus=\'this.style.backgroundColor=\\\"#e6e6e6\\\"\' onblur=\'this.style.backgroundColor=\\\"#fcfcfc\\\"\'\";\r\n\r\n$w_style	= \"style=\'color:#FF0000;\'\";\r\n$warning	= \"\";\r\n$korrektur	= \"<span  class=inputtlabel $w_style>Bitte korrigieren Sie die Rot gekennzeichneten Felder.</span><br>\";\r\n$danksagung = \"<span  class=inputtlabel>Vielen Dank, für Ihr Interesse, wir werden uns als bald als möglich mit Ihnen in Verbindung setzen.<br></span>\";\r\n$msg = \"\";\r\n\r\nif($FORM[send] != \"\"){\r\n\r\n			if(trim($FORM[vorname]) == \"\"){$warning[vorname] = $w_style;}\r\n			if(trim($FORM[name]) == \"\"){$warning[name] = $w_style;}\r\n			if(!ereg(\'^[-!#$%&\\\'*+\\\\./0-9=?A-Z^_`a-z{|}~]+\'.\'@\'.\'[-!#$%&\\\'*+\\\\./0-9=?A-Z^_`a-z{|}~]+\\.\'.\'[-!#$%&\\\'*+\\\\./0-9=?A-Z^_`a-z{|}~]+$\',$FORM[email])){$warning[email] = $w_style;}\r\n\r\n			if(is_array($warning)){\r\n				$FORM[send] = \"\";	\r\n				$msg		= $korrektur;\r\n			}else{				\r\n						\r\n$mailbody = \"\r\nGuten Tag \".$FORM[vorname].\" \".$FORM[name].\",\r\nvielen Dank für Ihre Nachricht an das Team von Lernidee Erlebnisreisen, die soeben bei uns\r\neingegangen ist.\r\nIhr Anliegen wird so bald wie möglich von unserem Team bearbeitet; zu Ihrer Kontrolle\r\nfinden Sie unten in dieser Mail den von Ihnen angegebenen Text. Für Rückfragen stehen wir\r\nIhnen derweil natürlich jederzeit gerne zur Verfügung.\r\n\r\nMit freundlichen Grüßen aus Berlin-Schöneberg,\r\n\r\nIhr Team von Lernidee Erlebnisreisen\r\n\r\n____________________________________\r\nAnrede: \".$FORM[anrede].\"\r\nVorname: \".$FORM[vorname].\"\r\nName: \".$FORM[name].\"\r\nStrasse/nr.: \".$FORM[strasse].\"\r\nPLZ: \".$FORM[plz].\"\r\nOrt: \".$FORM[ort].\" \r\nLand: \".$FORM[land].\"\r\nTelefon: \".$FORM[telefon].\"\r\nFax: \".$FORM[fax].\"\r\nE-Mail: \".$FORM[email].\"\r\n\r\nAnfrage:\r\n\".$FORM[sonstiges].\"\r\n____________________________________\r\n\r\n\r\nDiese Nachricht wurde von www.lernidee.de, der Internetseite des Berliner Reiseveranstalters\r\nLernidee Erlebnisreisen, versendet. Bei Fragen, Anmerkungen oder Beschwerden wenden Sie\r\nsich bitte an web-services@lernidee.\";\r\n		\r\n		/* Buchungsmail an Lernidee*/		\r\n		$subject = \"Nachricht an Lernidee Erlebnisreisen\";\r\n		$mail_to = \"jan@kristinus.de\";\r\n		$mail_from = $FORM[email];\r\n		\r\n		$mailbody_prefix = \"Anfrage über das Kontaktscript unter www.lernidee.de\\n\";\r\n		$mailbody_postfix = \"\\n\\n__________________________________\\nDiese Mail wurde Maschinell erstellt.\";\r\n		\r\n		$mail = new mime_mail();\r\n		$mail->from = $mail_from;\r\n		$mail->headers = \"Errors-To: \".$mail_to;\r\n		$mail->body = $mailbody_prefix.$mailbody.$mailbody_postfix;\r\n	    $mail->to = $mail_to;\r\n		$mail->subject = $subject;\r\n		$mail->prepare();\r\n		$mail->send();			\r\n		\r\n		/* Mail an den Kunden */\r\n		$subject = \"Ihre Nachricht an Lernidee Erlebnisreisen\";\r\n		$mail_to = $FORM[email];\r\n		$mail_from = \"team@lernidee.de\";\r\n		\r\n		$mailbody_prefix = \"\";\r\n		$mailbody_postfix = \"\";\r\n		\r\n		$mail = new mime_mail();\r\n		$mail->from = $mail_from;\r\n		$mail->headers = \"Errors-To: \".$mail_to;\r\n		$mail->body = $mailbody_prefix.$mailbody.$mailbody_postfix;\r\n	    $mail->to = $mail_to;\r\n		$mail->subject = $subject;\r\n		$mail->prepare();\r\n		$mail->send();		\r\n				\r\n				\r\n				\r\n				\r\n				\r\n				$msg  		= $danksagung;				\r\n			}	\r\n	\r\n	\r\n}\r\n\r\necho $msg;\r\n\r\nif($FORM[send] == \"\"){\r\necho \"	<table bordeR=0 cellspacing=0 cellpadding=0>\r\n		<form action=index.php method=post><input type=hidden name=article_id value=\'50\'>\r\n			<tr>\r\n				<td class=inputtlabel>Anrede</td>\r\n				<td><img src=pics/leer.gif widht=10px height=10px border=0 title=\'\' alt=\'\'></td>\r\n				<td ><input type=text $hoverthis name=FORM[anrede] value=\\\"\".stripslashes($FORM[anrede]).\"\\\" class=inputtext></td>\r\n			</tr>\r\n			\r\n			<tr>\r\n				<td class=inputtlabel \".$warning[vorname].\" >Vorname*</td>\r\n				<td><img src=pics/leer.gif widht=10px height=10px border=0 title=\'\' alt=\'\'></td>\r\n				<td ><input type=text $hoverthis name=FORM[vorname] value=\\\"\".stripslashes($FORM[vorname]).\"\\\" class=inputtext></td>\r\n			</tr>\r\n			\r\n			<tr>\r\n				<td class=inputtlabel \".$warning[name].\" >Name*</td>\r\n				<td><img src=pics/leer.gif widht=10px height=10px border=0 title=\'\' alt=\'\'></td>\r\n				<td ><input type=text $hoverthis name=FORM[name] value=\\\"\".stripslashes($FORM[name]).\"\\\" class=inputtext></td>\r\n			</tr>\r\n			\r\n			<tr>\r\n				<td class=inputtlabel \".$warning[strasse].\" >Strasse / Nr.</td>\r\n				<td><img src=pics/leer.gif widht=10px height=10px border=0 title=\'\' alt=\'\'></td>\r\n				<td ><input type=text $hoverthis name=FORM[strasse] value=\\\"\".stripslashes($FORM[strasse]).\"\\\" class=inputtext></td>\r\n			</tr>\r\n			\r\n			<tr>\r\n				<td class=inputtlabel \".$warning[plz].\" >PLZ</td>\r\n				<td><img src=pics/leer.gif widht=10px height=10px border=0 title=\'\' alt=\'\'></td>\r\n				<td ><input type=text $hoverthis name=FORM[plz] value=\\\"\".stripslashes($FORM[plz]).\"\\\" class=inputtext></td>\r\n			</tr>\r\n			\r\n			<tr>\r\n				<td class=inputtlabel \".$warning[ort].\" >Ort</td>\r\n				<td><img src=pics/leer.gif widht=10px height=10px border=0 title=\'\' alt=\'\'></td>\r\n				<td ><input type=text $hoverthis name=FORM[ort] value=\\\"\".stripslashes($FORM[ort]).\"\\\" class=inputtext></td>\r\n			</tr>\r\n			\r\n			<tr>\r\n				<td class=inputtlabel \".$warning[land].\" >Land</td>\r\n				<td><img src=pics/leer.gif widht=10px height=10px border=0 title=\'\' alt=\'\'></td>\r\n				<td ><input type=text $hoverthis name=FORM[land] value=\\\"\".stripslashes($FORM[land]).\"\\\" class=inputtext></td>\r\n			</tr>\r\n			\r\n			<tr>\r\n				<td class=inputtlabel \".$warning[telefon].\" >Telefon</td>\r\n				<td><img src=pics/leer.gif widht=10px height=10px border=0 title=\'\' alt=\'\'></td>\r\n				<td ><input type=text $hoverthis name=FORM[telefon] value=\\\"\".stripslashes($FORM[telefon]).\"\\\" class=inputtext></td>\r\n			</tr>\r\n			\r\n			<tr>\r\n				<td class=inputtlabel >Fax</td>\r\n				<td><img src=pics/leer.gif widht=10px height=10px border=0 title=\'\' alt=\'\'></td>\r\n				<td ><input type=text $hoverthis name=FORM[fax] value=\\\"\".stripslashes($FORM[fax]).\"\\\" class=inputtext></td>\r\n			</tr>\r\n			\r\n			<tr>\r\n				<td class=inputtlabel \".$warning[email].\" >E-Mail*</td>\r\n				<td><img src=pics/leer.gif widht=10px height=10px border=0 title=\'\' alt=\'\'></td>\r\n				<td ><input type=text $hoverthis name=FORM[email] value=\\\"\".stripslashes($FORM[email]).\"\\\" class=inputtext></td>\r\n			</tr>\r\n			<tr>\r\n				<td class=inputtlabel>Anfrage</td>\r\n				<td><img src=pics/leer.gif widht=10px height=10px border=0 title=\'\' alt=\'\'></td>\r\n				<td><textarea $hoverthis name=FORM[sonstiges] class=inputarea>\".stripslashes($FORM[sonstiges]).\"</textarea></td>\r\n				</tr>\r\n			<tr>\r\n				<td colspan=2>&nbsp;</td><td> <input type=submit name=FORM[send] value=\\\"Abschicken\\\" class=inputsubmit></td>\r\n			</tr></form>\r\n			</table>\";\r\n}\r\n?>\r\n','','5','1','1118245736','1118248025','admin','admin');
INSERT INTO rex_article_slice VALUES ('13','0','0','0','Kontakt','','','','','','','','','','','','','','','','','','','','','','','','','','','','','','','','','','','','','','','','0','0','0','0','0','0','0','0','0','0','','','','','','','','','','','','','5','6','1118247261','1118247261','admin','admin');
INSERT INTO rex_article_slice VALUES ('14','0','0','13','\r\nWir starten durch mit unserer neuen Webseite. Neues Design, einfachere Handhabung. Wir freuen uns auf Ihr Feedback.','','','','','','','','','','','','','','','','','','','','','','','','','','','','','','','','','','','','','','','','0','0','0','0','0','0','0','0','0','0','','','','','','','','','','','','','5','5','1118247283','1118247283','admin','admin');
INSERT INTO rex_article_slice VALUES ('15','0','0','0','Impressum','','','','','','','','','','','','','','','','','','','','','','','','','','','','','','','','','','','','','','','','0','0','0','0','0','0','0','0','0','0','','','','','','','','','','','','','6','6','1118248339','1118248339','admin','admin');
INSERT INTO rex_article_slice VALUES ('16','0','0','15','\r\n<p>Redaktionssystem (CMS) und Shopsystem<br />\r\n\r\nredaxo cms<br />\r\n<a href=\"http://www.redaxo.de\" target=\"_blank\">\r\nhttp://www.redaxo.de</a>\r\n<br />\r\n<a href=\"http://www.vierzwei.de\" target=\"_blank\"><br />\r\n</a></p>','','','','','','','','','','','','','','','','','','','','','','','','','','','','','','','','','','','','','','','','0','0','0','0','0','0','0','0','0','0','','','','','','','','','','','','','6','5','1118248490','1120472122','admin','jan');
INSERT INTO rex_article_slice VALUES ('17','0','0','4','','','','','','','','','','','','','','','','','','','','','','','','','','','','','','','','','','','','','','','','','0','0','0','0','0','0','0','0','0','0','','','','','','','','','','','','','21','13','1120038273','1120038273','admin','admin');
INSERT INTO rex_article_slice VALUES ('19','0','0','21','3','','','','','','','','','','','','','','','','','','','','','','','','','','','','','','','','','','','','','','','','0','0','0','0','0','0','0','0','0','0','','','','','','','','','','','','','16','14','1120053565','1120121852','admin','admin');
INSERT INTO rex_article_slice VALUES ('21','0','0','0','NOTEBOOKS','','','','','','','','','','','','','','','','','','','','','','','','','','','','','','','','','','','','','','','','0','0','0','0','0','0','0','0','0','0','','','','','','','','','','','','','16','6','1120121965','1120121965','admin','admin');
INSERT INTO rex_article_slice VALUES ('22','0','0','0','WARENKORB','','','','','','','','','','','','','','','','','','','','','','','','','','','','','','','','','','','','','','','','0','0','0','0','0','0','0','0','0','0','','','','','','','','','','','','','14','6','1120125052','1120125052','admin','admin');
INSERT INTO rex_article_slice VALUES ('23','0','0','22','','','','','','','','','','','','','','','','','','','','','','','','','','','','','','','','','','','','','','','','','0','0','0','0','0','0','0','0','0','0','','','','','','','','','','','<?php\r\n\r\n$anzahl			= 0;\r\n$sum    		= 0;\r\n$overallsum		= 0;\r\n$overallmwst	= 0;\r\n\r\n$output = \"\r\n		<div class=\\\"wkblock\\\">\r\n  			<div class=\\\"wkbild\\\"></div>\r\n			<div class=\\\"wktexte\\\">\r\n		        <div class=\\\"wkname\\\"><strong>Produktname</strong></div>\r\n		        <div class=\\\"wkanzahl\\\"><strong>Anzahl</strong></div>\r\n				<div class=\\\"wkpreis\\\"><strong>Preis</strong></div>\r\n				<div class=\\\"wksummepreis\\\"><strong>Summe</strong></div>\r\n			</div>\r\n			<div style=\\\"clear:both;\\\"></div>\r\n		</div>\";\r\n\r\n\r\nif(is_array($_SESSION[\'REX_WK\'])){\r\n\r\n    $anzahl_array = array_count_values($_SESSION[\'REX_WK\'][\'id\']);\r\n\r\n	for($i=0; $i<count($anzahl_array);$i++ ){\r\n\r\n		$wk_art = new shop_article(key($anzahl_array), $REX[CUR_LANG]);\r\n	\r\n 		if($wk_art->getImage() != \"\"){\r\n            $img = \"<img src=\\\"\".$REX[HTDOCS_PATH].\"index.php?rex_resize=75w__\".$wk_art->getImage().\"\\\" border=0 />\";\r\n		}else{\r\n			$img = \"\";\r\n 	 	}\r\n	\r\n		$overallsum	+= $anzahl_array[$wk_art->getId()]*$wk_art->getPrice();\r\n		$mwst = $wk_art->getPrice()*($wk_art->getTax()/(100+$wk_art->getTax()))*$anzahl_array[$wk_art->getId()];\r\n		$overallmwst += $mwst;\r\n	\r\n	    $output .= \"\r\n		<div class=\\\"wkblock\\\">\r\n  			<div class=\\\"wkbild\\\">\".$img.\"</div>\r\n			<div class=\\\"wktexte\\\">\r\n		        <div class=\\\"wkname\\\">\".$wk_art->getName().\"<br /><i>Art. Nr. \".$wk_art->getArticleNumber().\"</i></div>\r\n		        <div class=\\\"wkanzahl\\\">\r\n				<a href=\\\"\".rex_getUrl(\"REX_ARTICLE_ID\", $REX[CUR_CLANG]).\"&FORM[SUBFROMWK][id]=\".$wk_art->getId().\"\\\" >-</a>\r\n				\".$anzahl_array[$wk_art->getId()].\"\r\n                <a href=\\\"\".rex_getUrl(\"REX_ARTICLE_ID\", $REX[CUR_CLANG]).\"&FORM[ADDTOWK][id]=\".$wk_art->getId().\"&FORM[ADDTOWK][price]=\".$wk_art->getPrice().\"\\\" >+</a>\r\n				</div>\r\n				<div class=\\\"wkpreis\\\">\".number_format($wk_art->getPrice() ,2,\".\",\"\").\" €<br />(\".number_format($wk_art->getTax() ,1,\".\",\"\").\"% MwSt.)</div>\r\n				<div class=\\\"wksummepreis\\\">\".number_format($anzahl_array[$wk_art->getId()]*$wk_art->getPrice() ,2,\".\",\"\").\" €<br />(\".number_format($mwst ,2,\".\",\"\").\" €)</div>\r\n			</div>\r\n			<div style=\\\"clear:both;\\\"></div>\r\n		</div>\";\r\n		\r\n	\r\n		\r\n		next($anzahl_array);\r\n	}\r\n\r\n	if(count($anzahl_array)<=0){\r\n\r\n        $output .= \"<div class=\\\"wkblock\\\">\r\n					<div class=\\\"wkkeinprodukt\\\"><br /><strong>Es ist kein Produkt im Warenkorb enthalten.</strong><br /><br /></div>\r\n					<div style=\\\"clear:both;\\\"></div>\r\n					</div>\";\r\n\r\n 	}\r\n\r\n}\r\n\r\n	\r\n\r\n\r\n$output .= \"\r\n        <div class=\\\"wkblock\\\">\r\n				<div class=\\\"wkgesammtsummebez\\\"><strong>Summe</strong></div>\r\n				<div class=\\\"wkgesammtsumme\\\"><strong>\".number_format($overallsum ,2,\".\",\"\").\" €</strong></div>\r\n			<div style=\\\"clear:both;\\\"></div>\r\n		</div>\r\n		<div class=\\\"wkblock\\\">\r\n				<div class=\\\"wkgesammtsummebez\\\">(enthaltene MwSt.)</div>\r\n				<div class=\\\"wkgesammtsumme\\\">(\".number_format($overallmwst ,2,\".\",\"\").\" €)</div>\r\n			<div style=\\\"clear:both;\\\"></div>\r\n		</div>\r\n	 	<div class=\\\"wkblock\\\">\r\n				<div class=\\\"wknettoprodukt\\\"><br /><strong>Dieser Betrag entspricht Netto \".number_format(($overallsum-$overallmwst) ,2,\".\",\"\").\" €</strong></div>\r\n			<div style=\\\"clear:both;\\\"></div>\r\n		</div>\r\n		\";\r\n\r\nif(count($anzahl_array)>0){\r\n$output .= \"<div class=\\\"wkblock\\\">\r\n				<div class=\\\"wklinkbestellen\\\"><br /><a href=\\\"\".rex_getUrl(46, $REX[CUR_CLANG]).\"\\\" target=\\\"_self\\\" class=\\\"produktlink\\\">Bestellen</a></div>\r\n			<div style=\\\"clear:both;\\\"></div>\r\n			</div>\";\r\n}\r\n\r\necho $output;\r\n\r\n?>','','14','1','1120128227','1120140441','admin','admin');
INSERT INTO rex_article_slice VALUES ('24','0','0','25','','','','','','','','','','','','','','','','','','','','','','','','','','','','','','','','','','','','','','','','','0','0','0','0','0','0','0','0','0','0','','','','','','','','','','','<?php\r\n\r\n$anzahl			= 0;\r\n$sum    		= 0;\r\n$overallsum		= 0;\r\n$overallmwst	= 0;\r\n$mailoutput 	= \"\";\r\n\r\nif(is_array($_SESSION[\'REX_WK\'])){\r\n	$anzahl_array = array_count_values($_SESSION[\'REX_WK\'][\'id\']);\r\n}\r\n\r\nif(count($anzahl_array)>0){\r\n	$output = \"\r\n			<div class=\\\"wkblock\\\">\r\n	  			<div class=\\\"wkbild\\\"></div>\r\n				<div class=\\\"wktexte\\\">\r\n			        <div class=\\\"wkname\\\"><strong>Produktname</strong></div>\r\n			        <div class=\\\"wkanzahl\\\"><strong>Anzahl</strong></div>\r\n					<div class=\\\"wkpreis\\\"><strong>Preis</strong></div>\r\n					<div class=\\\"wksummepreis\\\"><strong>Summe</strong></div>\r\n				</div>\r\n				<div style=\\\"clear:both;\\\"></div>\r\n			</div>\";\r\n\r\n	for($i=0; $i<count($anzahl_array);$i++ ){\r\n\r\n		$wk_art = new shop_article(key($anzahl_array), $REX[CUR_LANG]);\r\n\r\n 		if($wk_art->getImage() != \"\"){\r\n            $img = \"<img src=\\\"\".$REX[HTDOCS_PATH].\"index.php?rex_resize=75w__\".$wk_art->getImage().\"\\\" border=0 />\";\r\n		}else{\r\n			$img = \"\";\r\n 	 	}\r\n\r\n		$overallsum	+= $anzahl_array[$wk_art->getId()]*$wk_art->getPrice();\r\n		$mwst = $wk_art->getPrice()*($wk_art->getTax()/(100+$wk_art->getTax()))*$anzahl_array[$wk_art->getId()];\r\n		$overallmwst += $mwst;\r\n\r\n	    $output .= \"\r\n		<div class=\\\"wkblock\\\">\r\n  			<div class=\\\"wkbild\\\">\".$img.\"</div>\r\n			<div class=\\\"wktexte\\\">\r\n		        <div class=\\\"wkname\\\">\".$wk_art->getName().\"<br /><i>Art. Nr. \".$wk_art->getArticleNumber().\"</i></div>\r\n		        <div class=\\\"wkanzahl\\\">\".$anzahl_array[$wk_art->getId()].\"</div>\r\n				<div class=\\\"wkpreis\\\">\".number_format($wk_art->getPrice() ,2,\".\",\"\").\" €<br />(\".number_format($wk_art->getTax() ,1,\".\",\"\").\"% MwSt.)</div>\r\n				<div class=\\\"wksummepreis\\\">\".number_format($anzahl_array[$wk_art->getId()]*$wk_art->getPrice() ,2,\".\",\"\").\" €<br />(\".number_format($mwst ,2,\".\",\"\").\" €)</div>\r\n			</div>\r\n			<div style=\\\"clear:both;\\\"></div>\r\n		</div>\";\r\n\r\n		$mailoutput .= \"Name: \".$wk_art->getName().\"\\n\";\r\n		$mailoutput .= \"Art. Nr.: \".$wk_art->getArticleNumber().\"\\n\";\r\n		$mailoutput .= \"MwSt.: \".number_format($wk_art->getTax() ,1,\".\",\"\").\"%\\n\";\r\n		$mailoutput .= \"Preis: \".number_format($wk_art->getPrice() ,2,\".\",\"\").\" €\\n\";\r\n		$mailoutput .= \"Anzahl: \".$anzahl_array[$wk_art->getId()].\"\\n\";\r\n		$mailoutput .= \"Summe: \".number_format($anzahl_array[$wk_art->getId()]*$wk_art->getPrice() ,2,\".\",\"\").\" €\\n\\n\";\r\n\r\n		next($anzahl_array);\r\n	}\r\n\r\n	$mailoutput .= \"Gesammtsumme: \".number_format($overallsum ,2,\".\",\"\").\" € \\n\";\r\n	$mailoutput .= \"(enthaltene MwSt.) \".number_format($overallmwst ,2,\".\",\"\").\" €\\n\\n\";\r\n	$mailoutput .= \"Dieser Betrag entspricht Netto \".number_format(($overallsum-$overallmwst) ,2,\".\",\"\").\" €\";\r\n\r\n	$output .= \"\r\n	        <div class=\\\"wkblock\\\">\r\n					<div class=\\\"wkgesammtsummebez\\\"><strong>Summe</strong></div>\r\n					<div class=\\\"wkgesammtsumme\\\"><strong>\".number_format($overallsum ,2,\".\",\"\").\" €</strong></div>\r\n				<div style=\\\"clear:both;\\\"></div>\r\n			</div>\r\n			<div class=\\\"wkblock\\\">\r\n					<div class=\\\"wkgesammtsummebez\\\">(enthaltene MwSt.)</div>\r\n					<div class=\\\"wkgesammtsumme\\\">(\".number_format($overallmwst ,2,\".\",\"\").\" €)</div>\r\n				<div style=\\\"clear:both;\\\"></div>\r\n			</div>\r\n		 	<div class=\\\"wkblock\\\">\r\n					<div class=\\\"wknettoprodukt\\\"><br /><strong>Dieser Betrag entspricht Netto \".number_format(($overallsum-$overallmwst) ,2,\".\",\"\").\" €</strong></div>\r\n				<div style=\\\"clear:both;\\\"></div>\r\n			</div>\r\n			\";\r\n\r\n\r\n}\r\n\r\n\r\nif(!isset($FORM[send])){\r\n	$FORM[send] = \"\";\r\n}\r\n\r\n$hoverthis = \"onfocus=\'this.style.backgroundColor=\\\"#e6e6e6\\\"\' onblur=\'this.style.backgroundColor=\\\"#fcfcfc\\\"\'\";\r\n\r\n$w_style	= \"style=\'color:#FF0000;\'\";\r\n$warning	= \"\";\r\n$korrektur	= \"<span  class=inputtlabel $w_style>Bitte korrigieren Sie die Rot gekennzeichneten Felder.</span><br>\";\r\n$danksagung = \"<span  class=inputtlabel>Vielen Dank, für Ihre Bestellung. Damit Sie ihre Bestellung nochmals prüfen können haben wir Ihnen eine E-Mail mit Ihrer Bestellung zugesandt.<br /></span>\";\r\n$msg = \"\";\r\n\r\nif($FORM[send] != \"\"){\r\n\r\n			if(trim($FORM[vorname]) == \"\"){$warning[vorname] = $w_style;}\r\n			if(trim($FORM[name]) == \"\"){$warning[name] = $w_style;}\r\n			if(trim($FORM[strasse]) == \"\"){$warning[strasse] = $w_style;}\r\n			if(trim($FORM[plz]) == \"\"){$warning[plz] = $w_style;}\r\n			if(trim($FORM[ort]) == \"\"){$warning[ort] = $w_style;}\r\n			if(trim($FORM[land]) == \"\"){$warning[land] = $w_style;}\r\n			if(trim($FORM[telefon]) == \"\"){$warning[telefon] = $w_style;}\r\n			if(!ereg(\'^[-!#$%&\\\'*+\\\\./0-9=?A-Z^_`a-z{|}~]+\'.\'@\'.\'[-!#$%&\\\'*+\\\\./0-9=?A-Z^_`a-z{|}~]+\\.\'.\'[-!#$%&\\\'*+\\\\./0-9=?A-Z^_`a-z{|}~]+$\',$FORM[email])){$warning[email] = $w_style;}\r\n\r\n			if(is_array($warning)){\r\n				$FORM[send] = \"\";\r\n				$msg		= $korrektur;\r\n			}else{\r\n\r\n$mailbody = \"\r\n\".$mailoutput.\"\r\n\r\nRechnungsadresse:\r\n____________________________________\r\nAnrede: \".$FORM[anrede].\"\r\nFirma: \".$FORM[firma].\"\r\nVorname: \".$FORM[vorname].\"\r\nName: \".$FORM[name].\"\r\nStrasse/nr.: \".$FORM[strasse].\"\r\nPLZ: \".$FORM[plz].\"\r\nOrt: \".$FORM[ort].\"\r\nLand: \".$FORM[land].\"\r\nTelefon: \".$FORM[telefon].\"\r\nFax: \".$FORM[fax].\"\r\nE-Mail: \".$FORM[email].\"\r\n____________________________________\r\n\r\n\r\nLieferadresse (falls abweichend):\r\n____________________________________\r\nFirma: \".$FORM[Lfirma].\"\r\nVorname: \".$FORM[Lvorname].\"\r\nName: \".$FORM[Lname].\"\r\nStrasse/nr.: \".$FORM[Lstrasse].\"\r\nPLZ: \".$FORM[Lplz].\"\r\nOrt: \".$FORM[Lort].\"\r\nLand: \".$FORM[Lland].\"\r\n____________________________________\r\n\";\r\n\r\n		$subject = \"Bestellung\";\r\n		$mail_to = \"fritz@pergopa.de\";\r\n		$mail_from = $FORM[email];\r\n\r\n		$mailbody_prefix = \"Eingegangene Bestellung:\\n\";\r\n		$mailbody_postfix = \"\\n\\n\";\r\n\r\n		$mail = new mime_mail();\r\n		$mail->from = $mail_from;\r\n		$mail->headers = \"Errors-To: \".$mail_to;\r\n		$mail->body = $mailbody_prefix.$mailbody.$mailbody_postfix;\r\n	    $mail->to = $mail_to;\r\n		$mail->subject = $subject;\r\n		$mail->prepare();\r\n		$mail->send();\r\n\r\n  		/* Mail an den Kunden */\r\n		$subject = \"Ihre Bestellung bei Laptop Galerie\";\r\n		$mail_to = $FORM[email];\r\n		$mail_from = $REX[error_emailaddress];\r\n\r\n		$mailbody_prefix = \"Vielen dank für Ihre Bestellung um fehler zu vermeiden hier nochmal Ihre Bestellung: \";\r\n		$mailbody_postfix = \"\\n\\nSollte es Unstimmigkeiten bei Ihrer Bestellung geben setzen Sie sich bitte mit uns in Verbindung.\\n\\n\";\r\n\r\n		$mail = new mime_mail();\r\n		$mail->from = $mail_from;\r\n		$mail->headers = \"Errors-To: \".$mail_to;\r\n		$mail->body = $mailbody_prefix.$mailbody.$mailbody_postfix;\r\n	    $mail->to = $mail_to;\r\n		$mail->subject = $subject;\r\n		$mail->prepare();\r\n		$mail->send();\r\n\r\n		echo  $danksagung;\r\n		$_SESSION[\'REX_WK\'][\'id\'] = array();\r\n		$_SESSION[\'REX_WK\'][\'price\'] = array();\r\n		}\r\n}\r\n\r\n\r\n\r\nif($FORM[send] == \"\"){\r\necho $output;\r\n\r\necho \"<br /><br />\r\n		<table bordeR=0 cellspacing=0 cellpadding=0>\r\n		<tr><td colspan=3><strong>Rechnungsadresse</strong></td></tr>\";\r\nif($msg!= \"\"){\r\n	echo \"<tr><td colspan=3><strong>\".$msg.\"</strong></td></tr>\";\r\n}\r\necho \"\r\n		<form action=index.php method=post><input type=hidden name=article_id value=\'REX_ARTICLE_ID\'>\r\n			<tr>\r\n				<td class=inputtlabel>Anrede</td>\r\n				<td><img src=pics/leer.gif widht=10px height=10px border=0 title=\'\' alt=\'\'></td>\r\n				<td><input type=text $hoverthis name=FORM[anrede] value=\\\"\".stripslashes($FORM[anrede]).\"\\\" class=produktinputtext></td>\r\n			</tr>\r\n\r\n            <tr>\r\n				<td class=inputtlabel \".$warning[firma].\" >Firma</td>\r\n				<td><img src=pics/leer.gif widht=10px height=10px border=0 title=\'\' alt=\'\'></td>\r\n				<td ><input type=text $hoverthis name=FORM[firma] value=\\\"\".stripslashes($FORM[firma]).\"\\\" class=produktinputtext></td>\r\n			</tr>\r\n\r\n			<tr>\r\n				<td class=inputtlabel \".$warning[vorname].\" >Vorname*</td>\r\n				<td><img src=pics/leer.gif widht=10px height=10px border=0 title=\'\' alt=\'\'></td>\r\n				<td ><input type=text $hoverthis name=FORM[vorname] value=\\\"\".stripslashes($FORM[vorname]).\"\\\" class=produktinputtext></td>\r\n			</tr>\r\n\r\n			<tr>\r\n				<td class=inputtlabel \".$warning[name].\" >Name*</td>\r\n				<td><img src=pics/leer.gif widht=10px height=10px border=0 title=\'\' alt=\'\'></td>\r\n				<td ><input type=text $hoverthis name=FORM[name] value=\\\"\".stripslashes($FORM[name]).\"\\\" class=produktinputtext></td>\r\n			</tr>\r\n\r\n			<tr>\r\n				<td class=inputtlabel \".$warning[strasse].\" >Strasse / Nr.*</td>\r\n				<td><img src=pics/leer.gif widht=10px height=10px border=0 title=\'\' alt=\'\'></td>\r\n				<td ><input type=text $hoverthis name=FORM[strasse] value=\\\"\".stripslashes($FORM[strasse]).\"\\\" class=produktinputtext></td>\r\n			</tr>\r\n\r\n			<tr>\r\n				<td class=inputtlabel \".$warning[plz].\" >PLZ*</td>\r\n				<td><img src=pics/leer.gif widht=10px height=10px border=0 title=\'\' alt=\'\'></td>\r\n				<td ><input type=text $hoverthis name=FORM[plz] value=\\\"\".stripslashes($FORM[plz]).\"\\\" class=produktinputtext></td>\r\n			</tr>\r\n\r\n			<tr>\r\n				<td class=inputtlabel \".$warning[ort].\" >Ort*</td>\r\n				<td><img src=pics/leer.gif widht=10px height=10px border=0 title=\'\' alt=\'\'></td>\r\n				<td ><input type=text $hoverthis name=FORM[ort] value=\\\"\".stripslashes($FORM[ort]).\"\\\" class=produktinputtext></td>\r\n			</tr>\r\n\r\n			<tr>\r\n				<td class=inputtlabel \".$warning[land].\" >Land*</td>\r\n				<td><img src=pics/leer.gif widht=10px height=10px border=0 title=\'\' alt=\'\'></td>\r\n				<td ><input type=text $hoverthis name=FORM[land] value=\\\"\".stripslashes($FORM[land]).\"\\\" class=produktinputtext></td>\r\n			</tr>\r\n\r\n			<tr>\r\n				<td class=inputtlabel \".$warning[telefon].\" >Telefon*</td>\r\n				<td><img src=pics/leer.gif widht=10px height=10px border=0 title=\'\' alt=\'\'></td>\r\n				<td ><input type=text $hoverthis name=FORM[telefon] value=\\\"\".stripslashes($FORM[telefon]).\"\\\" class=produktinputtext></td>\r\n			</tr>\r\n\r\n			<tr>\r\n				<td class=inputtlabel >Fax</td>\r\n				<td><img src=pics/leer.gif widht=10px height=10px border=0 title=\'\' alt=\'\'></td>\r\n				<td ><input type=text $hoverthis name=FORM[fax] value=\\\"\".stripslashes($FORM[fax]).\"\\\" class=produktinputtext></td>\r\n			</tr>\r\n\r\n			<tr>\r\n				<td class=inputtlabel \".$warning[email].\" >E-Mail*</td>\r\n				<td><img src=pics/leer.gif widht=10px height=10px border=0 title=\'\' alt=\'\'></td>\r\n				<td ><input type=text $hoverthis name=FORM[email] value=\\\"\".stripslashes($FORM[email]).\"\\\" class=produktinputtext></td>\r\n			</tr>\r\n\r\n            <tr><td colspan=3><img src=pics/leer.gif widht=10px height=10px border=0 title=\'\' alt=\'\'></td></tr>\r\n			<tr><td colspan=3><strong>Lieferadresse</strong> (Falls abweichend von der Rechnungsadresse)</td></tr>\r\n\r\n			<tr>\r\n				<td class=inputtlabel \".$warning[Lfirma].\" >Firma</td>\r\n				<td><img src=pics/leer.gif widht=10px height=10px border=0 title=\'\' alt=\'\'></td>\r\n				<td ><input type=text $hoverthis name=FORM[Lfirma] value=\\\"\".stripslashes($FORM[Lfirma]).\"\\\" class=produktinputtext></td>\r\n			</tr>\r\n\r\n			<tr>\r\n				<td class=inputtlabel \".$warning[Lvorname].\" >Vorname</td>\r\n				<td><img src=pics/leer.gif widht=10px height=10px border=0 title=\'\' alt=\'\'></td>\r\n				<td ><input type=text $hoverthis name=FORM[Lvorname] value=\\\"\".stripslashes($FORM[Lvorname]).\"\\\" class=produktinputtext></td>\r\n			</tr>\r\n\r\n			<tr>\r\n				<td class=inputtlabel \".$warning[Lname].\" >Name</td>\r\n				<td><img src=pics/leer.gif widht=10px height=10px border=0 title=\'\' alt=\'\'></td>\r\n				<td ><input type=text $hoverthis name=FORM[Lname] value=\\\"\".stripslashes($FORM[Lname]).\"\\\" class=produktinputtext></td>\r\n			</tr>\r\n\r\n			<tr>\r\n				<td class=inputtlabel \".$warning[Lstrasse].\" >Strasse / Nr.</td>\r\n				<td><img src=pics/leer.gif widht=10px height=10px border=0 title=\'\' alt=\'\'></td>\r\n				<td ><input type=text $hoverthis name=FORM[Lstrasse] value=\\\"\".stripslashes($FORM[Lstrasse]).\"\\\" class=produktinputtext></td>\r\n			</tr>\r\n\r\n			<tr>\r\n				<td class=inputtlabel \".$warning[Lplz].\" >PLZ</td>\r\n				<td><img src=pics/leer.gif widht=10px height=10px border=0 title=\'\' alt=\'\'></td>\r\n				<td ><input type=text $hoverthis name=FORM[Lplz] value=\\\"\".stripslashes($FORM[Lplz]).\"\\\" class=produktinputtext></td>\r\n			</tr>\r\n\r\n			<tr>\r\n				<td class=inputtlabel \".$warning[Lort].\" >Ort</td>\r\n				<td><img src=pics/leer.gif widht=10px height=10px border=0 title=\'\' alt=\'\'></td>\r\n				<td ><input type=text $hoverthis name=FORM[Lort] value=\\\"\".stripslashes($FORM[Lort]).\"\\\" class=produktinputtext></td>\r\n			</tr>\r\n\r\n			<tr>\r\n				<td class=inputtlabel \".$warning[Lland].\" >Land</td>\r\n				<td><img src=pics/leer.gif widht=10px height=10px border=0 title=\'\' alt=\'\'></td>\r\n				<td ><input type=text $hoverthis name=FORM[Lland] value=\\\"\".stripslashes($FORM[Lland]).\"\\\" class=produktinputtext></td>\r\n			</tr>\r\n\r\n			<td colspan=2>&nbsp;</td><td> <input type=submit name=FORM[send] value=\\\"Abschicken\\\" class=inputsubmit></td>\r\n			</tr></form>\r\n			</table>\";\r\n}\r\n?>\r\n','','46','1','1120141128','1120145624','admin','admin');
INSERT INTO rex_article_slice VALUES ('26','0','0','27','32','','','','','','','','','','','','','','','','','','','','','','','','','','','','','','','','','','','','','','','','0','0','0','0','0','0','0','0','0','0','','','','','','','','','','','','','32','13','1120146853','1120146875','admin','admin');
INSERT INTO rex_article_slice VALUES ('27','0','0','0','ZUBEHÖR / AKKU','','','','','','','','','','','','','','','','','','','','','','','','','','','','','','','','','','','','','','','','0','0','0','0','0','0','0','0','0','0','','','','','','','','','','','','','32','6','1120147018','1120147018','admin','admin');
INSERT INTO rex_article_slice VALUES ('28','0','0','0','SPECIALS / ZUBEHÖR','','','','','','','','','','','','','','','','','','','','','','','','','','','','','','','','','','','','','','','','0','0','0','0','0','0','0','0','0','0','','','','','','','','','','','','','31','6','1120147096','1120147096','admin','admin');
INSERT INTO rex_article_slice VALUES ('29','0','0','28','31','','','','','','','','','','','','','','','','','','','','','','','','','','','','','','','','','','','','','','','','0','0','0','0','0','0','0','0','0','0','','','','','','','','','','','','','31','13','1120147142','1120147142','admin','admin');
INSERT INTO rex_article_slice VALUES ('30','0','0','0','PDA / Asus','','','','','','','','','','','','','','','','','','','','','','','','','','','','','','','','','','','','','','','','0','0','0','0','0','0','0','0','0','0','','','','','','','','','','','','','44','6','1120147794','1120147794','admin','admin');
INSERT INTO rex_article_slice VALUES ('25','0','0','0','BESTELLUNG','','','','','','','','','','','','','','','','','','','','','','','','','','','','','','','','','','','','','','','','0','0','0','0','0','0','0','0','0','0','','','','','','','','','','','','','46','6','1120143008','1120143008','admin','admin');
INSERT INTO rex_article_slice VALUES ('31','0','0','30','100000000000000000','','','','','','','','','','','','','','','','','','','','','','','','','','','','','','','','','','','','','','','','0','0','0','0','0','0','0','0','0','0','','','','','','','','','','','','','44','13','1120147799','1120147799','admin','admin');
INSERT INTO rex_article_slice VALUES ('32','0','0','33','100000000000000000','','','','','','','','','','','','','','','','','','','','','','','','','','','','','','','','','','','','','','','','0','0','0','0','0','0','0','0','0','0','','','','','','','','','','','','','22','13','1120149503','1120149503','admin','admin');
INSERT INTO rex_article_slice VALUES ('33','0','0','0','NOTEBOOKS / ASUS','','','','','','','','','','','','','','','','','','','','','','','','','','','','','','','','','','','','','','','','0','0','0','0','0','0','0','0','0','0','','','','','','','','','','','','','22','6','1120149527','1120149533','admin','admin');
INSERT INTO rex_article_slice VALUES ('34','0','0','0','','','','','','','','','','','','','','','','','','','','','','','','','','','','','','','','','','','','','','','','','0','0','0','0','0','0','0','0','0','0','','','','','','','','','','','<!DOCTYPE html PUBLIC \"-//W3C//DTD XHTML 1.0 Transitional//EN\" \"http://www.w3.org/TR/2000/REC-xhtml1-20000126/DTD/xhtml1-transitional.dtd\">\r\n<html>\r\n<head>\r\n<title>Laptop Galerie</title>\r\n<link rel=stylesheet type=text/css href=./files/style.css>\r\n<link rel=stylesheet type=text/css href=./files/txt_style.css>\r\n<script language=Javascript src=js/standard.js></script>\r\n<style>\r\n.produktdetailbild{\r\n	display:block;\r\n	clear:both;\r\n}\r\n.produktdetailtextblock{\r\nmargin:0;\r\n}\r\n</style>\r\n</head>\r\n\r\n<body>\r\n\r\n\r\n<table width=100% cellpadding=15 cellspacing=0 border=0>\r\n<tr><td>Laptop-Galerie <a href=javascript:window.print(); class=\"produktlink\">Seite ausdrucken</a></td><td align=right><?\r\n\r\necho date(\"d. M Y\");\r\n\r\n?></td></tr>\r\n\r\n\r\n<tr><td colspan=2><script language=javascript>\r\n<!--\r\n\r\ndocument.write(opener.document.getElementById(\"print\").innerHTML);\r\n\r\n//-->\r\n</script></td></tr>\r\n\r\n<tr><td colspan=2>\r\n© Laptop Galerie - Zeil 115 - 60313 Frankfurt am Main - Tel: 069 44 70 77\r\n</td></tr>\r\n\r\n</table>\r\n</body>\r\n</html>','','52','1','1120459702','1120461227','admin','admin');
DROP TABLE IF EXISTS rex_article_type;
CREATE TABLE rex_article_type ( type_id int(11) NOT NULL  auto_increment, name varchar(255) NULL  , description text NULL  , PRIMARY KEY(type_id))TYPE=MyISAM;
INSERT INTO rex_article_type VALUES ('1','Standard','Zugriff für alle');
DROP TABLE IF EXISTS rex_clang;
CREATE TABLE rex_clang ( id int(11) NOT NULL DEFAULT 0  , name varchar(255) NULL  , PRIMARY KEY(id))TYPE=MyISAM;
INSERT INTO rex_clang VALUES ('0','deutsch');
DROP TABLE IF EXISTS rex_file;
CREATE TABLE rex_file ( file_id int(11) NOT NULL  auto_increment, re_file_id int(11) NULL DEFAULT 0  , category_id int(11) NULL DEFAULT 0  , filetype varchar(255) NULL  , filename varchar(255) NULL  , originalname varchar(255) NULL  , filesize varchar(255) NULL  , width int(11) NULL DEFAULT 0  , height int(11) NULL DEFAULT 0  , title varchar(255) NULL  , description text NULL  , copyright varchar(255) NULL  , createdate int(11) NULL DEFAULT 0  , updatedate int(11) NULL DEFAULT 0  , createuser varchar(255) NULL  , updateuser varchar(255) NULL  , PRIMARY KEY(file_id))TYPE=MyISAM;
INSERT INTO rex_file VALUES ('1','0','6','image/jpeg','head_dummy.jpg','head_dummy.jpg','29803','445','110','','','','1118221452','1118221452','admin','admin');
INSERT INTO rex_file VALUES ('2','0','5','image/gif','logo.gif','logo.gif','8961','200','110','','','','1118221484','1118221484','admin','admin');
INSERT INTO rex_file VALUES ('3','0','7','image/gif','but_blue.gif','but_blue.gif','521','10','10','','','','1118221708','1118221708','admin','admin');
INSERT INTO rex_file VALUES ('4','0','3','image/gif','but_green.gif','but_green.gif','309','10','10','','','','1118221712','1120214733','admin','admin');
INSERT INTO rex_file VALUES ('5','0','3','image/gif','but_orange.gif','but_orange.gif','304','10','10','','','','1118221716','1118221716','admin','admin');
INSERT INTO rex_file VALUES ('6','0','3','image/gif','pfeil_rechts.gif','pfeil_rechts.gif','115','6','11','','','','1118221723','1118221723','admin','admin');
INSERT INTO rex_file VALUES ('7','0','3','image/gif','warenkorb.gif','warenkorb.gif','2658','107','18','','','','1118221727','1118221727','admin','admin');
INSERT INTO rex_file VALUES ('8','0','8','text/css','style.css','style.css','6541','0','0','','','','1118227564','1120217648','admin','admin');
INSERT INTO rex_file VALUES ('9','0','8','text/css','txt_style.css','txt_style.css','405','0','0','','','','1118238840','1118238840','admin','admin');
INSERT INTO rex_file VALUES ('10','0','12','image/jpeg','acertravelmate3202xmi.jpg','AcerTravelMate3202XMi.jpg','11021','310','256','','','','1120036643','1120149335','admin','admin');
INSERT INTO rex_file VALUES ('11','0','12','image/jpeg','acertravelmate4601wlmi.jpg','AcerTravelMate4601WLMi.jpg','14798','310','290','','','','1120036885','1120149342','admin','admin');
INSERT INTO rex_file VALUES ('12','0','12','image/gif','acertravelmate2354lm.gif','ACERTravelmate2354LM.gif','22198','300','250','','','','1120037131','1120149348','admin','admin');
INSERT INTO rex_file VALUES ('15','0','14','image/gif','asusa620bt.gif','asusa620bt.gif','11616','300','250','','','','1120147723','1120149378','admin','admin');
INSERT INTO rex_file VALUES ('17','0','14','image/gif','asusa730.gif','aaa.gif','12955','229','300','','','','1120148051','1120149382','admin','admin');
INSERT INTO rex_file VALUES ('18','0','13','image/gif','asusa3823glh.gif','asusa3823glh.gif','34743','403','326','','','','1120149404','1120149845','admin','admin');
INSERT INTO rex_file VALUES ('19','0','13','image/jpeg','asus_nba6762_glh_200x200.jpg','ASUS_NBA6762_GLH_200x200.jpg','9095','200','200','','','','1120149990','1120150002','admin','admin');
INSERT INTO rex_file VALUES ('20','0','7','image/gif','warenkorb_1.gif','warenkorb.gif','2658','107','18','','','','1120205549','1120205549','admin','admin');
INSERT INTO rex_file VALUES ('27','0','7','image/gif','linie.gif','linie.gif','162','418','1','','','','1120216775','1120216775','admin','admin');
DROP TABLE IF EXISTS rex_file_category;
CREATE TABLE rex_file_category ( id int(11) NOT NULL  auto_increment, name varchar(255) NULL  , re_id int(11) NULL DEFAULT 0  , path varchar(255) NULL  , hide tinyint(4) NULL DEFAULT 0  , createdate int(11) NULL DEFAULT 0  , updatedate int(11) NULL DEFAULT 0  , createuser varchar(255) NULL  , updateuser varchar(255) NULL  , PRIMARY KEY(id))TYPE=MyISAM;
INSERT INTO rex_file_category VALUES ('3','01_Produktbilder','0','|','0','1118220737','1118220765','admin','admin');
INSERT INTO rex_file_category VALUES ('4','99_Allgemeines','0','|','0','1118220760','1118227545','admin','admin');
INSERT INTO rex_file_category VALUES ('5','01 Logo','4','|4|','0','1118221431','1118221684','admin','admin');
INSERT INTO rex_file_category VALUES ('6','02 Header','4','|4|','0','1118221437','1118221687','admin','admin');
INSERT INTO rex_file_category VALUES ('7','03 Hilfsgrafiken/Icons','4','|4|','0','1118221679','1118221679','admin','admin');
INSERT INTO rex_file_category VALUES ('8','04 Stylesheets','4','|4|','0','1118227553','1118227553','admin','admin');
INSERT INTO rex_file_category VALUES ('14','Asus','10','|3|10|','0','1120149373','1120149373','admin','admin');
INSERT INTO rex_file_category VALUES ('10','02 - PDA','3','|3|','0','1120147706','1120149365','admin','admin');
INSERT INTO rex_file_category VALUES ('11','01 - NOTEBOOKS','3','|3|','0','1120149292','1120149292','admin','admin');
INSERT INTO rex_file_category VALUES ('12','Acer','11','|3|11|','0','1120149313','1120149390','admin','admin');
INSERT INTO rex_file_category VALUES ('13','Asus','11','|3|11|','0','1120149320','1120149320','admin','admin');
DROP TABLE IF EXISTS rex_help;
CREATE TABLE rex_help ( id int(11) NOT NULL  auto_increment, page varchar(255) NULL  , name varchar(255) NULL  , description text NULL  , comment text NULL  , lang varchar(255) NULL  , PRIMARY KEY(id))TYPE=MyISAM;
DROP TABLE IF EXISTS rex_kalender;
CREATE TABLE rex_kalender ( id int(4) NOT NULL  auto_increment, kalender_nid char(1) NOT NULL  , kalender_id varchar(10) NOT NULL  , titel varchar(100) NOT NULL  , text text NOT NULL  , optionen_1 varchar(50) NOT NULL  , optionen_2 varchar(50) NOT NULL  , link varchar(50) NOT NULL  , status tinyint(1) NOT NULL DEFAULT 0  , PRIMARY KEY(id))TYPE=MyISAM;
DROP TABLE IF EXISTS rex_module_action;
CREATE TABLE rex_module_action ( id int(11) NOT NULL  auto_increment, module_id int(11) NULL DEFAULT 0  , action_id int(11) NULL DEFAULT 0  , PRIMARY KEY(id))TYPE=MyISAM;
DROP TABLE IF EXISTS rex_modultyp;
CREATE TABLE rex_modultyp ( id int(5) NOT NULL  auto_increment, label varchar(255) NULL  , name varchar(255) NULL  , category_id int(11) NOT NULL DEFAULT 0  , ausgabe text NULL  , bausgabe text NULL  , eingabe text NULL  , func text NULL  , php_enable tinyint(1) NOT NULL DEFAULT 0  , html_enable tinyint(1) NOT NULL DEFAULT 0  , perm_category text NULL  , createuser varchar(255) NULL  , updateuser varchar(255) NULL  , createdate int(11) NULL DEFAULT 0  , updatedate int(11) NULL DEFAULT 0  , PRIMARY KEY(id,category_id,php_enable,html_enable))TYPE=MyISAM;
INSERT INTO rex_modultyp VALUES ('1','','00.01 - php','0','REX_PHP','','PHP:<br>\r\n<textarea name=INPUT_PHP cols=80 rows=20 class=inp100>REX_PHP</textarea>\r\n<br><br>','','0','0','','','','0','0');
INSERT INTO rex_modultyp VALUES ('5','','02.02 - Text [WYSIWYG]','0','<div class=content>REX_HTML_VALUE[1]</div>','','Bitte gib den Text ein der zu Sehen sein soll:<br>\r\n<?php\r\n\r\n$a = new rex_wysiwyg_editor();\r\n$a->buttonrow1 = \"styleselect,separator,bold,italic,separator,bullist,numlist,link,linkHack,unlink,insertEmail,separator,removeformat,pasteRichtext,code,separator,visualaid,charmap\";\r\n$a->buttonrow2 = \" \";\r\n$a->buttonrow3 = \" \";\r\n$a->buttonrow4 = \" \";\r\n$a->stylesheet = \"../files/txt_style.css\";\r\n$a->content = \"REX_VALUE[1]\";\r\n$a->id = 1;\r\n$a->show();\r\n\r\n?>','','0','0','','','','0','0');
INSERT INTO rex_modultyp VALUES ('12','','03.01 - Bild mit Text','0','<div class=content><div class=pic><img src=<? echo $REX[HTDOCS_PATH]; ?>files/REX_FILE[1] width=160></div><div class=text>REX_HTML_VALUE[1]</div></div>','','Bild/Grafik/Foto 160x130 Pixel:\r\n<br>REX_MEDIA_BUTTON[1]\r\n\r\n<br><br>Text:<br>\r\n<?php\r\n\r\n$a = new rex_wysiwyg_editor();\r\n$a->buttonrow1 = \"styleselect,separator,bold,italic,separator,bullist,numlist,link,linkHack,unlink,insertEmail,separator,removeformat,pasteRichtext,code,separator,visualaid,charmap\";\r\n$a->buttonrow2 = \" \";\r\n$a->buttonrow3 = \" \";\r\n$a->buttonrow4 = \" \";\r\n$a->stylesheet = \"/files/txt_style.css\";\r\n$a->content = \"REX_VALUE[1]\";\r\n$a->id = 1;\r\n$a->show();\r\n\r\n?>','','0','0','','','','0','0');
INSERT INTO rex_modultyp VALUES ('6','','02.01 - Headline','0','<div class=headline>REX_VALUE[1]</div>','','Headline:\r\n<br><input type=text size=30 name=VALUE[1] value=\"REX_VALUE[1]\" class=inp100>\r\n<br><br>\r\n\r\n','','0','0','','','','0','0');
INSERT INTO rex_modultyp VALUES ('13','','04.00 - Produktliste','0','<?php\r\n\r\n$output = \"\";\r\n\r\n\r\n\r\nif(is_array($FORM) && array_key_exists(\"detail\", $FORM)){\r\n\r\n	if($arti = new shop_article($FORM[detail], $REX[CUR_CLANG])){\r\n\r\n        $output .= \"<div id=print>\r\n		<div class=\\\"produktdetailbildblock\\\">\r\n			<div class=\\\"produktdetailname\\\"><span class=\\\"subline\\\">\".$arti->getName().\"</span></div>\";\r\n\r\n        if($arti->getImage() != \"\"){\r\n            $output .= \"<div class=\\\"produktdetailbild\\\"><img src=\\\"\".$REX[HTDOCS_PATH].\"files/\".$arti->getImage().\"\\\" border=0 /></div>\";\r\n            $size = @getimagesize($REX[HTDOCS_PATH].\"files/\".$arti->getImage());\r\n			$height = $size[1]-55;\r\n		}else{\r\n			$height= 0;\r\n  		}\r\n\r\n\r\n		$output .= \"\r\n		    <div class=\\\"produktdetailtextblock\\\" style=\\\"margin:\".$height.\"px 0px 0px 0px;\\\">\r\n		    <div class=\\\"produktdetailpreis\\\"><strong>Preis</strong> <span class=\\\"produktlink\\\">\".number_format($arti->getPrice(),2,\".\",\"\").\" €</span></div>\r\n		    <div class=\\\"produktdetailartikelnummer\\\"><strong>Best.Nr.:</strong> <span class=\\\"produktlink\\\">\".$arti->getArticleNumber().\"</span></div>\r\n		    <div class=\\\"produktdetailwkllink\\\"><a href=\\\"\".rex_getUrl(\"REX_ARTICLE_ID\", $REX[CUR_CLANG]).\"&FORM[detail]=\".$arti->getId().\"&FORM[ADDTOWK][id]=\".$arti->getId().\"&FORM[ADDTOWK][price]=\".$arti->getPrice().\"\\\" target=\\\"_self\\\" class=\\\"warenkorblink\\\"><img src=\\\"\".$REX[HTDOCS_PATH].\"files/warenkorb.gif\\\" border=0 /></a></div>\r\n		    </div>\r\n		    <div style=\\\"clear:both;\\\"></div>\r\n        </div>\r\n        <div class=\\\"produktdetailblock\\\">\r\n			<div class=\\\"produktdetaildescription\\\">\".nl2br($arti->getDescription()).\"<br /><br /></div>\r\n			<div class=\\\"produktdetaildescription\\\"><span class=\\\"produktlink\\\"><strong>Details:</strong></span><br />\".nl2br($arti->getDetail()).\"</div>\r\n		    \r\n		</div>\r\n		</div>\r\n		<div class=\\\"produktdetaildetaillink\\\"><a href=\\\"#\\\" target=\\\"_self\\\" class=\\\"produktlink\\\" onclick=\\\"newWindow(\'Druckversion\',\'\".rex_getUrl(52, $REX[CUR_CLANG]).\"#ancor\".$arti->getId().\"\',500,400,\'scroll\')\\\"><img src=\\\"\".$REX[HTDOCS_PATH].\"files/but_blue.gif\\\" border=0/> Seite Drucken</a>&nbsp;&nbsp;&nbsp;&nbsp;<a href=\\\"\".rex_getUrl(\"REX_ARTICLE_ID\", $REX[CUR_CLANG]).\"#ancor\".$arti->getId().\"\\\" target=\\\"_self\\\" class=\\\"produktlink\\\"><img src=\\\"\".$REX[HTDOCS_PATH].\"files/but_blue.gif\\\" border=0/> zur &Uuml;bersicht</a></div>\";\r\n\r\n	}\r\n\r\n\r\n\r\n\r\n}else{\r\n	$shopcat = new shop_category();\r\n	$articles = $shopcat->getArticleList($REX[CUR_CLANG], \"REX_ARTICLE_ID\", false);\r\n\r\n	foreach($articles as $k=>$v){\r\n\r\n		$output .= \"\r\n	    <div class=\\\"produktlisteblock\\\"><a name=ancor\".$v->getId().\"></a>\r\n        <div class=\\\"produktlistebild\\\">\";\r\n\r\n        if($v->getImage() != \"\"){\r\n            $output .= \"<a href=\\\"\".rex_getUrl(\"REX_ARTICLE_ID\", $REX[CUR_CLANG]).\"&FORM[detail]=\".$v->getId().\"\\\" target=\\\"_self\\\"><img src=\\\"\".$REX[HTDOCS_PATH].\"index.php?rex_resize=150w__\".$v->getImage().\"\\\" border=0 /></a>\";\r\n		}\r\n\r\n		$output .= \"</div>\r\n		<div class=\\\"produktlistetexte\\\">\r\n			<div class=\\\"produktlistename\\\"><span class=\\\"subline\\\">\".$v->getName().\"</span></div>\r\n			<div class=\\\"produktlistedescription\\\">\".$v->getDescription().\"</div>\r\n		    <div class=\\\"produktlistepreis\\\"><strong>Preis</strong> <span class=\\\"produktlink\\\">\".number_format($v->getPrice(),2,\".\",\"\").\" €</span></div>\r\n		    <div class=\\\"produktlisteartikelnummer\\\"><strong>Best.Nr.:</strong> <span class=\\\"produktlink\\\">\".$v->getArticleNumber().\"</span></div>\r\n		</div>\r\n		</div>\r\n		<div style=\\\"clear:both;\\\"></div>\r\n  		<div class=\\\"produktlistedetaillink\\\"><a href=\\\"\".rex_getUrl(\"REX_ARTICLE_ID\", $REX[CUR_CLANG]).\"&FORM[detail]=\".$v->getId().\"\\\" target=\\\"_self\\\" class=\\\"produktlink\\\"><img src=\\\"\".$REX[HTDOCS_PATH].\"files/but_blue.gif\\\" border=0/> Details</a>&nbsp;&nbsp;&nbsp;<a href=\\\"\".rex_getUrl(\"REX_ARTICLE_ID\", $REX[CUR_CLANG]).\"&FORM[ADDTOWK][id]=\".$v->getId().\"&FORM[ADDTOWK][price]=\".$v->getPrice().\"#ancor\".$v->getId().\"\\\" target=\\\"_self\\\"  class=\\\"produktlink\\\"><img src=\\\"\".$REX[HTDOCS_PATH].\"files/but_orange.gif\\\" border=0 /> in den Warenkorb</a></div>\r\n       	<img src=\\\"\".$REX[HTDOCS_PATH].\"files/linie.gif\\\" border=0 class=\\\"trenner\\\" />\r\n	\";\r\n\r\n\r\n	}\r\n}\r\necho $output;\r\necho \"\";\r\n\r\n\r\n?>','','<?php\r\nfunction add_cat_options( &$select, &$cat, &$cat_ids, $groupName = \'\') {\r\n    if( empty( $cat)) {\r\n        return;\r\n    }\r\n\r\n    $cat_ids[] = $cat->getId();\r\n    $select->add_option($cat->getName(),$cat->getId(), $groupName);\r\n    $childs = $cat->getChildren();\r\n\r\n    if ( is_array( $childs)) {\r\n        foreach ( $childs as $child) {\r\n            add_cat_options( $select, $child, $cat_ids, $cat->getName());\r\n        }\r\n    }\r\n}\r\n\r\n$selected = \"REX_VALUE[1]\";\r\nif($selected == \"\"){\r\n	$selected = \"REX_ARTICLE_ID\";\r\n}\r\n\r\n$sel_cat = new select;\r\n$sel_cat->set_style(\"width:100%;\");\r\n$sel_cat->set_size(1);\r\n$sel_cat->set_name(\"VALUE[1]\");\r\n$sel_cat->set_selected($selected);\r\n$STYLE= \"onchange=\'document.forms.catsearch.submit();\'\";\r\n$sel_cat->add_option(\"Bitte eine Kategorie auswählen\",\"100000000000000000\");\r\n\r\n$cat_ids = array();\r\nif ($rootCats = OOCategory::getRootCategories())\r\n{\r\n	foreach( $rootCats as $rootCat) {\r\n	    add_cat_options( $sel_cat, $rootCat, $cat_ids);\r\n	}\r\n}\r\n\r\necho \"Bitte eine Produktkategorie auswählen:<br />\";\r\necho $sel_cat->out().\"<br /><br />\";\r\n\r\n?>\r\n','','0','0','','','','0','0');
INSERT INTO rex_modultyp VALUES ('14','','05.00 - Produktteaser','0','<?php\r\n\r\n$output = \"\";\r\nif($arti = new shop_article(\"REX_VALUE[1]\", $REX[CUR_CLANG])){\r\n	if($arti->getStatus() == 1){\r\n        $output .= \"\r\n	    <div class=\\\"produktteaserblock\\\">\r\n	        <div class=\\\"produktteaserbild\\\">\";\r\n\r\n        if($arti->getImage() != \"\"){\r\n            $output .= \"<img src=\\\"\".$REX[HTDOCS_PATH].\"index.php?rex_resize=75w__\".$arti->getImage().\"\\\"  border=0 />\";\r\n		}\r\n\r\n		$output .= \"</div>\r\n		<div class=\\\"produktteasertexte\\\">\r\n			<div class=\\\"produktteasername\\\"><span class=\\\"subline\\\">\".$arti->getName().\"</span></div>\r\n			<div class=\\\"produktteaserdescription\\\">\".nl2br($arti->getDescription()).\"</div>\r\n		   <div class=\\\"produktlistepreis\\\"><strong>Preis</strong> <span class=\\\"produktlink\\\">\".number_format($arti->getPrice(),2,\".\",\"\").\" €</span></div>\r\n		    <div class=\\\"produktlisteartikelnummer\\\"><strong>Best.Nr.:</strong> <span class=\\\"produktlink\\\">\".$arti->getArticleNumber().\"</span></div>\r\n		    \r\n			<!--<div class=\\\"produktteaserdetaillink\\\"><a href=\\\"\".rex_getUrl(current($arti->getCategories()), $REX[CUR_CLANG]).\"&FORM[detail]=\".$arti->getId().\"\\\" target=\\\"_self\\\" class=\\\"produktlink\\\">zum Produkt >></a></div>//-->\r\n		    <div style=\\\"clear:both;\\\"></div>\r\n		</div>\r\n		<div style=\\\"clear:both;\\\"></div>\r\n		<div class=\\\"produktlistedetaillink\\\"><a href=\\\"\".rex_getUrl(current($arti->getCategories()), $REX[CUR_CLANG]).\"&FORM[detail]=\".$arti->getId().\"\\\" target=\\\"_self\\\" class=\\\"produktlink\\\"><img src=\\\"\".$REX[HTDOCS_PATH].\"files/but_blue.gif\\\" border=0/> Details</a></div>\r\n		</div>\";\r\n	}\r\n}\r\necho $output;\r\n?>','','<?php\r\n$cats = new shop_category();\r\n\r\n$articles = $cats->getArticleList($REX[CUR_CLANG], \"\", false);\r\n\r\n$sel_cat = new select;\r\n$sel_cat->set_style(\"width:100%;\");\r\n$sel_cat->set_size(1);\r\n$sel_cat->set_name(\"VALUE[1]\");\r\n$sel_cat->add_option(\"Bitte ein Produkt auswählen\",\"\");\r\nforeach($articles as $k=>$v){\r\n\r\n    $sel_cat->add_option($v->getName().\"|\".$v->getArticleNumber(), $v->getId());\r\n\r\n}\r\n$sel_cat->set_selected(\"REX_VALUE[1]\");\r\necho \"Bitte eine Produkt auswählen:<br />\";\r\necho $sel_cat->out().\"<br /><br />\";\r\n\r\n?>\r\n','','0','0','','','','0','0');
DROP TABLE IF EXISTS rex_template;
CREATE TABLE rex_template ( id int(5) NOT NULL  auto_increment, label varchar(255) NULL  , name varchar(255) NULL  , content text NULL  , bcontent text NULL  , active tinyint(1) NULL DEFAULT 0  , date timestamp(14) NULL  , createuser varchar(255) NULL  , updateuser varchar(255) NULL  , createdate int(11) NULL DEFAULT 0  , updatedate int(11) NULL DEFAULT 0  , PRIMARY KEY(id))TYPE=MyISAM;
INSERT INTO rex_template VALUES ('1','','01.01 Default','<?\r\n\r\nsession_start();\r\n\r\n?><!DOCTYPE html PUBLIC \"-//W3C//DTD XHTML 1.0 Transitional//EN\" \"http://www.w3.org/TR/2000/REC-xhtml1-20000126/DTD/xhtml1-transitional.dtd\">\r\n<html>\r\n<?\r\n\r\nsetlocale(LC_ALL,\"de_DE\");\r\n\r\n?>\r\n<head>\r\n<title>DemoShop - <? echo $this->getValue(\"name\"); ?></title>\r\n<link rel=stylesheet type=text/css href=files/style.css>\r\n<link rel=stylesheet type=text/css href=/txt_style.css>\r\n<script language=Javascript src=js/standard.js></script>\r\n</head>\r\n\r\n<body>\r\n\r\n<table width=885 border=0 cellpadding=0 cellspacing=0>\r\n\r\n<tr>\r\n <td><img src=files/logo.gif width=200 height=110></td>\r\n <td><img src=pics/leer.gif width=10 height=1></td>\r\n <td valign=top style=\'background-image:url(files/head_dummy.jpg);\'><? include $REX[INCLUDE_PATH].\"/generated/templates/6.template\"; ?></td>\r\n <td><img src=pics/leer.gif width=10 height=1></td>\r\n <td bgcolor=#003A6D><img src=pics/leer.gif width=220 height=1></td>\r\n</tr>\r\n\r\n<tr><td colspan=5><img src=pics/leer.gif width=10 height=3></td></tr>\r\n\r\n<tr>\r\n <td valign=top bgcolor=#dfdfdf rowspan=2><? include $REX[INCLUDE_PATH].\"/generated/templates/2.template\"; ?><? include $REX[INCLUDE_PATH].\"/generated/templates/7.template\"; ?></td>\r\n <td rowspan=2><img src=pics/leer.gif width=10 height=450></td>\r\n <td valign=top><? echo $this->getArticle(); ?></td>\r\n <td rowspan=2></td>\r\n <td valign=top bgcolor=#ededed rowspan=2><div id=news><? $a = new article(); $a->setArticleId(47); echo $a->getArticle(); ?></div></td>\r\n</tr>\r\n\r\n<tr>\r\n<td valign=bottom><br><table width=100% cellpadding=0 cellspacing=0 border=0><tr><td style=\'background-color:#FFA500; border-bottom: 1px solid white; height:20px\'>&nbsp;</td></tr><tr><td style=\'background-color:#003A6D; color:#ffffff; height:20px\'><div class=smalltxt>&copy; DemoShop - 60313 Frankfurt am Main - Tel: 069 44 70 77</div></td></tr></table></td>\r\n</tr>\r\n\r\n</table>\r\n\r\n\r\n\r\n<br style=\"clear:both;\" />\r\n\r\n</body>\r\n</html>','','1','20050704121254','','','0','0');
INSERT INTO rex_template VALUES ('2','','02.01 - Produktnavi','<div id=produktuebersicht>Produktübersicht</div><?php\r\n\r\n// Pfad auslesen und als Array speichern\r\n$PATH = explode(\"|\",$this->getValue(\"path\").$this->getValue(\"article_id\").\"|\");\r\n$path1 = $PATH[1];\r\n$path2 = $PATH[2];\r\n$path3 = $PATH[3];\r\n$path4 = $PATH[4];\r\n$path5 = $PATH[5];\r\n$path6 = $PATH[6];\r\n\r\n// erst ebene ul starten\r\necho \'<ul class=\"produl\">\';\r\n\r\n/* START 1st level categories */\r\n\r\nforeach (OOCategory::getChildrenById(13) as $lev1):\r\n	\r\n	$lev1->setClang($REX[CUR_CLANG]);\r\n	\r\n	if ($lev1->isOnline()):\r\n	\r\n		if ($lev1->getId() == $path2)\r\n		{\r\n			/* 1st level - active link */\r\n			echo \'<li class=\"prodlia\"><a href=\"\'.$lev1->getUrl().\'\">\'.$lev1->getName().\'</a>\';\r\n		}else\r\n		{\r\n			/* 1st level - no active link */\r\n			echo \'<li class=\"prodlip\"><a href=\"\'.$lev1->getUrl().\'\">\'.$lev1->getName().\'</a>\';\r\n		}\r\n		\r\n		/* 1st level had categories? -> go on */\r\n		$lev1Size = sizeof($lev1->getChildren());\r\n		\r\n		if($lev1Size != \"0\" && $lev1->getId() == $path2): \r\n\r\n			// echo \'<ul class=\"nav2nd\">\';\r\n\r\n			/* START 2nd level categories */\r\n			foreach ($lev1->getChildren() as $lev2):\r\n\r\n				if ($lev2->isOnline()):\r\n	\r\n					if ($lev2->getId() == $path3)\r\n					{\r\n						/* 2nd level - active link */\r\n						echo \'<li class=\"prodlia2\"><a href=\"\'.$lev2->getUrl().\'\">\'.$lev2->getName().\'</a>\';\r\n					}else\r\n					{\r\n						/* 2nd level - no active link */\r\n						echo \'<li class=\"prodlip2\"><a href=\"\'.$lev2->getUrl().\'\">\'.$lev2->getName().\'</a>\';\r\n					}\r\n					\r\n					/* 2nd level had categories? -> go on */\r\n					$lev2Size = sizeof($lev2->getChildren());\r\n			\r\n					if($lev2Size != \"0\" && $lev2->getId() == $path3):\r\n						// echo \'<ul class=\"nav3rd\">\';\r\n					\r\n						/* START 3rd level categories */\r\n						foreach ($lev2->getChildren() as $lev3):\r\n							if ($lev3->isOnline()):\r\n								if ($lev3->getId() == $path4)\r\n								{\r\n									/* 3rd level - active link */\r\n									echo \'<li class=\"prodlia3\"><a href=\"\'.$lev3->getUrl().\'\">\'.$lev3->getName().\'</a></li>\';\r\n								}else\r\n								{\r\n									/* 3rd level - no active link */\r\n									echo \'<li class=\"prodlip3\"><a href=\"\'.$lev3->getUrl().\'\">\'.$lev3->getName().\'</a></li>\';\r\n								}\r\n							endif;\r\n						endforeach;\r\n						/* END 3rd level categories */\r\n			\r\n						// echo \'</ul>\';\r\n					endif;\r\n\r\n					echo \'</li>\';\r\n				endif;\r\n			\r\n			endforeach;\r\n			/* END 2nd level categories */\r\n			\r\n			// echo \'</ul>\';\r\n		endif;\r\n\r\n		echo \'</li>\';\r\n	endif;\r\nendforeach;\r\n/* END 1st level categories */\r\n\r\necho \'</ul>\';\r\n?><br>','','0','20050628125903','','','0','0');
INSERT INTO rex_template VALUES ('6','','02.02 - Top Navi','<img src=pics/leer.gif width=445 height=85><br><?php\r\n\r\n$PATH = explode(\"|\",$this->getValue(\"path\").$this->getValue(\"article_id\").\"|\");\r\n$path1 = $PATH[1];\r\n\r\necho \'<div class=topnavi>\';\r\nforeach (OOCategory::getRootCategories() as $lev1):\r\n	$lev1->setClang($REX[CUR_CLANG]);\r\n	if ($lev1->isOnline()):\r\n		if ($lev1->getId() == $path1)\r\n		{\r\n			echo \'<a href=\"\'.$lev1->getUrl().\'\" class=linktopa>\'.$lev1->getName().\'</a>\';\r\n		}else\r\n		{\r\n			echo \'<a href=\"\'.$lev1->getUrl().\'\" class=linktopp>\'.$lev1->getName().\'</a>\';\r\n		}\r\n		echo \'\';\r\n	endif;\r\nendforeach;\r\necho \'</div>\';\r\n\r\n?>','','0','20050704120539','','','0','0');
INSERT INTO rex_template VALUES ('7','','04.01 - Warenkorb','<?php\r\n\r\n$anzahl	= 0;\r\n$sum    = 0;\r\n\r\nif($FORM[\'ADDTOWK\'][\'id\']!= \"\"){\r\n\r\n	$_SESSION[\'REX_WK\'][\'id\'][] = $FORM[\'ADDTOWK\'][\'id\'];\r\n	$_SESSION[\'REX_WK\'][\'price\'][] = $FORM[\'ADDTOWK\'][\'price\'];\r\n\r\n}\r\n\r\nif($FORM[\'SUBFROMWK\'][\'id\']!= \"\"){\r\n\r\n	if(is_array($_SESSION[\'REX_WK\'][\'id\'])){\r\n		$hit = \"\";\r\n\r\n		$hit = array_search($FORM[\'SUBFROMWK\'][\'id\'], $_SESSION[\'REX_WK\'][\'id\']);\r\n\r\n		if($hit > -1){\r\n			unset ($_SESSION[\'REX_WK\'][\'id\'][$hit]);\r\n			unset ($_SESSION[\'REX_WK\'][\'price\'][$hit]);\r\n  		}\r\n\r\n 	}\r\n\r\n}\r\n\r\n\r\nif(is_array($_SESSION[\'REX_WK\'])){\r\n\r\n	for($i=0; $i<count($_SESSION[\'REX_WK\'][\'id\']);$i++ ){\r\n\r\n		$sum += current($_SESSION[\'REX_WK\'][\'price\']);\r\n		$anzahl++;\r\n		next($_SESSION[\'REX_WK\'][\'price\']);\r\n\r\n	}\r\n\r\n}\r\n\r\nif($this->getValue(\"article_id\") != 14 && $this->getValue(\"article_id\") != 46):\r\n	echo \"\r\n	<div class=warenkorbhl>Warenkorb</div>\r\n	<div class=warenkorbinhalt>bereits im Warenkorb: \".$anzahl.\" Produkte</div>\r\n	<div class=warenkorbsumme>Summe: \".number_format($sum,2,\".\",\"\").\" EUR</div>\r\n	<div class=warenkorbeinsehen><a href=\".rex_getUrl(14).\">Warenkorb einsehen</a></div>\";\r\n\r\n	//echo var_dump($_SESSION[\'REX_WK\']);\r\n	\r\nendif;\r\n?>\r\n','','0','20050630175113','','','0','0');
