## Redaxo Database Dump Version 3.1 
DROP TABLE IF EXISTS rex_2_group;
CREATE TABLE rex_2_group ( id int(11) NOT NULL  auto_increment, name varchar(255) NOT NULL  , extras text NOT NULL  , PRIMARY KEY(id))TYPE=MyISAM;
DROP TABLE IF EXISTS rex_2_u_g;
CREATE TABLE rex_2_u_g ( id int(11) NOT NULL  auto_increment, user_id int(11) NOT NULL DEFAULT 0  , group_id int(11) NOT NULL DEFAULT 0  , PRIMARY KEY(id))TYPE=MyISAM;
DROP TABLE IF EXISTS rex_2_user;
CREATE TABLE rex_2_user ( id int(11) NOT NULL  auto_increment, user_login varchar(255) NOT NULL  , user_password varchar(255) NOT NULL  , user_name varchar(255) NOT NULL  , user_firstname varchar(255) NOT NULL  , user_gender char(1) NOT NULL  , user_birthdate varchar(255) NOT NULL  , user_eyecolor varchar(255) NOT NULL  , user_haircolor varchar(255) NOT NULL  , user_street varchar(255) NOT NULL  , user_plz varchar(255) NOT NULL  , user_town varchar(255) NOT NULL  , user_phone varchar(255) NOT NULL  , user_mobile varchar(255) NOT NULL  , user_email varchar(255) NOT NULL  , user_icq varchar(255) NOT NULL  , user_aim varchar(255) NOT NULL  , user_msn varchar(255) NOT NULL  , user_skype varchar(255) NOT NULL  , user_private_data_public int(11) NOT NULL DEFAULT 0  , company_name varchar(255) NOT NULL  , company_department varchar(255) NOT NULL  , company_operating_field varchar(255) NOT NULL  , company_street varchar(255) NOT NULL  , company_plz varchar(255) NOT NULL  , company_town varchar(255) NOT NULL  , company_phone varchar(255) NOT NULL  , company_mobile varchar(255) NOT NULL  , company_email varchar(255) NOT NULL  , company_data_public int(11) NOT NULL DEFAULT 0  , personally_positive_characteristics text NOT NULL  , personally_negaitve_characteristics text NOT NULL  , personally_hobby text NOT NULL  , personally_favorite_place text NOT NULL  , personally_slogan text NOT NULL  , personally_data_public int(11) NOT NULL DEFAULT 0  , info_newsletter int(11) NOT NULL DEFAULT 0  , info_mail int(11) NOT NULL DEFAULT 0  , user_status int(11) NOT NULL DEFAULT 0  , user_typ int(11) NOT NULL DEFAULT 0  , user_file1 varchar(255) NOT NULL  , user_file2 varchar(255) NOT NULL  , login_activation int(11) NOT NULL DEFAULT 0  , activation_key varchar(255) NOT NULL  , PRIMARY KEY(id))TYPE=MyISAM;
INSERT INTO rex_2_user VALUES ('1','tb','tb','','','w','','','','','','','','','','','','','','1','','','','','','','','','','1','','','','','','1','0','0','1','2','','','1','');
DROP TABLE IF EXISTS rex_action;
CREATE TABLE rex_action ( id int(11) NOT NULL  auto_increment, name varchar(255) NOT NULL  , action text NOT NULL  , prepost tinyint(4) NOT NULL DEFAULT 0  , sadd tinyint(4) NOT NULL DEFAULT 0  , sedit tinyint(4) NOT NULL DEFAULT 0  , sdelete tinyint(4) NOT NULL DEFAULT 0  , PRIMARY KEY(id))TYPE=MyISAM;
INSERT INTO rex_action VALUES ('1','rexname','<?\r\n\r\n$newname = \"\";\r\nfor ($c=0;$c<99;$c++) {\r\n	$newname .= $rexname[$c].\"~~\";\r\n}\r\n\r\nif ($REX_ACTION[VALUE][1] != \"\") {\r\n	$rexname = split(\"~~\",$REX_ACTION[VALUE][1]);\r\n}\r\nelse {\r\n	$REX_ACTION[VALUE][1] = $newname;\r\n}\r\n\r\n?>','0','1','1','0');
INSERT INTO rex_action VALUES ('2','rexname','<?\r\n\r\n$newname = \"\";\r\nfor ($c=0;$c<99;$c++) {\r\n	$newname .= $rexname[$c].\"~~\";\r\n}\r\n\r\nif ($REX_ACTION[VALUE][1] != \"\") {\r\n	$rexname = split(\"~~\",$REX_ACTION[VALUE][1]);\r\n}\r\nelse {\r\n	$REX_ACTION[VALUE][1] = $newname;\r\n}\r\n\r\n?>','1','1','1','0');
DROP TABLE IF EXISTS rex_article;
CREATE TABLE rex_article ( pid int(11) NOT NULL  auto_increment, id int(11) NOT NULL DEFAULT 0  , re_id int(11) NOT NULL DEFAULT 0  , name varchar(255) NOT NULL  , catname varchar(255) NOT NULL  , cattype int(11) NOT NULL DEFAULT 0  , catprior int(11) NOT NULL DEFAULT 0  , alias varchar(255) NOT NULL  , description text NOT NULL  , attribute text NOT NULL  , file text NOT NULL  , type_id int(11) NOT NULL DEFAULT 1  , teaser tinyint(4) NOT NULL DEFAULT 0  , startpage tinyint(1) NOT NULL DEFAULT 0  , prior int(11) NOT NULL DEFAULT 0  , path varchar(255) NOT NULL  , status tinyint(1) NOT NULL DEFAULT 0  , online_from int(11) NOT NULL DEFAULT 0  , online_to int(11) NOT NULL DEFAULT 0  , createdate int(11) NOT NULL DEFAULT 0  , updatedate int(11) NOT NULL DEFAULT 0  , keywords text NOT NULL  , template_id int(11) NOT NULL DEFAULT 0  , clang int(11) NOT NULL DEFAULT 0  , createuser varchar(255) NOT NULL  , updateuser varchar(255) NOT NULL  , fe_user text NOT NULL  , fe_group text NOT NULL  , fe_ext text NOT NULL  , PRIMARY KEY(pid))TYPE=MyISAM;
INSERT INTO rex_article VALUES ('1','1','0','Home','Home','0','1','','','','','1','0','1','1','|','1','1133262837','1262300400','1133262837','1133313946','','1','0','thomas','dergel','','','');
INSERT INTO rex_article VALUES ('2','2','0','News','News','0','2','','','','','1','0','1','1','|','1','1133262842','1262300400','1133262842','1133277474','','1','0','thomas','thomas','','','');
INSERT INTO rex_article VALUES ('3','3','0','Über uns','Über uns','0','3','','','','','1','0','1','1','|','1','1133262860','1262300400','1133262860','1133312595','','1','0','thomas','thomas','','','');
INSERT INTO rex_article VALUES ('4','4','0','Sachsen','Sachsen','0','4','','','','','2','0','1','1','|','1','1133218800','1262300400','1133262892','1137751281','','1','0','thomas','thomas','','','');
INSERT INTO rex_article VALUES ('5','5','0','Regionen','Regionen','0','5','','','','','1','0','1','1','|','1','1133262903','1262300400','1133262903','1133277514','','1','0','thomas','thomas','','','');
INSERT INTO rex_article VALUES ('6','6','0','Tourismus','Tourismus','0','6','','','','','1','0','1','1','|','1','1133262911','1262300400','1133262911','1133314199','','1','0','thomas','dergel','','','');
INSERT INTO rex_article VALUES ('7','7','0','Impressum','Impressum','0','8','','','','','1','0','1','1','|','0','1133262920','1262300400','1133262920','1133297599','','1','0','thomas','thomas','','','');
INSERT INTO rex_article VALUES ('8','8','0','Sitemap','Sitemap','0','9','','','','','1','0','1','1','|','0','1133262930','1262300400','1133262930','1133286369','','1','0','thomas','thomas','','','');
INSERT INTO rex_article VALUES ('10','10','5','Elbtalkessel','Elbtalkessel','0','1','','','','','1','0','1','1','|5|','1','1133268778','1262300400','1133268778','1133268817','','1','0','thomas','thomas','','','');
INSERT INTO rex_article VALUES ('9','9','5','Sächsische Schweiz','Sächsische Schweiz','0','3','','','','','1','0','1','1','|5|','1','1133268670','1262300400','1133268670','1133271737','','1','0','thomas','thomas','','','');
INSERT INTO rex_article VALUES ('11','11','5','Erzgebirge','Erzgebirge','0','2','','','','','1','0','1','1','|5|','1','1133268792','1262300400','1133268792','1133269055','','1','0','thomas','thomas','','','');
INSERT INTO rex_article VALUES ('12','12','5','Sächsisches Elbland','Sächsisches Elbland','0','4','','','','','1','0','1','1','|5|','1','1133268808','1262300400','1133268808','1133268819','','1','0','thomas','thomas','','','');
INSERT INTO rex_article VALUES ('13','13','0','Kontakt','Kontakt','0','7','','','','','1','0','1','1','|','1','1133269045','1262300400','1133269045','1133314179','','1','0','thomas','dergel','','','');
INSERT INTO rex_article VALUES ('14','14','2','051130','051130','0','0','','','','','1','0','0','3','|2|','1','1133275826','1262300400','1133275826','1133311966','','1','0','thomas','thomas','','','');
INSERT INTO rex_article VALUES ('15','15','2','051129','051129','0','0','','','','','1','0','0','2','|2|','1','1133276114','1262300400','1133276114','1133300275','','1','0','thomas','thomas','','','');
INSERT INTO rex_article VALUES ('16','16','4','Dresden','Dresden','0','1','','','','','1','0','1','1','|4|','1','1133278956','1262300400','1133278956','1133295503','','1','0','thomas','kills','','','');
INSERT INTO rex_article VALUES ('17','17','4','Pirna','Pirna','0','2','','','','','1','0','1','1','|4|','1','1133278962','1262300400','1133278962','1133296337','','1','0','thomas','kills','','','');
INSERT INTO rex_article VALUES ('18','18','4','Leipzig','Leipzig','0','3','','','','','1','0','1','1','|4|','1','1133278969','1262300400','1133278969','1133278972','','1','0','thomas','thomas','','','');
INSERT INTO rex_article VALUES ('19','19','4','Meißen','Meißen','0','4','','','','','1','0','1','1','|4|','1','1133278985','1262300400','1133278985','1133278988','','1','0','thomas','thomas','','','');
INSERT INTO rex_article VALUES ('20','20','0','Fehlerseite','Fehlerseite','0','0','','','','','1','0','0','1','|','0','1137751356','1262300400','1137751356','1137751679','','1','0','thomas','thomas','','','');
DROP TABLE IF EXISTS rex_article_slice;
CREATE TABLE rex_article_slice ( id int(11) NOT NULL  auto_increment, clang int(11) NOT NULL DEFAULT 0  , ctype int(11) NOT NULL DEFAULT 0  , re_article_slice_id int(11) NOT NULL DEFAULT 0  , value1 text NOT NULL  , value2 text NOT NULL  , value3 text NOT NULL  , value4 text NOT NULL  , value5 text NOT NULL  , value6 text NOT NULL  , value7 text NOT NULL  , value8 text NOT NULL  , value9 text NOT NULL  , value10 text NOT NULL  , value11 text NOT NULL  , value12 text NOT NULL  , value13 text NOT NULL  , value14 text NOT NULL  , value15 text NOT NULL  , value16 text NOT NULL  , value17 text NOT NULL  , value18 text NOT NULL  , value19 text NOT NULL  , value20 text NOT NULL  , file1 varchar(255) NOT NULL  , file2 varchar(255) NOT NULL  , file3 varchar(255) NOT NULL  , file4 varchar(255) NOT NULL  , file5 varchar(255) NOT NULL  , file6 varchar(255) NOT NULL  , file7 varchar(255) NOT NULL  , file8 varchar(255) NOT NULL  , file9 varchar(255) NOT NULL  , file10 varchar(255) NOT NULL  , filelist1 text NOT NULL  , filelist2 text NOT NULL  , filelist3 text NOT NULL  , filelist4 text NOT NULL  , filelist5 text NOT NULL  , filelist6 text NOT NULL  , filelist7 text NOT NULL  , filelist8 text NOT NULL  , filelist9 text NOT NULL  , filelist10 text NOT NULL  , link1 int(11) NOT NULL DEFAULT 0  , link2 int(11) NOT NULL DEFAULT 0  , link3 int(11) NOT NULL DEFAULT 0  , link4 int(11) NOT NULL DEFAULT 0  , link5 int(11) NOT NULL DEFAULT 0  , link6 int(11) NOT NULL DEFAULT 0  , link7 int(11) NOT NULL DEFAULT 0  , link8 int(11) NOT NULL DEFAULT 0  , link9 int(11) NOT NULL DEFAULT 0  , link10 int(11) NOT NULL DEFAULT 0  , linklist1 text NOT NULL  , linklist2 text NOT NULL  , linklist3 text NOT NULL  , linklist4 text NOT NULL  , linklist5 text NOT NULL  , linklist6 text NOT NULL  , linklist7 text NOT NULL  , linklist8 text NOT NULL  , linklist9 text NOT NULL  , linklist10 text NOT NULL  , php text NOT NULL  , html text NOT NULL  , article_id int(11) NOT NULL DEFAULT 0  , modultyp_id int(11) NOT NULL DEFAULT 0  , createdate int(11) NOT NULL DEFAULT 0  , updatedate int(11) NOT NULL DEFAULT 0  , createuser varchar(255) NOT NULL  , updateuser varchar(255) NOT NULL  , PRIMARY KEY(id,re_article_slice_id,article_id,modultyp_id))TYPE=MyISAM;
INSERT INTO rex_article_slice VALUES ('1','0','0','0','Sitemap','h1','','','','','','','','','','','','','','','','','','','','','','','','','','','','','','','','','','','','','','','0','0','0','0','0','0','0','0','0','0','','','','','','','','','','','','','8','2','1133263073','1133263073','thomas','thomas');
INSERT INTO rex_article_slice VALUES ('2','0','0','1','','','','','','','','','','','','','','','','','','','','','','','','','','','','','','','','','','','','','','','','','0','0','0','0','0','0','0','0','0','0','','','','','','','','','','','','','8','11','1133263079','1133263079','thomas','thomas');
INSERT INTO rex_article_slice VALUES ('41','0','0','0','Nehmen Sie Kontakt auf!','h1','','','','','','','','','','','','','','','','','','','','','','','','','','','','','','','','','','','','','','','0','0','0','0','0','0','0','0','0','0','','','','','','','','','','','','','13','2','1133310533','1133310533','thomas','thomas');
INSERT INTO rex_article_slice VALUES ('4','0','0','0','Regionen Sachsens','h1','','','','','','','','','','','','','','','','','','','','','','','','','','','','','','','','','','','','','','','0','0','0','0','0','0','0','0','0','0','','','','','','','','','','','','','5','2','1133270513','1133270513','thomas','thomas');
INSERT INTO rex_article_slice VALUES ('5','0','0','4','diese Seite verwendet das *Modul “Categorylist”*.\r\n\r\nHier erfahren Sie mehr über die Regionen von Sachsen.\r\n\r\n*Bitte wählen Sie:*','','','','','','','','l','','','','','','','','','','','','','','','','','','','','','','','','','','','','','','','','0','0','0','0','0','0','0','0','0','0','','','','','','','','','','','','','5','1','1133270550','1133277514','thomas','thomas');
INSERT INTO rex_article_slice VALUES ('6','0','0','5','','','','','','','','','','','','','','','','','','','','','','','','','','','','','','','','','','','','','','','','','0','0','0','0','0','0','0','0','0','0','','','','','','','','','','','','','5','10','1133270556','1133270556','thomas','thomas');
INSERT INTO rex_article_slice VALUES ('7','0','0','0','Die sächsische Schweiz','h1','','','','','','','','','','','','','','','','','','','','','','','','','','','','','','','','','','','','','','','0','0','0','0','0','0','0','0','0','0','','','','','','','','','','','','','9','2','1133271027','1133271027','thomas','thomas');
INSERT INTO rex_article_slice VALUES ('8','0','0','7','h2. Ich bin Blindtext. \r\n\r\nVon Geburt an. Es hat lange gedauert, bis ich begriffen habe, was es bedeutet, ein \r\n\r\nh2. blinder Text \r\n\r\nzu sein: Man macht *keinen Sinn*. Man wirkt hier und da aus dem Zusammenhang gerissen. Oft wird man gar nicht erst gelesen. Aber bin ich deshalb ein schlechter Text? Ich weiß, daß ich nie die Chance haben werde, im Stern zu erscheinen. Aber bin ich darum weniger wichtig? Ich bin blind! Aber ich bin gerne Text. Und sollten Sie mich jetzt tatsächlich zu Ende lesen, dann habe ich etwas geschafft, was den meisten \"normalen\" Texten nicht gelingt...','Sächsische Schweiz','Sächsische Schweiz','','','','','','l','','','','','','','','','','','','saechs_schweiz_01.jpg','','','','','','','','','','','','','','','','','','','','0','0','0','0','0','0','0','0','0','0','','','','','','','','','','','','','9','1','1133271062','1133271707','thomas','thomas');
INSERT INTO rex_article_slice VALUES ('9','0','0','8','h2. I am a dummy copy. \r\n\r\nAnd I´ve been a dummy copy since my birth. It took me a long time to realize what it means to be a dummy copy: you make no sense. You stand out now and then by being completely out of context. Often, you aren´t even read at all. But does that make me a bad copy? I know that I´ll never stand a chance of appearing in the Economist. But does that make me any less important? I´m a dummy! But I enjoy being a copy. And should you now decide to carry on reading me to the end, I´ll have managed to achieve something most \"normal\" copies don´t achieve.','Sächsische Schweiz','Sächsische Schweiz','','','','','','r','','','','','','','','','','','','saechs_schweiz_01.jpg','','','','','','','','','','','','','','','','','','','','0','0','0','0','0','0','0','0','0','0','','','','','','','','','','','','','9','1','1133271737','1133271737','thomas','thomas');
INSERT INTO rex_article_slice VALUES ('10','0','0','0','Neuigkeiten in und über Sachsen','h1','','','','','','','','','','','','','','','','','','','','','','','','','','','','','','','','','','','','','','','0','0','0','0','0','0','0','0','0','0','','','','','','','','','','','','','2','2','1133273288','1133273288','thomas','thomas');
INSERT INTO rex_article_slice VALUES ('11','0','0','20','3','20','','','','','','','','','','','','','','','','','','','','','','','','','','','','','','','','','','','','','','','0','0','0','0','0','0','0','0','0','0','','','','','','','','','','','','','2','7','1133273301','1133273301','thomas','thomas');
INSERT INTO rex_article_slice VALUES ('12','0','0','0','Das Redaxo Team...','h1','','','','','','','','','','','','','','','','','','','','','','','','','','','','','','','','','','','','','','','0','0','0','0','0','0','0','0','0','0','','','','','','','','','','','','','3','2','1133273757','1133312595','thomas','thomas');
INSERT INTO rex_article_slice VALUES ('13','0','0','12','... möchte hier auch an dieser Stelle einmal Danke für die vielen Anregungen, Kritiken, Ideen, Bugmeldungen, Wünsche usw sagen.\r\n\r\nh2. Es sagen Danke\r\n\r\n*Jan Kristinus* [pergopa] - dergel\r\n\"www.pergopa.de\":http://pergopa.de\r\n\r\n*Carsten Eckelmann* [circle42] - careck\r\n\"www.circle42.com\":http://carsten.circle42.com\r\n\r\n*Wolfgang Huttegger* [vscope new media] - vscope\r\n\"www.vscope.at\":http://vscope.at\r\n\r\n*Markus Staab* [public-4u] - kills\r\n\"www.public-4u.de\":http://public-4u.de\r\n\r\n*Peter Wolfrum* [goldfischclub] - goldfisch\r\n\"www.goldfischclub.de\":http://goldfischclub.de\r\n\r\n*Dagmar Uttich* [mzuri] - dag\r\n\"www.mzuri.de\":http://mzuri.de\r\n\r\n*Thomas Blum* [blumbeet] - tbaddade\r\n\"www.blumbeet.com\":http://blumbeet.com','','','','','','','','l','','','','','','','','','','','','','','','','','','','','','','','','','','','','','','','','0','0','0','0','0','0','0','0','0','0','','','','','','','','','','','','','3','1','1133274542','1133312580','thomas','thomas');
INSERT INTO rex_article_slice VALUES ('14','0','0','15','Die Seite verwendet die *Module \"Externer Link\", \"Interner Link\" und \"Download\"*.\r\n\r\nSeit heute gibt es eine neue Version des CMS Redaxo. Auch \"Sachsen erleben\" basiert auf dem gleichnamigen Content Management System.','','','','','','','','l','','','','','','','','','','','','','','','','','','','','','','','','','','','','','','','','0','0','0','0','0','0','0','0','0','0','','','','','','','','','','','','','14','1','1133275901','1133295909','thomas','kills');
INSERT INTO rex_article_slice VALUES ('15','0','0','0','Neue Redaxo Version 3.1','h1','','','','','','','','','','','','','','','','','','','','','','','','','','','','','','','','','','','','','','','0','0','0','0','0','0','0','0','0','0','','','','','','','','','','','','','14','2','1133275917','1133275917','thomas','thomas');
INSERT INTO rex_article_slice VALUES ('16','0','0','26','zurück zur Übersicht','','','','','','','','','','','','','','','','','','','','','','','','','','','','','','','','','','','','','','','','2','0','0','0','0','0','0','0','0','0','','','','','','','','','','','','','14','5','1133276005','1133276005','thomas','thomas');
INSERT INTO rex_article_slice VALUES ('17','0','0','14','http://redaxo.de/3-0-downloadredaxode.html','Hier gibt es den Download der neusten Version','','','','','','','','','','','','','','','','','','','','','','','','','','','','','','','','','','','','','','','0','0','0','0','0','0','0','0','0','0','','','','','','','','','','','','','14','4','1133276058','1133278320','thomas','thomas');
INSERT INTO rex_article_slice VALUES ('18','0','0','0','Neue Demo fertig','h1','','','','','','','','','','','','','','','','','','','','','','','','','','','','','','','','','','','','','','','0','0','0','0','0','0','0','0','0','0','','','','','','','','','','','','','15','2','1133276127','1133276127','thomas','thomas');
INSERT INTO rex_article_slice VALUES ('19','0','0','18','Wir haben heute endlich geschafft die neue Demo anzulegen. Für Anregungen und Kritiken sind wir gerne offen. Bitte postet dazu eure Meinungen in das \"Forum unter Wunschliste.\":http://forum.redaxo.de/viewforum.php?f=5 Falls Ihr einen Fehler entdeckt, bitte meldet diesen im \"Bug-Forum.\":http://forum.redaxo.de/viewforum.php?f=6 Hilfe bekommt ihr im \"Forum\":http://forum.redaxo.de oder aber auch im \"IRC Channel (Chat).\":http://forum.redaxo.de/viewtopic.php?t=298\r\n\r\nVielen Dank das\r\n\r\nRedaxo Team','','','','','','','','l','','','','','','','','','','','','','','','','','','','','','','','','','','','','','','','','0','0','0','0','0','0','0','0','0','0','','','','','','','','','','','','','15','1','1133276524','1133300275','thomas','thomas');
INSERT INTO rex_article_slice VALUES ('20','0','0','10','diese Seite verwendet das *Modul \"Teaser\"*.','','','','','','','','l','','','','','','','','','','','','','','','','','','','','','','','','','','','','','','','','0','0','0','0','0','0','0','0','0','0','','','','','','','','','','','','','2','1','1133276900','1133277474','thomas','thomas');
INSERT INTO rex_article_slice VALUES ('21','0','0','19','zurück zur Übersicht','','','','','','','','','','','','','','','','','','','','','','','','','','','','','','','','','','','','','','','','2','0','0','0','0','0','0','0','0','0','','','','','','','','','','','','','15','5','1133276937','1133276937','thomas','thomas');
INSERT INTO rex_article_slice VALUES ('22','0','0','0','Geschafft. Die Demo läuft.','h1','','','','','','','','','','','','','','','','','','','','','','','','','','','','','','','','','','','','','','','0','0','0','0','0','0','0','0','0','0','','','','','','','','','','','','','1','2','1133277000','1133277000','thomas','thomas');
INSERT INTO rex_article_slice VALUES ('23','0','0','22','Hallo und herzlich willkommen bei REDAXO.\r\n\r\nDiese kleine Demo soll euch zeigen, wie REDAXO arbeitet.\r\n\r\nMöchtet ihr eine *horizontale und eine vertikale Navigation*, so setzt im default Template einfach die Variable *navTemplateID auf 3*.\r\nSoll die Webseite komplett über eine *vertikale Navigation* verfügen, so setzt die Variable *navTemplateID auf 2*.\r\nWenn ihr das getan habt, solltet ihr in die *CSS-Datei schauen* und den *entsprechenden Passus löschen*. Nein keine Angst die Webseite funktioniert auch so. Nur ist der entsprechende Passus unnötigt und erschwert Euch nur das Programmierer-Leben.\r\n\r\nEs sind bereits verschiedene Module angelegt worden, die euch frei zur Verfügung stehen. Auf \"redaxo.de\":http://redaxo.de findet ihr unter \"Downloads weitere Module\":http://www.redaxo.de/17-0-module.html.\r\n\r\n*Anmerkung:* Die hier verwendeten Bilder unterliegen dem Copyright und dienen hier nur der Anschauung. *Bitte benutzt eigene Bilder!*','','','','','','','','l','','','','','','','','','','','','','','','','','','','','','','','','','','','','','','','','0','0','0','0','0','0','0','0','0','0','','','','','','','','','','','','','1','1','1133277199','1133313946','thomas','dergel');
INSERT INTO rex_article_slice VALUES ('24','0','0','0','Impressum','h1','','','','','','','','','','','','','','','','','','','','','','','','','','','','','','','','','','','','','','','0','0','0','0','0','0','0','0','0','0','','','','','','','','','','','','','7','2','1133277585','1133277585','thomas','thomas');
INSERT INTO rex_article_slice VALUES ('25','0','0','24','*REDAXO*\r\nc/o pergopa\r\nJan Kristinus\r\nLange Straße 31\r\n60311 Frankfurt / Main\r\n\"www.redaxo.de\":http://redaxo.de\r\n\r\n*Programmierung der Demo*\r\n\"blumbeet - web.studio\":http://blumbeet.com\r\n\r\n*Fotos*\r\n\"108pixel\":http://108pixel.net\r\n\"blumbeet - web.studio\":http://blumbeet.com','','','','','','','','l','','','','','','','','','','','','','','','','','','','','','','','','','','','','','','','','0','0','0','0','0','0','0','0','0','0','','','','','','','','','','','','','7','1','1133277827','1133297599','thomas','thomas');
INSERT INTO rex_article_slice VALUES ('26','0','0','17','verwendete Blindtexte','','','','2005','11','29','2014','11','29','','','','','','','','','','','blindtext.pdf','','','','','','','','','','','','','','','','','','','','0','0','0','0','0','0','0','0','0','0','','','','','','','','','','','','','14','6','1133278254','1133311966','thomas','thomas');
INSERT INTO rex_article_slice VALUES ('27','0','0','0','Einiges mehr zu Sachsen','h1','','','','','','','','','','','','','','','','','','','','','','','','','','','','','','','','','','','','','','','0','0','0','0','0','0','0','0','0','0','','','','','','','','','','','','','4','2','1133278931','1133278931','thomas','thomas');
INSERT INTO rex_article_slice VALUES ('36','0','0','27','','','','','','','','','','','','','','','','','','','','','','','','','','','','','','','','','','','','','','','','','0','0','0','0','0','0','0','0','0','0','','','','','','','','','','','','','4','10','1133280003','1133280003','thomas','thomas');
INSERT INTO rex_article_slice VALUES ('29','0','0','0','Dresden - Die Barockstadt','h1','','','','','','','','','','','','','','','','','','','','','','','','','','','','','','','','','','','','','','','0','0','0','0','0','0','0','0','0','0','','','','','','','','','','','','','16','2','1133279006','1133279006','thomas','thomas');
INSERT INTO rex_article_slice VALUES ('30','0','0','29','h2. Die Frauenkirche\r\n\r\nLorem ipsum dolor sit amet, consectetuer adipiscing elit, sed diam nonummy nibh euismod tincidunt ut laoreet dolore magna aliquam erat volutpat. Ut wisi enim ad minim veniam, quis nostrud exerci tation ullamcorper suscipit lobortis nisl ut aliquip ex ea commodo consequat. ','Frauenkirche','Frauenkirche','','','','','','l','','','','','','','','','','','','frauenkirche.jpg','','','','','','','','','','','','','','','','','','','','0','0','0','0','0','0','0','0','0','0','','','','','','','','','','','','','16','1','1133279526','1133279614','thomas','thomas');
INSERT INTO rex_article_slice VALUES ('31','0','0','30','h2. Die Semperoper\r\n\r\nLorem ipsum dolor sit amet, consectetuer adipiscing elit, sed diam nonummy nibh euismod tincidunt ut laoreet dolore magna aliquam erat volutpat. Ut wisi enim ad minim veniam, quis nostrud exerci tation ullamcorper suscipit lobortis nisl ut aliquip ex ea commodo consequat. \r\n','Semperoper','Semperoper','','','','','','r','','','','','','','','','','','','semperoper.jpg','','','','','','','','','','','','','','','','','','','','0','0','0','0','0','0','0','0','0','0','','','','','','','','','','','','','16','1','1133279601','1133279601','thomas','thomas');
INSERT INTO rex_article_slice VALUES ('32','0','0','31','h2. Der Zwinger\r\n\r\nLorem ipsum dolor sit amet, consectetuer adipiscing elit, sed diam nonummy nibh euismod tincidunt ut laoreet dolore magna aliquam erat volutpat. Ut wisi enim ad minim veniam, quis nostrud exerci tation ullamcorper suscipit lobortis nisl ut aliquip ex ea commodo consequat. ','Zwinger','Zwinger','','','','','','l','','','','','','','','','','','','zwinger.jpg','','','','','','','','','','','','','','','','','','','','0','0','0','0','0','0','0','0','0','0','','','','','','','','','','','','','16','1','1133279707','1133295503','thomas','kills');
INSERT INTO rex_article_slice VALUES ('33','0','0','0','Pirna - Das Tor zur Sächsischen Schweiz','h1','','','','','','','','','','','','','','','','','','','','','','','','','','','','','','','','','','','','','','','0','0','0','0','0','0','0','0','0','0','','','','','','','','','','','','','17','2','1133279779','1133279779','thomas','thomas');
INSERT INTO rex_article_slice VALUES ('34','0','0','33','h2. Der Blick von oben\r\n\r\nIch bin Blindtext. Von Geburt an. Es hat lange gedauert, bis ich begriffen habe, was es bedeutet, ein blinder Text zu sein: Man macht keinen Sinn. Man wirkt hier und da aus dem Zusammenhang gerissen. Oft wird man gar nicht erst gelesen. Aber bin ich deshalb ein schlechter Text? Ich weiß, daß ich nie die Chance haben werde, im Stern zu erscheinen. Aber bin ich darum weniger wichtig? Ich bin blind! Aber ich bin gerne Text. Und sollten Sie mich jetzt tatsächlich zu Ende lesen, dann habe ich etwas geschafft, was den meisten \"normalen\" Texten nicht gelingt...','Stadt Prina','Stadt Pirna','','','','','','l','','','','','','','','','','','','pirna.jpg','','','','','','','','','','','','','','','','','','','','0','0','0','0','0','0','0','0','0','0','','','','','','','','','','','','','17','1','1133279841','1133296337','thomas','kills');
INSERT INTO rex_article_slice VALUES ('35','0','0','34','h2. Ein Blick nach aussen\r\n\r\nIch bin Blindtext. Von Geburt an. Es hat lange gedauert, bis ich begriffen habe, was es bedeutet, ein blinder Text zu sein: Man macht keinen Sinn. Man wirkt hier und da aus dem Zusammenhang gerissen. Oft wird man gar nicht erst gelesen. Aber bin ich deshalb ein schlechter Text? Ich weiß, daß ich nie die Chance haben werde, im Stern zu erscheinen. Aber bin ich darum weniger wichtig? Ich bin blind! Aber ich bin gerne Text. Und sollten Sie mich jetzt tatsächlich zu Ende lesen, dann habe ich etwas geschafft, was den meisten \"normalen\" Texten nicht gelingt...','Blick von der Königsnase','Blick von der Königsnase','','','','','','l','','','','','','','','','','','','pirna_aussicht.jpg','','','','','','','','','','','','','','','','','','','','0','0','0','0','0','0','0','0','0','0','','','','','','','','','','','','','17','1','1133279900','1133279922','thomas','thomas');
INSERT INTO rex_article_slice VALUES ('39','0','0','38','tbaddade@gmx.de','Redaxo Demo','headline|Ihre Angaben|\r\ntext|Name:|1|\r\ntext|Vorname:|1|\r\ntext|E-Mail:|1|\r\ntextarea|Adresse:|1|Geben Sie hier bitte Ihre Adresse an!|\r\ntext|Telefon:|1|\r\ntextarea|Anfrage:|1|\r\n\r\nheadline|Wie sind Sie auf uns aufmerksam geworden|\r\nselect|Ich habe Sie gefunden in:|1||über die Redaxo-Demo; über Google; überhaupt nicht|\r\n\r\nheadline|Broschürenbestellung\r\ncheckbox|Sächsische Schweiz\r\ncheckbox|Dresden\r\ncheckbox|Pirna','Neue Mail von der Demo','Hallo,\r\n\r\nes wurde ein Urlaubskatalog von Sachsen bestellt.','Vielen Dank für Ihre Bestellung. Wir werden Ihren Auftrag sofort bearbeiten.\r\n\r\nViele Grüße das\r\n\r\nRedaxo Team','absenden','','','','','','','','','','','','','','','','','','','','','','','','','','','','','','','','','','0','0','0','0','0','0','0','0','0','0','','','','','','','','','','','','','6','13','1133286703','1133314199','thomas','dergel');
INSERT INTO rex_article_slice VALUES ('38','0','0','0','Ja ich möchten den Sachsen-Urlaubskatalog','h1','','','','','','','','','','','','','','','','','','','','','','','','','','','','','','','','','','','','','','','0','0','0','0','0','0','0','0','0','0','','','','','','','','','','','','','6','2','1133286396','1133301204','thomas','thomas');
INSERT INTO rex_article_slice VALUES ('40','0','0','41','tbaddade@gmx.de','Redaxo Demo','text|Name|1|\r\ntext|Vorname|1|\r\ntext|Firma|\r\ntext|Straße|\r\ntext|PLZ / Ort|\r\ntext|E-Mail|1|\r\ntextarea|Ihre Nachricht|1|','Redaxo Demo - Kontaktformular','Das Formular wurde ausgefüllt.','Danke für Ihre Nachricht. Wir werden uns in kürze mit Ihnen in Verbindung setzen.\r\n\r\ndas REDAXO Team','senden','','','','','','','','','','','','','','','','','','','','','','','','','','','','','','','','','','0','0','0','0','0','0','0','0','0','0','','','','','','','','','','','','','13','13','1133310329','1133314179','thomas','dergel');
INSERT INTO rex_article_slice VALUES ('42','0','0','0','h1(warning). Kein Zugriff\r\n\r\nIch bin die Fehlerseite mit der ArticleId 20 und befinde mich in der Struktur auf oberster Ebene.','','','','','','','','l','','','','','','','','','','','','','','','','','','','','','','','','','','','','','','','','0','0','0','0','0','0','0','0','0','0','','','','','','','','','','','','','20','1','1137751397','1137751679','thomas','thomas');
DROP TABLE IF EXISTS rex_article_type;
CREATE TABLE rex_article_type ( type_id int(11) NOT NULL  auto_increment, name varchar(255) NOT NULL  , description text NOT NULL  , PRIMARY KEY(type_id))TYPE=MyISAM;
INSERT INTO rex_article_type VALUES ('1','Standard','Zugriff für alle');
INSERT INTO rex_article_type VALUES ('2','geschützter Bereich','Zugriff nur mit Login');
DROP TABLE IF EXISTS rex_clang;
CREATE TABLE rex_clang ( id int(11) NOT NULL DEFAULT 0  , name varchar(255) NOT NULL  , PRIMARY KEY(id))TYPE=MyISAM;
INSERT INTO rex_clang VALUES ('0','deutsch');
DROP TABLE IF EXISTS rex_file;
CREATE TABLE rex_file ( file_id int(11) NOT NULL  auto_increment, re_file_id int(11) NOT NULL DEFAULT 0  , category_id int(11) NOT NULL DEFAULT 0  , filetype varchar(255) NOT NULL  , filename varchar(255) NOT NULL  , originalname varchar(255) NOT NULL  , filesize varchar(255) NOT NULL  , width int(11) NOT NULL DEFAULT 0  , height int(11) NOT NULL DEFAULT 0  , title varchar(255) NOT NULL  , description text NOT NULL  , copyright varchar(255) NOT NULL  , createdate int(11) NOT NULL DEFAULT 0  , updatedate int(11) NOT NULL DEFAULT 0  , createuser varchar(255) NOT NULL  , updateuser varchar(255) NOT NULL  , PRIMARY KEY(file_id))TYPE=MyISAM;
INSERT INTO rex_file VALUES ('1','0','1','text/css','main.css','/tmp/phpH5sLwc','11414','0','0','Main','','','1133266959','1137754192','thomas','thomas');
INSERT INTO rex_file VALUES ('2','0','1','image/jpeg','bg_header.jpg','/tmp/phpR87U6I','26071','1600','130','BG Header','','','1133266970','1133312446','thomas','thomas');
INSERT INTO rex_file VALUES ('3','0','1','image/jpeg','bg_content.jpg','bg_content.jpg','950','1600','30','BG Content','','','1133266986','1133266986','thomas','thomas');
INSERT INTO rex_file VALUES ('4','0','1','image/jpeg','bg_body.jpg','bg_body.jpg','3387','1600','130','BG Body','','','1133267913','1133267913','thomas','thomas');
INSERT INTO rex_file VALUES ('5','0','2','image/jpeg','saechs_schweiz_01.jpg','/tmp/phpRs7t0x','10876','0','0','Sächsische Schweiz','','','1133271059','1133314581','thomas','dergel');
INSERT INTO rex_file VALUES ('6','0','2','image/jpeg','briefkasten.jpg','C:DOKUME~1ThomasLOKALE~1Tempphp10.tmp','13307','0','0','Briefkasten','','','1133276496','1133314549','thomas','dergel');
INSERT INTO rex_file VALUES ('8','0','2','image/jpeg','frauenkirche.jpg','C:DOKUME~1ThomasLOKALE~1Tempphp1F.tmp','9828','0','0','Frauenkirche','','blumbeet.com','1133279501','1133314560','thomas','dergel');
INSERT INTO rex_file VALUES ('9','0','2','image/jpeg','semperoper.jpg','C:DOKUME~1ThomasLOKALE~1Tempphp21.tmp','9500','0','0','Semperoper','','blumbeet.com','1133279564','1133314545','thomas','dergel');
INSERT INTO rex_file VALUES ('10','0','2','image/jpeg','zwinger.jpg','C:DOKUME~1ThomasLOKALE~1Tempphp23.tmp','8973','0','0','Zwinger','','blumbeet.com','1133279690','1133314564','thomas','dergel');
INSERT INTO rex_file VALUES ('11','0','2','image/jpeg','pirna.jpg','C:DOKUME~1ThomasLOKALE~1Tempphp25.tmp','11171','0','0','Pirna','','blumbeet.com','1133279799','1133314569','thomas','dergel');
INSERT INTO rex_file VALUES ('12','0','2','image/jpeg','pirna_aussicht.jpg','C:DOKUME~1ThomasLOKALE~1Tempphp27.tmp','10050','0','0','Pirna Aussicht','','blumbeet.com','1133279891','1133314574','thomas','dergel');
INSERT INTO rex_file VALUES ('13','0','1','image/gif','ff_120x60_2.gif','ff_120x60_2.gif','2482','120','60','Firefox Banner','','','1133296363','1133296363','thomas','thomas');
INSERT INTO rex_file VALUES ('14','0','3','application/pdf','blindtext.pdf','blindtext.pdf','6246','0','0','Blindtext','','','1133311952','1133314359','thomas','thomas');
DROP TABLE IF EXISTS rex_file_category;
CREATE TABLE rex_file_category ( id int(11) NOT NULL  auto_increment, name varchar(255) NOT NULL  , re_id int(11) NOT NULL DEFAULT 0  , path varchar(255) NOT NULL  , hide tinyint(4) NOT NULL DEFAULT 0  , createdate int(11) NOT NULL DEFAULT 0  , updatedate int(11) NOT NULL DEFAULT 0  , createuser varchar(255) NOT NULL  , updateuser varchar(255) NOT NULL  , PRIMARY KEY(id,name))TYPE=MyISAM;
INSERT INTO rex_file_category VALUES ('1','CSS','0','|','0','1133266929','1133314323','thomas','thomas');
INSERT INTO rex_file_category VALUES ('2','Fotos','0','|','0','1133314329','1133314329','thomas','thomas');
INSERT INTO rex_file_category VALUES ('3','PDFs','0','|','0','1133314337','1133314337','thomas','thomas');
DROP TABLE IF EXISTS rex_help;
CREATE TABLE rex_help ( id int(11) NOT NULL  auto_increment, page varchar(255) NOT NULL  , name varchar(255) NOT NULL  , description text NOT NULL  , comment text NOT NULL  , lang varchar(255) NOT NULL  , PRIMARY KEY(id))TYPE=MyISAM;
DROP TABLE IF EXISTS rex_module_action;
CREATE TABLE rex_module_action ( id int(11) NOT NULL  auto_increment, module_id int(11) NOT NULL DEFAULT 0  , action_id int(11) NOT NULL DEFAULT 0  , PRIMARY KEY(id))TYPE=MyISAM;
INSERT INTO rex_module_action VALUES ('1','12','1');
INSERT INTO rex_module_action VALUES ('2','12','2');
DROP TABLE IF EXISTS rex_modultyp;
CREATE TABLE rex_modultyp ( id int(11) NOT NULL  auto_increment, label varchar(255) NOT NULL  , name varchar(255) NOT NULL  , category_id int(11) NOT NULL DEFAULT 0  , ausgabe text NOT NULL  , bausgabe text NOT NULL  , eingabe text NOT NULL  , func text NOT NULL  , php_enable tinyint(1) NOT NULL DEFAULT 0  , html_enable tinyint(1) NOT NULL DEFAULT 0  , perm_category text NOT NULL  , createuser varchar(255) NOT NULL  , updateuser varchar(255) NOT NULL  , createdate int(11) NOT NULL DEFAULT 0  , updatedate int(11) NOT NULL DEFAULT 0  , PRIMARY KEY(id,category_id,php_enable,html_enable))TYPE=MyISAM;
INSERT INTO rex_modultyp VALUES ('1','','01 - Text und/oder Bild [textile]','0','<?\r\n//	Ausrichtung des Bildes \r\nif (\"REX_VALUE[9]\" == \"l\") $float = \"flLeft\";\r\nif (\"REX_VALUE[9]\" == \"r\") $float = \"flRight\";\r\n\r\n\r\n//	Wenn Bild eingefuegt wurde, Code schreiben \r\n$file = \"\";\r\nif (\"REX_FILE[1]\" != \"\") $file = \'<div class=\"image \'.$float.\'\"><img src=\"\'.$REX[\'HTDOCS_PATH\'].\'files/REX_FILE[1]\" title=\"\'.\"REX_VALUE[2]\".\'\" alt=\"\'.\"REX_VALUE[2]\".\'\" /><p>\'.\"REX_VALUE[3]\".\'</p></div>\';\r\n\r\n\r\n//	Fliesstext \r\n$input =<<< EOT\r\nREX_HTML_VALUE[1]\r\nEOT;\r\n$textile = new Textile; \r\n$text = \"\";\r\nif (\"REX_VALUE[1]\" != \"\") $text = $textile->TextileThis($input);\r\n\r\n\r\n$text = str_replace(\"###\",\"&#x20;\",$text);\r\n\r\n\r\nprint $file.$text;\r\n\r\n?>','','<?php\r\n//---MODULE BY----------------------\r\n//-- blumbeet - web.studio\r\n//-- Thomas Blum\r\n//-- www.blumbeet.com\r\n//----------------------------------\r\n?>\r\n\r\n<strong>Fliesstext</strong>:<br />\r\n<textarea name=\"VALUE[1]\" cols=\"80\" rows=\"10\" class=\"inp100\">REX_HTML_VALUE[1]</textarea>\r\n<br /><br />\r\n\r\n\r\n<strong>Artikelfoto</strong>:<br />\r\nREX_MEDIA_BUTTON[1]\r\n<?\r\nif (\"REX_FILE[1]\" != \"\") {\r\n        echo \"<br/><strong>Vorschau</strong>:<br/>\";\r\n	echo \"<img src=\".$REX[HTDOCS_PATH].\"/files/REX_FILE[1]><br />\";\r\n}\r\n\r\n?>\r\n\r\n<br/>\r\n<strong>Title des Fotos</strong>:<br />\r\n<input type=\"text\" name=\"VALUE[2]\" value=\"REX_VALUE[2]\" size=\"80\" class=\"inp100\" />\r\n<br /><br />\r\n\r\n<strong>Bildunterschrift</strong>:<br />\r\n<input type=\"text\" name=\"VALUE[3]\" value=\"REX_VALUE[3]\" size=\"80\" class=\"inp100\" />\r\n<br /><br />\r\n\r\n<strong>Ausrichtung des Artikelfotos</strong>:<br />\r\n<select name=\"VALUE[9]\" class=\"inp100\">\r\n	<option value=\'l\' <? if (\"REX_VALUE[9]\" == \'l\') echo \'selected\'; ?>>links vom Text</option>\r\n	<option value=\'r\' <? if (\"REX_VALUE[9]\" == \'r\') echo \'selected\'; ?>>rechts vom Text</option>\r\n</select><br />\r\n<br />\r\n<br />\r\n<strong>Anleitung / Hinweise</strong>:\r\n<table class=\"warning\">\r\n<tr>\r\n	<th style=\"width:200px;\"><strong>Beschreibung</strong></th>\r\n	<th><strong>Eingabe</strong></th>\r\n</tr>\r\n<tr>\r\n	<td><h1>Überschrift</h1></td>\r\n	<td>h1. Überschrift (Leerzeile vor und nach der Eingabe)</td>\r\n</tr>\r\n<tr>\r\n	<td><h2>Unter-überschrift</h2></td>\r\n	<td>h2. Überschrift (Leerzeile vor und nach der Eingabe)</td>\r\n</tr>\r\n<tr>\r\n	<td><strong>fetter Text</strong></td>\r\n	<td>*fetter Text*</td>\r\n</tr>\r\n<tr>\r\n	<td><i>kursiver Text</i></td>\r\n	<td>__kursiver Text__</td>\r\n</tr>\r\n<tr>\r\n	<td><del>gestrichener Text</del></td>\r\n	<td>-gestrichener Text-</td>\r\n</tr>\r\n<tr>\r\n	<td>geordnete Liste mit Zahlen</td>\r\n	<td># Listenpunkt</td>\r\n</tr>\r\n<tr>\r\n	<td>ungeordnete Liste mit Zeichen</td>\r\n	<td>* Listenpunkt</td>\r\n</tr>\r\n<tr>\r\n	<td>Link (intern)</td>\r\n	<td>\"Hier gehts zum Impressum\":redaxo://5</td>\r\n</tr>\r\n<tr>\r\n	<td>Link (extern)</td>\r\n	<td>\"Hier geht es zu unserem Partner\":http://pergopa.de</td>\r\n</tr>\r\n</table>','','0','0','','','','0','0');
INSERT INTO rex_modultyp VALUES ('2','','01 - Headline','0','<REX_VALUE[2]>REX_VALUE[1]</REX_VALUE[2]>','','&Uuml;berschrift:<br />\r\n<input type=\"text\" size=\"50\" name=\"VALUE[1]\" value=\"REX_VALUE[1]\" />\r\n<select name=\"VALUE[2]\" >\r\n<?php\r\nforeach (array(\"h1\",\"h2\",\"h3\",\"h4\",\"h5\",\"h6\") as $value) {\r\n	echo \'<option value=\"\'.$value.\'\" \';\r\n	\r\n	if ( \"REX_VALUE[2]\"==\"$value\" ) {\r\n		echo \'selected=\"selected\" \';\r\n	}\r\n	echo \'>\'.$value.\'</option>\';\r\n}\r\n?>\r\n</select>','','0','0','','','','0','0');
INSERT INTO rex_modultyp VALUES ('3','','02 - Bild','0','<?\r\n\r\nif (\"REX_FILE[1]\" != \"\") {\r\n	print \'<img src=\"\'.$REX[\'HTDOCS_PATH\'].\'files/\'.\"REX_FILE[1]\".\'\" alt=\"\'.\"REX_VALUE[1]\".\'\" title=\"\'.\"REX_VALUE[1]\".\'\" />\';\r\n}\r\n?>','','Titel des Bildes:<br /> \r\n<input type=text size=80 name=VALUE[1] value=\"REX_VALUE[1]\"><br /><br />\r\n\r\nREX_MEDIA_BUTTON[1]\r\n<?\r\n\r\nif (\"REX_FILE[1]\" != \"\") {\r\n	print \'<img src=\"\'.$REX[\'HTDOCS_PATH\'].\'files/\'.\"REX_FILE[1]\".\'\" alt=\"\'.\"REX_VALUE[1]\".\'\" title=\"\'.\"REX_VALUE[1]\".\'\" />\';\r\n}\r\n?>','','0','0','','','','0','0');
INSERT INTO rex_modultyp VALUES ('4','','03 - Externer Link','0','<?php\r\nif (\"REX_VALUE[1]\" == \"\") {\r\n	print \'<p>REX_VALUE[2]</p>\';\r\n}\r\nelse {\r\n	print \'<p><a href=\"REX_VALUE[1]\" title=\"REX_VALUE[2]\" alt=\"REX_VALUE[2]\">REX_VALUE[2]</a></p>\';\r\n}\r\n\r\n?>','','vollständige Url:<br /> \r\n<input type=text size=80 name=VALUE[1] value=\"REX_VALUE[1]\"><br /><br />\r\n\r\nLink Text der zu sehen ist:<br /> \r\n<input type=text size=80 name=VALUE[2] value=\"REX_VALUE[2]\"><br /><br />','','0','0','','','','0','0');
INSERT INTO rex_modultyp VALUES ('5','','03 - Interner Link','0','<?php\r\n\r\nif (\"REX_LINK[1]\") {\r\n	print \'<p><a href=\"\'.\"REX_LINK[1]\".\'\" title=\"\'.\"REX_VALUE[1]\".\'\" alt=\"\'.\"REX_VALUE[1]\".\'\">\'.\"REX_VALUE[1]\".\'</a></p>\';\r\n}\r\n\r\n?>','','interner Link:<br /> \r\nREX_LINK_BUTTON[1]<br /><br />\r\n\r\nLink Text der zu sehen ist:<br /> \r\n<input type=text size=80 name=VALUE[1] value=\"REX_VALUE[1]\"><br /><br />\r\n','','0','0','','','','0','0');
INSERT INTO rex_modultyp VALUES ('6','','04 - Download','0','<?php\r\n\r\n$jahr_von = \'REX_VALUE[5]\';\r\n$monat_von = \'REX_VALUE[6]\';\r\n$tag_von = \'REX_VALUE[7]\';\r\n\r\n$jahr_bis = \'REX_VALUE[8]\';\r\n$monat_bis = \'REX_VALUE[9]\';\r\n$tag_bis = \'REX_VALUE[10]\';\r\n\r\nif ( $jahr_von != \'\'\r\n	AND $monat_von != \'\'\r\n	AND $tag_von != \'\'\r\n	AND $jahr_bis != \'\'\r\n	AND $monat_bis != \'\'\r\n	AND $tag_bis != \'\') {\r\n	\r\n	$von = mktime( 0, 0, 0, $monat_von, $tag_von, $jahr_von);\r\n	$bis = mktime( 23, 59, 0, $monat_bis, $tag_bis, $jahr_bis);\r\n	$jetzt = time();\r\n	\r\n	if( $jetzt >= $von && $jetzt <= $bis) {\r\n		if ($REX[\'REDAXO\'] != true) {\r\n	\r\n			if (!function_exists(\'Dateigroesse\')) {\r\n				function Dateigroesse($URL) {\r\n					$Groesse = filesize($URL);\r\n					if($Groesse<1000) {\r\n						return number_format($Groesse, 0, \",\", \".\").\" Bytes\";\r\n					}\r\n					elseif($Groesse<1000000) {\r\n						return number_format($Groesse/1024, 0, \",\", \".\").\" kB\";\r\n					}\r\n					else {\r\n						return number_format($Groesse/1048576, 0, \",\", \".\").\" MB\";\r\n					}\r\n				}\r\n			}\r\n	\r\n			if (!function_exists(\'parse_icon\')) {\r\n				function parse_icon($ext) {\r\n					switch (strtolower($ext)) {\r\n	\r\n					case \'doc\': return \'icon_doc.gif\';\r\n					case \'rtf\': return \'icon_doc.gif\';\r\n					case \'txt\': return \'icon_txt.gif\';\r\n					case \'xls\': return \'icon_xls.gif\';\r\n					case \'csv\': return \'icon_xls.gif\';\r\n					case \'ppt\': return \'icon_ppt.gif\';\r\n					case \'html\': return \'icon_html.gif\';\r\n					case \'htm\': return \'icon_html.gif\';\r\n					case \'php\': return \'icon_script.gif\';\r\n					case \'php3\': return \'icon_script.gif\';\r\n					case \'cgi\': return \'icon_script.gif\';\r\n					case \'pdf\': return \'icon_pdf.gif\';\r\n					case \'rar\': return \'icon_rar.gif\';\r\n					case \'zip\': return \'icon_zip.gif\';\r\n					case \'gz\': return \'icon_gz.gif\';\r\n					case \'jpg\': return \'icon_jpg.gif\';\r\n					case \'gif\': return \'icon_gif.gif\';\r\n					case \'png\': return \'icon_png.gif\';\r\n					case \'bmp\': return \'icon_image.gif\';\r\n					case \'tif\': return \'icon_image.gif\';\r\n					case \'exe\': return \'icon_binary.gif\';\r\n					case \'bin\': return \'icon_binary.gif\';\r\n					case \'avi\': return \'icon_mov.gif\';\r\n					case \'mpg\': return \'icon_mov.gif\';\r\n					case \'moc\': return \'icon_mov.gif\';\r\n					case \'asf\': return \'icon_mov.gif\';\r\n					case \'mp3\': return \'icon_sound.gif\';\r\n					case \'wav\': return \'icon_sound.gif\';\r\n					case \'org\': return \'icon_sound.gif\';\r\n				\r\n					default:\r\n					return \'icon_def.gif\';\r\n					}\r\n				}\r\n			}\r\n			$ext = substr(strrchr(\'REX_FILE[1]\', \'.\'), 1);\r\n			$parsed_icon = $REX[\'HTDOCS_PATH\'].\'/files/\'.parse_icon($ext);\r\n			$ooPic = OOMedia::getMediaByName (\'REX_FILE[1]\');\r\n			$fileDescription = $ooPic->getDescription();\r\n	\r\n			print \'\r\n				<div class=\"download-hdl\"><p>REX_VALUE[1]</p></div>\r\n				<div class=\"download-file\"><p><a href=\"\'.$REX[\'HTDOCS_PATH\'].\'files/REX_FILE[1]\" target=\"_blank\"><img src=\"\'.$parsed_icon.\'\" alt=\"Download\" /></a> REX_FILE[1] - \'.Dateigroesse($REX[\'HTDOCS_PATH\'].\"files/REX_FILE[1]\").\'</p></div>\';\r\n	\r\n			if ($fileDescription != \"\") { \r\n				print \'<div class=\"download-desc\"><p>\'.$fileDescription.\'</p></div>\';\r\n			}\r\n			else {\r\n				print \'<div class=\"download-without-desc\"> </div>\';\r\n			}\r\n		}\r\n		else {\r\n			print \"REX_VALUE[1]REX_VALUE[2]\";\r\n		}\r\n	} /* ende von if( $jetzt >= $von && $jetzt <= $bis)*/\r\n} \r\n?>','','Bezeichnung des Download: \r\n<br><input type=text size=40 name=VALUE[1] value=\"REX_VALUE[1]\"><br /><br />\r\nREX_MEDIA_BUTTON[1]<br>\r\n<strong>Hinweis: Die Beschreibung des Downloads erfolgt im Medienpool!</strong><br />\r\n<br />\r\n<?php\r\n$jahr = date(\'Y\');\r\n$monat = date(\'m\');\r\n$tag = date(\'d\');\r\n\r\n$jahr_von_val = \'REX_VALUE[5]\';\r\n$monat_von_val = \'REX_VALUE[6]\';\r\n$tag_von_val = \'REX_VALUE[7]\';\r\n\r\n$jahr_bis_val = \'REX_VALUE[8]\';\r\n$monat_bis_val = \'REX_VALUE[9]\';\r\n$tag_bis_val = \'REX_VALUE[10]\';\r\n\r\nif ( empty($jahr_von_val)) $jahr_von_val = $jahr;\r\nif ( empty($monat_von_val)) $monat_von_val = $monat;\r\nif ( empty($tag_von_val)) $tag_von_val = $tag;\r\n\r\nif ( empty($jahr_bis_val)) $jahr_bis_val = $jahr +9;\r\nif ( empty($monat_bis_val)) $monat_bis_val = $monat;\r\nif ( empty($tag_bis_val)) $tag_bis_val = $tag;\r\n\r\n?>\r\nOnline von:<select name=\"VALUE[7]\" >\r\n<?php\r\nforeach (range(1,31) as $tag_von) {\r\n   echo \'<option value=\"\'.$tag_von.\'\" \';\r\n   \r\n   if ( $tag_von_val==$tag_von ) {\r\n      echo \'selected=\"selected\" \';\r\n   }\r\n   echo \'>\'.$tag_von.\'</option>\';\r\n}\r\n?>\r\n</select><select name=\"VALUE[6]\" >\r\n<?php\r\nforeach (range(1,12) as $monat_von) {\r\n   echo \'<option value=\"\'.$monat_von.\'\" \';\r\n   \r\n   if ( $monat_von_val==$monat_von ) {\r\n      echo \'selected=\"selected\" \';\r\n   }\r\n   echo \'>\'.$monat_von.\'</option>\';\r\n}\r\n?>\r\n\r\n</select>\r\n<select name=\"VALUE[5]\" >\r\n<?php\r\nforeach (range( $jahr,$jahr+9) as $jahr_von) {\r\n   echo \'<option value=\"\'.$jahr_von.\'\" \';\r\n   \r\n   if ( $jahr_von_val ==$jahr_von ) {\r\n      echo \'selected=\"selected\" \';\r\n   }\r\n   echo \'>\'.$jahr_von.\'</option>\';\r\n}\r\n?>\r\n\r\n</select><br /><br />\r\n\r\nOnline bis:<select name=\"VALUE[10]\" >\r\n<?php\r\nforeach (range(1,31) as $tag_bis) {\r\n   echo \'<option value=\"\'.$tag_bis.\'\" \';\r\n   \r\n   if ( $tag_bis_val==$tag_bis ) {\r\n      echo \'selected=\"selected\" \';\r\n   }\r\n   echo \'>\'.$tag_bis.\'</option>\';\r\n}\r\n?>\r\n</select><select name=\"VALUE[9]\" >\r\n<?php\r\nforeach (range(1,12) as $monat_bis) {\r\n   echo \'<option value=\"\'.$monat_bis.\'\" \';\r\n   \r\n   if ( $monat_bis_val==$monat_bis ) {\r\n      echo \'selected=\"selected\" \';\r\n   }\r\n   echo \'>\'.$monat_bis.\'</option>\';\r\n}\r\n?>\r\n\r\n</select>\r\n<select name=\"VALUE[8]\" >\r\n<?php\r\nforeach (range($jahr,$jahr+9) as $jahr_bis) {\r\n   echo \'<option value=\"\'.$jahr_bis.\'\" \';\r\n   \r\n   if ( $jahr_bis_val==$jahr_bis ) {\r\n      echo \'selected=\"selected\" \';\r\n   }\r\n   echo \'>\'.$jahr_bis.\'</option>\';\r\n}\r\n?>\r\n\r\n</select><br/><br/>\r\n\r\n<?php\r\n\r\nif ( $jahr_von_val != \'\'\r\n     && $monat_von_val != \'\'\r\n     && $tag_von_val != \'\'\r\n     && $jahr_bis_val != \'\'\r\n     && $monat_bis_val != \'\'\r\n     && $tag_bis_val != \'\') {\r\n  $von = mktime( 0, 0, 0, $monat_von_val, $tag_von_val, $jahr_von_val);\r\n  $bis  = mktime( 23, 59, 0, $monat_bis_val, $tag_bis_val, $jahr_bis_val);\r\n  $jetzt = time();\r\n\r\n  if( $jetzt >= $von && $jetzt <= $bis) {\r\n    $state = \'<span style=\"color: #00aa00;\">online</span>\';\r\n  } else {\r\n    $state = \'<span style=\"color: #aa0000;\">offline</span>\';\r\n  }\r\n\r\n  echo \'Download aufgrund der Datumseinstellungen \'.$state;\r\n} \r\n?>','','0','0','','','','0','0');
INSERT INTO rex_modultyp VALUES ('7','','05 - Teaser','0','<?php\r\n\r\n$itemsPerSide = \"REX_VALUE[1]\";\r\n$wordsPerArticle = \"REX_VALUE[2]\";\r\n\r\n// Nur im Frontend\r\n//if (!$REX[\'REDAXO\']):\r\n\r\n// Sortierfunktion\r\nif (!function_exists(sortArticlesByUpdateDate)) {\r\n	function sortArticlesByUpdateDate( $artA, $artB) {\r\n		$createA = $artA->_updatedate;\r\n		$createB = $artB->_updatedate;\r\n\r\n		if ( $createA == $createB) {\r\n			return 0;\r\n		}\r\n\r\n		return $createA > $createB ? -1 : 1;\r\n	}\r\n}\r\n\r\n$start = !empty($_GET[\'start\']) ? (int) $_GET[\'start\'] : 0; // Startitem\r\n$offset = $itemsPerSide; // 10 Items pro Seite\r\n$cats = array( REX_CATEGORY_ID); // alle Kategorien die Du \"indizieren\" willst\r\n\r\n$articles = array();\r\n\r\nforeach ( $cats as $catId) {\r\n  $cat = OOCategory::getCategoryById( $catId);\r\n \r\n  // CatIds die nicht funktionieren aussortieren\r\n  if( $cat === null) {\r\n     continue;\r\n  }\r\n\r\n  $cat_articles = $cat->getArticles( true);\r\n\r\n  foreach ( $cat_articles as $ooarticle) {\r\n     // keine Startartikel anzeigen\r\n    if ( $ooarticle->isStartPage()) {\r\n       continue;\r\n     }\r\n\r\n     // Damit keine Endlosschleife passiert, den Artikel der die Pagination setzt überspringen\r\n     if ( $ooarticle->getId() == REX_ARTICLE_ID) {\r\n        continue;\r\n     }\r\n     $articles[] = $ooarticle;\r\n  }\r\n}\r\n\r\n$articles_length = count( $articles);\r\n\r\n// Sortieren nach Erstellungsdatum\r\nif ( $articles_length > 0) {\r\n\r\n   usort( $articles, \"sortArticlesByUpdateDate\");\r\n}\r\n\r\n$article_list = array_slice( $articles, $start, $offset);\r\n\r\nforeach ( $article_list as $ooarticle) {\r\n	\r\n	if ($ooarticle->isOnline(true)) {\r\n		$articleId = $ooarticle->getId();\r\n\r\n		$article = new article();\r\n		$article->setArticleId( $articleId);\r\n		$articleContent = $article->getArticle();\r\n	\r\n		// Leerzeichen entfernen am Anfang und Ende des Strings\r\n		$articleContent = trim($articleContent);\r\n		\r\n		// Leerzeichen vor </p> einfuegen.\r\n		// Sonst wird das letzte Wort eines Absatzes und das erste Wort \r\n		// des nachfolgenden Absatzes als ein Wort erkannt\r\n		$articleContent = str_replace(\"</p>\", \" </p>\", $articleContent);\r\n		\r\n		// Leerzeichen vor <br /> einfuegen.\r\n		// Sonst wird das letzte Wort einer Zeile und das erste Wort \r\n		// des nachfolgenden Zeile als ein Wort erkannt\r\n		$articleContent = str_replace(\"<br />\", \" <br />\", $articleContent);\r\n		\r\n		$output = \"\";\r\n		$words = explode(\" \",$articleContent);\r\n		$wordsCount = count($words);\r\n	\r\n		if ($wordsCount < $wordsPerArticle) $wEnd = $wordsCount;\r\n		else  $wEnd = $wordsPerArticle;\r\n				\r\n		for ($w=0;$w<$wEnd;$w++) {\r\n			$output .= $words[$w].\" \";\r\n		}\r\n		\r\n		// Leerzeichen entfernen am Anfang und Ende des Strings	\r\n		$output = trim($output);\r\n	\r\n		$isCloseParagraph = substr($output,-4);\r\n		$link = \'<a href=\"\'.rex_getUrl($articleId).\'\">...mehr</a>\';\r\n		$newString = $link.\'</p>\';\r\n	\r\n	\r\n		if ($isCloseParagraph == \'</p>\') {\r\n			$output = substr_replace($output,$newString,-4);\r\n		}\r\n		else {\r\n			$output .= $newString;\r\n		}\r\n	\r\n		print \'<div class=\"teaser\">\'.$output.\'</div>\';\r\n	}\r\n}\r\n\r\n$prevStart = $start - $offset;\r\nif ( $prevStart < 0)\r\n{\r\n   $prevStart = \'\';\r\n}\r\n\r\n$nextStart = $start + $offset;\r\nif ( $nextStart >= $articles_length)\r\n{\r\n   $nextStart = \'\';\r\n}\r\n\r\n$link_format = \'<a href=\"index.php?article_id=REX_ARTICLE_ID&start=%s\">%s</a>\';\r\n\r\n// Vorherige Seite Link\r\nif ( $prevStart !== \'\') {\r\n  $backLink = sprintf( $link_format, $prevStart, \'<< vorherige Seite\');\r\n}\r\n\r\n// Nächste Seite\r\nif ( $nextStart !== \'\') {\r\n  $nextLink = sprintf( $link_format, $nextStart, \'n&auml;chste Seite >>\');\r\n}\r\n\r\nif ($backLink != \"\" AND $nextLink != \"\") {\r\n	print \'<div class=\"teaserNav\"><p>\'.$backLink.\'&nbsp;|&nbsp;\'.$nextLink.\'</p></div>\';\r\n}\r\nelseif ($nextLink != \"\") {\r\n	print \'<div class=\"teaserNav\"><p>\'.$nextLink.\'</p></div>\';\r\n}\r\nelseif ($backLink != \"\") {\r\n	print \'<div class=\"teaserNav\"><p>\'.$backLink.\'</p></div>\';\r\n}\r\n\r\n//endif;\r\n\r\n?>\r\n','','<strong>Anzahl der Artikel pro Seite</strong><br />\r\n<input name=\"VALUE[1]\" value=\"REX_VALUE[1]\" class=\"inp100\" /><br />\r\n<br />\r\n<strong>Anzahl der Wörter pro Artikel</strong><br />\r\n<input name=\"VALUE[2]\" value=\"REX_VALUE[2]\" class=\"inp100\" /><br />','','0','0','','','','0','0');
INSERT INTO rex_modultyp VALUES ('13','','06 - Formular erzeugen','0','<?php\r\n$rex_form_data = <<<End\r\nREX_HTML_VALUE[3]\r\nEnd;\r\n\r\n$mailbody = <<<End\r\nREX_HTML_VALUE[5]\r\nEnd;\r\n\r\n$formname = \"kontaktform\";\r\n$submitlabel = \"REX_VALUE[7]\";\r\n$style = \' style=\"color:#f00;\"\';\r\n\r\n\r\n$formoutput = array();\r\n$warning = array();\r\n$form_elements = array();\r\n$form_elements = explode(\"\\n\", $rex_form_data);\r\n\r\nfor($i=0;$i<count($form_elements);$i++){\r\n\r\n	$element = explode(\"|\", $form_elements[$i]);\r\n	$AFE[$i] = $element;\r\n\r\n	switch($element[0]){\r\n\r\n		case \"headline\":\r\n			$formoutput[] = \'<p>\'.$element[1].\'</p>\';\r\n		break;\r\n\r\n		case \"text\":\r\n			if($FORM[$formname][\"el_\".$i] == \"\" && !$FORM[$formname][$formname.\"send\"]){ \r\n				$FORM[$formname][\"el_\".$i] = trim($element[3]); \r\n			}\r\n		\r\n			if($element[2] == 1 && (trim($FORM[$formname][\"el_\".$i]) == \"\" || trim($FORM[$formname][\"el_\".$i]) == trim($element[3])) && $FORM[$formname][$formname.\"send\"] == 1){ \r\n				$warning[\"el_\".$i] = $style; \r\n			}\r\n			\r\n			$formoutput[] = \'\r\n				<label class=\"text\" \'.$warning[\"el_\".$i].\' for=\"el_\'.$i.\'\" >\'.$element[1].\'</label>\r\n				<input type=\"text\" class=\"text\" name=\"FORM[\'.$formname.\'][el_\'.$i.\']\" id=\"el_\'.$i.\'\" value=\"\'.htmlentities(stripslashes($FORM[$formname][\"el_\".$i])).\'\" /><br />\r\n				\';\r\n		break;\r\n		\r\n		case \"textarea\":\r\n			if($FORM[$formname][\"el_\".$i] == \"\" && !$FORM[$formname][$formname.\"send\"]){ \r\n				$FORM[$formname][\"el_\".$i] = $element[3]; \r\n			}\r\n		\r\n			if($element[2] == 1 && (trim($FORM[$formname][\"el_\".$i]) == \"\" || trim($FORM[$formname][\"el_\".$i]) == trim($element[3])) && $FORM[$formname][$formname.\"send\"] == 1){ \r\n				$warning[\"el_\".$i] = $style; \r\n			}\r\n		\r\n			$formoutput[] = \'\r\n				<label class=\"textarea\" \'.$warning[\"el_\".$i].\' for=\"el_\'.$i.\'\" >\'.$element[1].\'</label>\r\n				<textarea class=\"textarea\" name=\"FORM[\'.$formname.\'][el_\'.$i.\']\" id=\"el_\'.$i.\'\" cols=\"80\" rows=\"10\">\'.htmlentities(stripslashes($FORM[$formname][\"el_\".$i])).\'</textarea><br />\r\n				\';\r\n		break;\r\n	\r\n	\r\n		case \"select\":\r\n\r\n			$SEL = new select();\r\n			$SEL->set_name(\"FORM[\".$formname.\"][el_\".$i.\"]\");\r\n			$SEL->set_id(\"el_\".$i);\r\n			$SEL->set_size(1);\r\n			$SEL->set_style(\' class=\"select\"\');\r\n		\r\n			if($FORM[$formname][\"el_\".$i] == \"\" && !$FORM[$formname][$formname.\"send\"]){ \r\n				$SEL->set_selected($element[3]); } else { $SEL->set_selected($FORM[$formname][\"el_\".$i]); \r\n			}\r\n\r\n			foreach(explode(\";\", trim($element[4])) as $v){\r\n				$SEL->add_option( $v, $v);\r\n			}\r\n		\r\n			if($element[2] == 1 && trim($FORM[$formname][\"el_\".$i] )== \"\" && $FORM[$formname][$formname.\"send\"] == 1){ \r\n				$warning[\"el_\".$i] = $style; \r\n			}\r\n		\r\n			$formoutput[] = \'\r\n				<label class=\"select\" \'.$warning[\"el_\".$i].\' for=\"el_\'.$i.\'\" >\'.$element[1].\'</label>\r\n				\'.$SEL->out().\'<br />\';\r\n		break;\r\n			\r\n		case \"checkbox\":\r\n		\r\n			if(	(trim($FORM[$formname][\"el_\".$i] )== \"1\" ) || ($FORM[$formname][\"el_\".$i] == \"\" && !$FORM[$formname][$formname.\"send\"] && $element[3] == 1)){ \r\n				$checked = \' checked=\"checked\"\'; \r\n				$hidden=\"\";\r\n			} \r\n			else { \r\n				$checked = \"\"; \r\n				$hidden = \'<input type=\"hidden\" name=\"FORM[\'.$formname.\'][el_\'.$i.\']\" value=\"0\" /><br />\'; \r\n			}\r\n\r\n			if($element[2] == 1 && trim($FORM[$formname][\"el_\".$i]) == \"\" && $FORM[$formname][$formname.\"send\"] == 1){ \r\n				$warning[\"el_\".$i] = $style; \r\n			}\r\n		\r\n			$formoutput[] = \r\n					$hidden.\'\r\n					<input type=\"checkbox\" class=\"checkbox\" name=\"FORM[\'.$formname.\'][el_\'.$i.\']\" id=\"el_\'.$i.\'\" value=\"1\" \'.$checked.\' />\r\n					<label class=\"checkbox\" \'.$warning[\"el_\".$i].\' for=\"el_\'.$i.\'\" >\'.$element[1].\'</label><br />\r\n					\';\r\n		break;\r\n	}\r\n}\r\n\r\n$out = \'\r\n	<div id=\"form-module\">\r\n	<form action=\"\'.rex_getUrl($this->getValue(\"article_id\")).\'\" method=\"post\">\r\n		<fieldset>\r\n\r\n		<legend>\'.$formname.\'</legend>\r\n		<input type=\"hidden\" name=\"FORM[\'.$formname.\'][\'.$formname.\'send]\" value=\"1\" />\';\r\n\r\nforeach($formoutput as $v){\r\n	$out .= \'\r\n		<div class=\"element\">\'.$v.\'</div>\';\r\n}\r\n$out .= \'\r\n		<div class=\"element\">\r\n			<input type=\"submit\" name=\"FORM[\'.$formname.\'][\'.$formname.\'submit]\" value=\"\'.$submitlabel.\'\" class=\"submit\" />\r\n		</div>\r\n		</fieldset>\r\n	</form>\r\n	</div>\';\r\n\r\nif($FORM[$formname][$formname.\"send\"] == 1 && count($warning)==0){\r\n	$mail = new PHPMailer();\r\n	$mail->AddAddress(\"REX_VALUE[1]\");\r\n	$mail->From = \"REX_VALUE[2]\";\r\n	$mail->Subject = \"REX_VALUE[4]\";\r\n	\r\n	foreach($FORM[$formname] as $k=>$v){\r\n		if($k != $formname.\"submit\" && $k != $formname.\"send\")\r\n		$mailbody .= $AFE[ereg_replace(\"el_\",\"\",$k)][1].\" \".stripslashes($v).\"\\n\";\r\n	}\r\n	\r\n	$mail->Body = $mailbody;\r\n	$mail->Send();\r\n	\r\n	print \'<div id=\"form-module-thanks\">\'.\"REX_VALUE[6]\".\'</div>\';\r\n\r\n} \r\nelse {\r\n	print $out;\r\n}\r\n?>','','Email geht an:<br />\r\n<input type=\"text\" name=\"VALUE[1]\" value=\"REX_VALUE[1]\" class=\"inp100\" /><br />\r\n<br />\r\nAbsender:<br />\r\n<input type=\"text\" name=\"VALUE[2]\" value=\"REX_VALUE[2]\" class=\"inp100\" /><br />\r\n<br />\r\nSubject:<br />\r\n<input type=\"text\" name=\"VALUE[4]\" value=\"REX_VALUE[4]\" class=\"inp100\" /><br />\r\n<br />\r\nMailbody Prefix:<br />\r\n<textarea name=\"VALUE[5]\" style=\"width:100%;height:100px;\">REX_VALUE[5]</textarea><br />\r\n<br />\r\nSubmitbutton Bezeichnung:<br />\r\n<input type=\"text\" name=\"VALUE[7]\" value=\"REX_VALUE[7]\" class=\"inp100\" /><br />\r\n<br />\r\nDanksagung:<br />\r\n<textarea name=\"VALUE[6]\" style=\"width:100%;height:100px;\">REX_VALUE[6]</textarea><br />\r\n<br />\r\n\r\nFormularbeschreibung:<br />\r\n<textarea name=\"VALUE[3]\" style=\"width:100%;height:180px;\">REX_VALUE[3]</textarea><br />\r\n<br />\r\ntyp|bezeichnung|pflicht|default|value<br /><br />\r\n\r\n<strong>Hinweis</strong>\r\n<table class=\"warning\">\r\n<tr>\r\n	<td style=\"vertical-align:top;\">Typen</td>\r\n	<td>\r\n		text<br />\r\n		textarea<br />\r\n		select -> redaxo;doku;forum<br />\r\n		checkbox<br />\r\n		headline</td>\r\n</tr>\r\n<tr>\r\n	<td style=\"vertical-align:top;\">Bezeichnung</td>\r\n	<td>Feldbezeichnung</td>\r\n</tr>\r\n<tr>\r\n	<td style=\"vertical-align:top;\">Pflicht</td>\r\n	<td>1 sonst 0 oder leer</td>\r\n</tr>\r\n<tr>\r\n	<td style=\"vertical-align:top;\">Default</td>\r\n	<td>Wert der bereits erscheinen wird.<br />\r\n	Beispiel<br />\r\n	Eingabe:<br />\r\n	textarea|Adresse:|1| Geben Sie hier bitte Ihre Adresse an! |<br />\r\n	<br />\r\n	Ausgabe:<br />\r\n	&lt;textarea&gt; Geben Sie hier bitte Ihre Adresse an! &lt;/textarea&gt;\r\n	</td>\r\n</tr>\r\n<tr>\r\n	<td style=\"vertical-align:top;\">Value</td>\r\n	<td></td>\r\n</tr>\r\n</table>','','0','0','','','','0','0');
INSERT INTO rex_modultyp VALUES ('8','','01 - Text [wysiwyg]','0','REX_HTML_VALUE[1]','',' Bitte gib den Text ein der zu Sehen sein soll:<br>\r\n<?php\r\n\r\n$a = new rex_wysiwyg_editor();\r\n$a->buttonrow1 = \"styleselect,separator,bold,italic,separator,bullist,numlist,image\";\r\n$a->buttonrow2 = \"link,linkHack,unlink,insertEmail,separator,removeformat,pasteRichtext,code\";\r\n$a->buttonrow3 = \"tablecontrols, separator, visualaid\";\r\n$a->buttonrow4 = \"rowseparator,formatselect,fontselect,fontsizeselect,forecolor,charmap\";\r\n$a->stylesheet = \"/redaxo3_0/files/text.css\";\r\n$a->content = \"REX_VALUE[1]\";\r\n$a->id = 1;\r\n$a->show();\r\n\r\n?><br>','','0','0','','','','0','0');
INSERT INTO rex_modultyp VALUES ('9','','05 - Articlelist','0','<?\r\n\r\n$cat = OOCategory::getCategoryById($this->getValue(\"category_id\"));\r\n$article = $cat->getArticles();\r\n\r\n\r\nif (is_array($article)) {\r\n	foreach ($article as $var) {\r\n\r\n	$articleId		= $var->getId();\r\n	$articleName		= $var->getName();\r\n	$articleDescription	= $var->getDescription();\r\n	\r\n		if ($var->getValue(_startpage) != 1) {\r\n			echo \'<div class=\"article-list\"><h2>\'.$articleName.\'</h2><p>\'.$articleDescription.\'</p><p><a href=\"\'.rex_getUrl($articleId).\'\">mehr >></a></p></div>\';\r\n		}\r\n	}\r\n}\r\n?>','','','','0','0','','','','0','0');
INSERT INTO rex_modultyp VALUES ('10','','05 - Categorylist','0','<?\r\n$cat = OOCategory::getCategoryById($this->getValue(category_id));\r\n$cats = $cat->getChildren();\r\n\r\nprint \'<ul>\';\r\nif (is_array($cats)) {\r\n	foreach ($cats as $cat) {\r\n\r\n	$catId			= $cat->getId();\r\n	$catName		= $cat->getName();\r\n	\r\n	print \'<li><a href=\"\'.rex_getUrl($catId).\'\">\'.$catName.\'</a></li>\';\r\n	}\r\n}\r\nprint \'</ul>\';\r\n?>','','','','0','0','','','','0','0');
INSERT INTO rex_modultyp VALUES ('11','','07 - sitemap','0','<?php\r\n\r\n$user_typ = 1;\r\nif ($FORM[\'USR_TYP\'] != 0) {\r\n	$user_typ = $FORM[\'USR_TYP\'];\r\n}\r\n\r\n\r\necho \'<ul class=\"sitemap1st\">\';\r\nforeach (OOCategory::getRootCategories() as $lev1):\r\n	$catId = $lev1->getId();\r\n\r\n	\r\n	if ($user_typ >= $lev1->getTypeId()) {\r\n	if($lev1->isOnline()):\r\n	\r\n		$lev1Size = sizeof($lev1->getChildren());\r\n		\r\n		print \'<li><a href=\"\'.$lev1->getUrl().\'\">\'.$lev1->getName().\'</a>\';\r\n\r\n		$lev1Size = sizeof($lev1->getChildren());\r\n		if($lev1Size != \"0\"):\r\n			echo \'<ul class=\"sitemap2nd\">\';\r\n			foreach ($lev1->getChildren() as $lev2):\r\n\r\n				if ($lev2->isOnline()):\r\n					print \'<li><a href=\"\'.$lev2->getUrl().\'\">\'.$lev2->getName().\'</a></li>\';\r\n				endif;\r\n			endforeach;\r\n			echo \'</ul>\';\r\n		endif;\r\n		\r\n\r\n		echo \'</li>\';		\r\n	endif;\r\n	}\r\nendforeach;\r\necho \'</ul>\';\r\n\r\n?>','','','','0','0','','','','0','0');
DROP TABLE IF EXISTS rex_template;
CREATE TABLE rex_template ( id int(11) NOT NULL  auto_increment, label varchar(255) NOT NULL  , name varchar(255) NOT NULL  , content text NOT NULL  , bcontent text NOT NULL  , active tinyint(1) NOT NULL DEFAULT 0  , date timestamp(14) NULL  , createuser varchar(255) NOT NULL  , updateuser varchar(255) NOT NULL  , createdate int(11) NOT NULL DEFAULT 0  , updatedate int(11) NOT NULL DEFAULT 0  , PRIMARY KEY(id))TYPE=MyISAM;
INSERT INTO rex_template VALUES ('1','','default','<?php\r\n// Authentifizierungs-Template einbinden\r\ninclude $REX[\'INCLUDE_PATH\'].\"/generated/templates/4.template\";\r\n\r\n//	Setting\r\n////////////////////////////////////////////////////////////////////////////////\r\n$navTemplateId = \"2\";\r\n\r\nini_set(\'arg_separator.output\',  \'&amp;\'); \r\nini_set ( \"arg_separator.output\", \";\");\r\nini_set ( \"url_rewriter.tags\", \"a=href\");\r\n\r\n//	Code\r\n////////////////////////////////////////////////////////////////////////////////\r\n	$article = OOArticle::getArticleById($REX[\'STARTARTIKEL_ID\'], $REX[\'CUR_CLANG\']);\r\n	$articleK = $article->getValue(\"_keywords\");\r\n	$articleD = $article->getDescription();\r\n	\r\n	\r\n	\r\n	include $REX[\'INCLUDE_PATH\'].\"/generated/templates/$navTemplateId.template\";\r\n	\r\n	if($this->getValue(\"description\") != \"\") {\r\n		$meta_beschreibung = htmlspecialchars($this->getValue(\"description\"));\r\n	}\r\n	else {\r\n		$meta_beschreibung = htmlspecialchars($articleD);\r\n	}\r\n	\r\n	if($this->getValue(\"keywords\")!= \"\") {\r\n		$meta_suchbegriffe = htmlspecialchars($this->getValue(\"keywords\"));\r\n	} \r\n	else {\r\n		$meta_suchbegriffe = htmlspecialchars($articleK);\r\n	} \r\n?>\r\n<!DOCTYPE html PUBLIC \"-//W3C//DTD XHTML 1.0 Strict//EN\" \"http://www.w3.org/TR/xhtml1/DTD/xhtml1-strict.dtd\">\r\n<html xmlns=\"http://www.w3.org/1999/xhtml\" xml:lang=\"de\" lang=\"de\">\r\n<head>\r\n<meta http-equiv=\"content-type\" content=\"text/html; charset=iso-8859-1\" />\r\n<title><? print $REX[\'SERVERNAME\'].\' | \'.$this->getValue(\"name\"); ?></title>\r\n<meta name=\"keywords\" content=\"<?php print $meta_suchbegriffe; ?>\" />\r\n<meta name=\"description\" content=\"<?php print $meta_beschreibung; ?>\" />\r\n<link rel=\"stylesheet\" type=\"text/css\" href=\"<? echo $REX[\'HTDOCS_PATH\'] ?>files/main.css\" media=\"screen\" />\r\n</head>\r\n<body>\r\n<div><a name=\"top\"></a></div>\r\n<div id=\"website\">\r\n\r\n<!-- start HEADER -->\r\n	<div id=\"header\">\r\n		<div id=\"logo\">\r\n			<a href=\"/index.php\" title=\"Zur&uuml;ck zur Startseite\"><? print $REX[\'SERVERNAME\']; ?></a>\r\n		</div>\r\n		\r\n		<?php\r\n		if ($navHeader != \"\") {\r\n			print \'<div id=\"header-nav\">\'.$navHeader.\'</div>\';\r\n		}\r\n		?>\r\n		\r\n		<div id=\"breadcrumb\"><?php print $breadcrumb; ?></div>\r\n	</div>\r\n<!-- end header -->\r\n\r\n<!-- start #content -->	\r\n	<div id=\"content\">\r\n	<div id=\"content2\">\r\n		<div id=\"navigation\">\r\n			<?php \r\n			print $navLeftCol;\r\n			\r\n			// Login-Template einbinden\r\n			include $REX[\'INCLUDE_PATH\'].\"/generated/templates/5.template\"; \r\n			?>\r\n\r\n			<div id=\"firefox\"><a href=\"http://www.mozilla-europe.org/de/\">Der Firefoxbrowser</a></div>\r\n		</div>\r\n		<div id=\"main\">\r\n					\r\n			<div id=\"main-block\">\r\n			<div id=\"main-block2\">\r\n				<?php\r\n				print $this->getArticle();\r\n				?>\r\n			</div>\r\n			</div>\r\n		</div><!-- end #main -->\r\n		<br class=\"clear\" />\r\n	</div>\r\n	</div>\r\n<!-- end #content -->\r\n\r\n\r\n</div> <!-- end #website -->\r\n\r\n<div class=\"footer\">\r\n<div class=\"footer2\">\r\n	<p class=\"col-left\">&copy; by REDAXO</p>\r\n	<p class=\"col-right\"><a href=\"<?php print rex_getUrl(8); ?>\">Sitemap</a> | <a href=\"<?php print rex_getUrl(7); ?>\">Impressum</a></p>\r\n	<br class=\"clear\" />\r\n</div>\r\n</div>\r\n\r\n\r\n</body>\r\n\r\n</html>','','1','20060120114119','','','0','0');
INSERT INTO rex_template VALUES ('2','','navigation - vertical','<?php\r\n// EXPLODE PATH\r\n$PATH = explode(\"|\",$this->getValue(\"path\").$this->getValue(\"article_id\").\"|\");\r\n\r\n// GET CURRENTS\r\n$path1 = $PATH[1];\r\n$path2 = $PATH[2];\r\n$path3 = $PATH[3];\r\n\r\n$user_typ = 1;\r\nif ($FORM[\'USR_TYP\'] != 0) {\r\n	$user_typ = $FORM[\'USR_TYP\'];\r\n}\r\n \r\n/* START 1st level categories */\r\n$navLeftCol .= \'<ul class=\"nav1st\">\';\r\nforeach (OOCategory::getRootCategories() as $lev1) {\r\n\r\n	if ($user_typ >= $lev1->getTypeId()) {\r\n	if ($lev1->isOnline()):\r\n		if ($lev1->getId() == $path1) {\r\n			$navLeftCol .= \'<li class=\"active\"><a class=\"current\" href=\"\'.$lev1->getUrl().\'\">\'.$lev1->getName().\'</a>\';\r\n			if ($lev1->getId() != \"1\") {\r\n				$sitePath .= \' &#8250;&#8250; <a href=\"\'.$lev1->getUrl().\'\">\'.$lev1->getName().\'</a>\';\r\n			}\r\n			$titlePath .= \' >> \'.$lev1->getName();\r\n		}\r\n		// 1st level - no active link\r\n		else {\r\n			$navLeftCol .= \'<li><a href=\"\'.$lev1->getUrl().\'\">\'.$lev1->getName().\'</a>\';\r\n		}\r\n			\r\n		// 1st level had categories? -> go on \r\n		$lev1Size = sizeof($lev1->getChildren());\r\n	\r\n		if ($lev1Size != \"0\"):\r\n			$navLeftCol .= \'<ul class=\"nav2nd\">\';\r\n\r\n\r\n			// START 2nd level categories \r\n			foreach ($lev1->getChildren() as $lev2):\r\n						\r\n				if ($lev2->isOnline()):\r\n	\r\n				// 2nd level - active link\r\n					if ($lev2->getId() == $path2) {\r\n						$navLeftCol .= \'<li class=\"active\"><a class=\"current\" href=\"\'.$lev2->getUrl().\'\">\'.$lev2->getName().\'</a></li>\';\r\n						$sitePath .= \' &#8250;&#8250; <a href=\"\'.$lev2->getUrl().\'\">\'.$lev2->getName().\'</a>\';\r\n						$titlePath .= \' >> \'.$lev2->getName();\r\n					}\r\n					// 2nd level - no active link\r\n					else {\r\n						$navLeftCol .= \'<li><a href=\"\'.$lev2->getUrl().\'\">\'.$lev2->getName().\'</a></li>\';\r\n					}\r\n			\r\n				endif;			\r\n				\r\n			endforeach;\r\n			// END 2nd level categories \r\n		\r\n			$navLeftCol .= \'</ul>\';\r\n		endif; // END by if ($lev1Size != \"0\"):\r\n		\r\n		$navLeftCol .= \'</li>\';\r\n\r\n	endif; // END by if ($lev1->isOnline()) \r\n	}\r\n}\r\n$navLeftCol .= \'</ul>\';\r\n// END 1st level categories \r\n\r\nif ($REX[\'CUR_CLANG\'] == 1) $breadcrumb = \'You are here: <a href=\"/index.php?clang=1\">Startpage</a> \'.$sitePath;\r\nelse $breadcrumb = \'Sie befinden sich hier: <a href=\"/index.php\">Startseite</a> \'.$sitePath;\r\n\r\n\r\n?>','','0','20060120113153','','','0','0');
INSERT INTO rex_template VALUES ('3','','navigation - horizontal - vertical','<?php\r\n// EXPLODE PATH\r\n$PATH = explode(\"|\",$this->getValue(\"path\").$this->getValue(\"article_id\").\"|\");\r\n\r\n// GET CURRENTS\r\n$path1 = $PATH[1];\r\n$path2 = $PATH[2];\r\n$path3 = $PATH[3];\r\n\r\n$user_typ = 1;\r\nif ($FORM[\'USR_TYP\'] != 0) {\r\n	$user_typ = $FORM[\'USR_TYP\'];\r\n}\r\n\r\n/* START 1st level categories */\r\n$navHeader .= \'<ul class=\"nav1st\">\';\r\nforeach (OOCategory::getRootCategories() as $lev1) {\r\n	\r\n	if ($user_typ >= $lev1->getTypeId()) {\r\n	if ($lev1->isOnline()):\r\n		if ($lev1->getId() == $path1) {\r\n			$navHeader .= \'<li class=\"active\"><a class=\"current\" href=\"\'.$lev1->getUrl().\'\">\'.$lev1->getName().\'</a>\';\r\n			if ($lev1->getId() != \"1\") {\r\n				$sitePath .= \' &#8250;&#8250; <a href=\"\'.$lev1->getUrl().\'\">\'.$lev1->getName().\'</a>\';\r\n			}\r\n			$titlePath .= \' >> \'.$lev1->getName();\r\n		}\r\n		// 2nd level - no active link\r\n		else {\r\n			$navHeader .= \'<li><a href=\"\'.$lev1->getUrl().\'\">\'.$lev1->getName().\'</a>\';\r\n		}\r\n			\r\n		// 1st level had categories? -> go on \r\n		$lev1Size = sizeof($lev1->getChildren());\r\n	\r\n		if ($lev1->getId() == $path1) {\r\n		if ($lev1Size != \"0\"):\r\n			$navLeftCol .= \'<ul class=\"nav2nd\">\';\r\n			$navLeftCol .= \'<li><strong>Unterkategorien</strong></li>\';\r\n\r\n\r\n			// START 2nd level categories \r\n			foreach ($lev1->getChildren() as $lev2):\r\n						\r\n				if ($lev2->isOnline()):\r\n	\r\n				// 2nd level - active link\r\n					if ($lev2->getId() == $path2) {\r\n						$navLeftCol .= \'<li class=\"active\"><a class=\"current\" href=\"\'.$lev2->getUrl().\'\">\'.$lev2->getName().\'</a></li>\';\r\n						$sitePath .= \' &#8250;&#8250; <a href=\"\'.$lev2->getUrl().\'\">\'.$lev2->getName().\'</a>\';\r\n						$titlePath .= \' >> \'.$lev2->getName();\r\n					}\r\n					// 2nd level - no active link\r\n					else {\r\n						$navLeftCol .= \'<li><a href=\"\'.$lev2->getUrl().\'\">\'.$lev2->getName().\'</a></li>\';\r\n					}\r\n			\r\n				endif;			\r\n				\r\n			endforeach;\r\n			// END 2nd level categories \r\n		\r\n			$navLeftCol .= \'</ul>\';\r\n		endif; // END by if ($lev1Size != \"0\"):\r\n		}\r\n		$navHeader .= \'</li>\';\r\n\r\n	endif; // END by if ($lev1->isOnline()) \r\n	}\r\n}\r\n$navHeader .= \'</ul>\';\r\n// END 1st level categories \r\n\r\nif ($REX[\'CUR_CLANG\'] == 1) $breadcrumb = \'You are here: <a href=\"/index.php?clang=1\">Startpage</a> \'.$sitePath;\r\nelse $breadcrumb = \'Sie befinden sich hier: <a href=\"/index.php\">Startseite</a> \'.$sitePath;\r\n\r\n\r\n\r\n?>','','0','20060120113246','','','0','0');
INSERT INTO rex_template VALUES ('4','','authentifizierung','<?\r\n$errorArticleId = \"20\";\r\n\r\nsetlocale(LC_ALL,\"de_DE\");\r\n\r\n// -------------------------------------------------------------- USER AUTH\r\n\r\nsession_start();\r\n\r\n$FORM[\'USR\'] = false;\r\n\r\n$user_id = 0;\r\n$user_name = \"\";\r\n\r\nif($REX[\'CUR_CLANG\']== \"0\"){\r\n	$error_lang = \"de\"; \r\n}\r\nelse{\r\n	$error_lang = \"en\"; \r\n}\r\n\r\nif ($_SESSION[\'UID\'][\'rexsite\'] !=\"\" OR $FORM[\'loginname\'] != \"\" OR $FORM[\'logout\'] != \"\") {\r\n\r\n	$FORM[\'USER\'] = new login();\r\n	$FORM[\'USER\']->setSqlDb(1);\r\n	$FORM[\'USER\']->setSysID(\"rexsite\");\r\n	$FORM[\'USER\']->setLanguage($error_lang);\r\n	$FORM[\'USER\']->setSessiontime(3000);\r\n	$FORM[\'USER\']->setLogin($FORM[\'loginname\'],$FORM[\'loginpasswort\']);\r\n	if ($FORM[\'LOGOUT\'] == 1) {\r\n		$FORM[\'USER\']->setLogout(true);\r\n	}\r\n	$FORM[\'USER\']->setUserID(\"rex_2_user.id\");\r\n	$FORM[\'USER\']->setUserquery(\"SELECT * \r\n								FROM 	rex_2_user \r\n								WHERE 	id=\'USR_UID\' \r\n								AND 	login_activation=1 \r\n								AND 	user_status=\'1\' \r\n								AND user_typ>\'0\'\");\r\n	$FORM[\'USER\']->setLoginquery(\"SELECT * \r\n								FROM 	rex_2_user \r\n								WHERE	user_login=\'USR_LOGIN\' \r\n								AND		user_password=\'USR_PSW\' \r\n								AND 	login_activation=\'1\' \r\n								AND		user_status=\'1\'\");\r\n\r\n	if ($FORM[\'USER\']->checkLogin()) {\r\n 		$FORM[\'USR\'] 	 = true;\r\n		$user_id 		 = $FORM[\'USER\']->getValue(\"rex_2_user.id\");\r\n		$user_name 		 = $FORM[\'USER\']->getValue(\"rex_2_user.user_name\");\r\n		$FORM[\'USR_ID\']  = $user_id;\r\n		$FORM[\'USR_TYP\'] = $FORM[\'USER\']->getValue(\"rex_2_user.user_typ\");\r\n	}\r\n	else {\r\n		$FORM[\'USR\'] = false;\r\n		$err_msg 		 = $FORM[\'USER\']->message;\r\n		$FORM[\'USR_ID\']  = 0;\r\n		$FORM[\'USR_TYP\'] = 0;\r\n	}\r\n}\r\nelse {\r\n	// nicht eingeloggt und kein login\r\n	$FORM[\'USR_ID\'] = 0;\r\n	$FORM[\'USR_TYP\'] = 0;\r\n}\r\n\r\n\r\n\r\n// EXPLODE PATH\r\n$PATH = explode(\"|\",$this->getValue(\"path\").$this->getValue(\"article_id\").\"|\");\r\n$aid = $this->getValue(\"article_id\");\r\n\r\n// GET CURRENTS\r\n$path1 = $PATH[1];\r\n$path2 = $PATH[2];\r\n$path3 = $PATH[3];\r\n\r\n$lev1 = OOCategory::getCategoryById($path1);\r\n\r\nif ($lev1->getTypeId() > 1 && !$FORM[USR]) {\r\n	$hack = true;\r\n}\r\nelse {\r\n	if ($lev1->getId() == $aid) {\r\n		$hack = false;\r\n	}\r\n	else {\r\n		if (sizeof($lev1->getChildren()) != 0) {\r\n			$lev2 = OOCategory::getCategoryById($path2);\r\n\r\n			if ($lev2->getTypeId() >1 && !$FORM[USR]) {\r\n				$hack = true;\r\n			}\r\n			else {\r\n				if ($lev1->getId() == $aid) {\r\n					$hack = false;\r\n				}\r\n			}\r\n		}\r\n	}\r\n}\r\n\r\nif ($hack) {\r\n	header(\"Location: http://\".$_SERVER[\'HTTP_HOST\'].\"/index.php?article_id=\".$errorArticleId.\"&clang=\".$REX[\'CUR_CLANG\']);\r\n	exit;\r\n}','','0','20060209204504','','','0','0');
INSERT INTO rex_template VALUES ('5','','login','<div class=\"login\"><div class=\"login2\">\r\n<?php\r\n\r\n$msg = \"\";\r\nif($FORM[\'USER\']->message != \"\") {\r\n	$msg = \'<p class=\"warning\">\'.$FORM[\'USER\']->message.\"</p>\";\r\n}\r\n\r\nif(!$FORM[\'USR\'] OR $FORM[\'LOGOUT\'] == 1) {\r\n	\r\n	$FORM[loginname] = \"Login\";\r\n	\r\n	if($REX[\'CUR_CLANG\']==\"0\") {	\r\n		$pwdLang = \"Passwort\";\r\n		$pwfLang = \"Passwort?\";\r\n	}\r\n	else {\r\n		$pwdLang = \"Password\";\r\n		$pwfLang = \"Password?\";\r\n	}\r\n\r\n	print \'\r\n	<form action=\"index.php\" method=\"post\">\r\n	<fieldset>\r\n	<input type=\"hidden\" name=\"article_id\" value=\"\'.$this->getValue(\"article_id\").\'\" />\r\n	<input type=\"hidden\" name=\"FORM[trytologin]\" value=\"1\" />\r\n	<input type=\"hidden\" name=\"clang\" value=\"\'.$REX[\'CUR_CLANG\'].\'\" />\r\n	\r\n	\'.$msg.\'\r\n	<label for=\"login\">Login</label>\r\n	<input id=\"login\" type=\"text\" name=\"FORM[loginname]\" value=\"\" />\r\n		\r\n	<label for=\"paswd\">\'.$pwdLang.\'</label>\r\n	<input id=\"paswd\" type=\"password\" name=\"FORM[loginpasswort]\" value=\"\" />\r\n	\r\n	<input class=\"submit\" type=\"submit\" value=\"anmelden\" />\r\n	\r\n	</fieldset>\r\n	</form>\r\n	\';\r\n}\r\nelse{\r\n	print \r\n	$msg.\'\r\n	<p style=\"text-align:left;\">Login: <strong>\'.$FORM[\'USER\']->getValue(\"user_login\").\'</strong></p>\r\n	<p style=\"text-align:left;\"><a href=\"index.php?article_id=\'.$this->getValue(\"article_id\").\'&clang=\'.$REX[\'CUR_CLANG\'].\'&FORM[LOGOUT]=1\">&laquo; Logout</a></p>\r\n	\';\r\n}\r\n\r\n?></div></div>','','0','20060120110157','','','0','0');
