## Redaxo Database Dump Version 3
## Prefix rex_
DROP TABLE IF EXISTS rex_13_glossar;
CREATE TABLE rex_13_glossar ( short_id int(10) unsigned NOT NULL  auto_increment, shortcut varchar(255) NOT NULL  , description varchar(255) NULL  , language int(1) NULL DEFAULT 0  , casesense tinyint(1) NULL DEFAULT 0  , PRIMARY KEY(short_id))TYPE=MyISAM;
INSERT INTO rex_13_glossar VALUES ('1','z.B.','zum Beispiel1','1','1');
INSERT INTO rex_13_glossar VALUES ('2','e.V.','eingetragener Verein','1','1');
INSERT INTO rex_13_glossar VALUES ('3','Email','elektronische Post','2','0');
INSERT INTO rex_13_glossar VALUES ('4','d.h.','das heisst','1','1');
INSERT INTO rex_13_glossar VALUES ('5','bzw.','beziehungsweise','1','1');
INSERT INTO rex_13_glossar VALUES ('6','usw.','und so weiter','1','1');
INSERT INTO rex_13_glossar VALUES ('7','PC','Personal Computer','1','1');
INSERT INTO rex_13_glossar VALUES ('8','FC','Fussball Club','1','1');
INSERT INTO rex_13_glossar VALUES ('9','Dr.','Doktor','1','1');
INSERT INTO rex_13_glossar VALUES ('10','Ca.','Cirka','1','1');
INSERT INTO rex_13_glossar VALUES ('11','Sa.','Samstag','1','1');
INSERT INTO rex_13_glossar VALUES ('12','So.','Sonntag','1','1');
INSERT INTO rex_13_glossar VALUES ('13','Std.','Stunde','1','1');
INSERT INTO rex_13_glossar VALUES ('14','St.','Sankt','1','1');
INSERT INTO rex_13_glossar VALUES ('15','ggf.','gegebenenfalls','1','1');
INSERT INTO rex_13_glossar VALUES ('16','Tel.','Telefon','1','1');
INSERT INTO rex_13_glossar VALUES ('17','KFZ','Kraftfahrzeug','1','1');
INSERT INTO rex_13_glossar VALUES ('18','CD','Compact Disk','1','1');
INSERT INTO rex_13_glossar VALUES ('19','VW','Volkswagen','1','1');
INSERT INTO rex_13_glossar VALUES ('20','u.a.','unter anderem','1','1');
INSERT INTO rex_13_glossar VALUES ('21','ha.','Hektar','1','1');
INSERT INTO rex_13_glossar VALUES ('22','km','Kilometer','1','1');
INSERT INTO rex_13_glossar VALUES ('23','BITV','Verordnung zur barrierefreien Informationstechnik','1','1');
INSERT INTO rex_13_glossar VALUES ('24','Homepage','Internetseite','2','1');
INSERT INTO rex_13_glossar VALUES ('25','Team','Gemeinschaft','2','1');
INSERT INTO rex_13_glossar VALUES ('26','Training','Übung','1','1');
INSERT INTO rex_13_glossar VALUES ('27','Browser','Medium um Internetseiten darzustellen','2','1');
INSERT INTO rex_13_glossar VALUES ('28','Hobbies','Freizeitgestaltung','1','1');
INSERT INTO rex_13_glossar VALUES ('29','Links','Adressen von Internetseiten','2','1');
INSERT INTO rex_13_glossar VALUES ('30','Outdoor','Draussen im Freien','2','1');
INSERT INTO rex_13_glossar VALUES ('31','Regie','Anleitung','2','1');
INSERT INTO rex_13_glossar VALUES ('32','Layout','Darstellung','2','1');
INSERT INTO rex_13_glossar VALUES ('33','Chat','Kommunikation via Internet','2','1');
INSERT INTO rex_13_glossar VALUES ('34','Newsletter','Rundbrief von Neuigkeiten','2','1');
INSERT INTO rex_13_glossar VALUES ('35','Webseite','Internetseite','2','1');
INSERT INTO rex_13_glossar VALUES ('36','Public','Öffentlichkeit','2','1');
INSERT INTO rex_13_glossar VALUES ('37','Recycling','Wiedereinführung in einen Kreislauf','1','1');
INSERT INTO rex_13_glossar VALUES ('38','Containern','Aufbewahrungsbehälter','1','1');
INSERT INTO rex_13_glossar VALUES ('39','Cowboy','Kuhhirte, Überwiegend zu Pferde unterwegs','2','1');
INSERT INTO rex_13_glossar VALUES ('40','Louis-seize','aus der Zeit von Louis, König aus Frankreich, der einen speziellen Stil darstellt','2','1');
INSERT INTO rex_13_glossar VALUES ('41','Windows','Fenster','2','1');
INSERT INTO rex_13_glossar VALUES ('42','MAC','Personal Computer der Firma Apple','2','1');
INSERT INTO rex_13_glossar VALUES ('43','Explorer','Auswahlfenster','2','1');
INSERT INTO rex_13_glossar VALUES ('44','Return','Zurück zum letzten Punkt','2','1');
INSERT INTO rex_13_glossar VALUES ('45','Screenreader','Bildschirmlesegerät','2','1');
INSERT INTO rex_13_glossar VALUES ('46','Web','Abkürzung für Internet','2','1');
INSERT INTO rex_13_glossar VALUES ('47','Accessibility','Bezeichnung für gute Bedienbarkeit','0','1');
INSERT INTO rex_13_glossar VALUES ('48','World','Welt','2','1');
INSERT INTO rex_13_glossar VALUES ('49','Wide','weite','2','1');
INSERT INTO rex_13_glossar VALUES ('50','Stylesheets','Datei um das Aussehen einer Internetseite zu beschreiben','2','1');
INSERT INTO rex_13_glossar VALUES ('51','JavaScript','Programmiersprache','2','1');
INSERT INTO rex_13_glossar VALUES ('52','Textbrowser','Medium um textbasierte Seiten im Internet darzustellen','2','1');
INSERT INTO rex_13_glossar VALUES ('53','Code','Quelldateien einer Programmiersprache','2','1');
DROP TABLE IF EXISTS rex_13_glossar_lang;
CREATE TABLE rex_13_glossar_lang ( lang_id int(10) unsigned NOT NULL  auto_increment, lang_name varchar(255) NOT NULL  , lang_short varchar(4) NOT NULL  , PRIMARY KEY(lang_id))TYPE=MyISAM;
INSERT INTO rex_13_glossar_lang VALUES ('1','Deutsch','dt');
INSERT INTO rex_13_glossar_lang VALUES ('2','Englisch','en');
INSERT INTO rex_13_glossar_lang VALUES ('3','Französisch','fr');
DROP TABLE IF EXISTS rex_2_group;
CREATE TABLE rex_2_group ( id int(11) NOT NULL  auto_increment, name varchar(255) NOT NULL  , extras text NOT NULL  , PRIMARY KEY(id))TYPE=MyISAM;
DROP TABLE IF EXISTS rex_2_u_g;
CREATE TABLE rex_2_u_g ( id int(11) NOT NULL  auto_increment, user_id int(11) NOT NULL DEFAULT 0  , group_id int(11) NOT NULL DEFAULT 0  , PRIMARY KEY(id))TYPE=MyISAM;
DROP TABLE IF EXISTS rex_2_user;
CREATE TABLE rex_2_user ( id int(11) NOT NULL  auto_increment, user_login varchar(255) NOT NULL  , user_password varchar(255) NOT NULL  , user_name varchar(255) NOT NULL  , user_firstname varchar(255) NOT NULL  , user_gender char(1) NOT NULL  , user_birthdate varchar(255) NOT NULL  , user_eyecolor varchar(255) NOT NULL  , user_haircolor varchar(255) NOT NULL  , user_street varchar(255) NOT NULL  , user_plz varchar(255) NOT NULL  , user_town varchar(255) NOT NULL  , user_phone varchar(255) NOT NULL  , user_mobile varchar(255) NOT NULL  , user_email varchar(255) NOT NULL  , user_icq varchar(255) NOT NULL  , user_aim varchar(255) NOT NULL  , user_msn varchar(255) NOT NULL  , user_skype varchar(255) NOT NULL  , user_private_data_public int(11) NOT NULL DEFAULT 0  , company_name varchar(255) NOT NULL  , company_department varchar(255) NOT NULL  , company_operating_field varchar(255) NOT NULL  , company_street varchar(255) NOT NULL  , company_plz varchar(255) NOT NULL  , company_town varchar(255) NOT NULL  , company_phone varchar(255) NOT NULL  , company_mobile varchar(255) NOT NULL  , company_email varchar(255) NOT NULL  , company_data_public int(11) NOT NULL DEFAULT 0  , personally_positive_characteristics text NOT NULL  , personally_negaitve_characteristics text NOT NULL  , personally_hobby text NOT NULL  , personally_favorite_place text NOT NULL  , personally_slogan text NOT NULL  , personally_data_public int(11) NOT NULL DEFAULT 0  , info_newsletter int(11) NOT NULL DEFAULT 0  , info_mail int(11) NOT NULL DEFAULT 0  , user_status int(11) NOT NULL DEFAULT 0  , user_typ int(11) NOT NULL DEFAULT 0  , user_file1 varchar(255) NOT NULL  , user_file2 varchar(255) NOT NULL  , login_activation int(11) NOT NULL DEFAULT 0  , activation_key varchar(255) NOT NULL  , PRIMARY KEY(id))TYPE=MyISAM;
DROP TABLE IF EXISTS rex_38_icons;
CREATE TABLE rex_38_icons ( icon_id int(10) NOT NULL  auto_increment, icon_type int(10) NOT NULL DEFAULT 0  , icon_group int(10) NOT NULL DEFAULT 0  , icon_name varchar(50) NOT NULL  , icon_show tinyint(1) NOT NULL DEFAULT 0  , icon_sepa tinyint(1) NOT NULL DEFAULT 0  , icon_aTag varchar(30) NOT NULL  , icon_eTag varchar(30) NOT NULL  , icon_aKey varchar(10) NOT NULL  , icon_title varchar(255) NOT NULL  , icon_image varchar(255) NOT NULL  , PRIMARY KEY(icon_id))TYPE=MyISAM;
INSERT INTO rex_38_icons VALUES ('1','1','101','bold','0','0','**','**&nbsp;','f','|**Text**|','bold.png');
INSERT INTO rex_38_icons VALUES ('2','1','101','strong','1','0','*','*&nbsp;','w','|*Text*|','strong.png');
INSERT INTO rex_38_icons VALUES ('3','1','101','italic','0','0','__','__&nbsp;','i','|__Text__|','italic.png');
INSERT INTO rex_38_icons VALUES ('4','1','101','emphasis','1','0','_','_&nbsp;','e','|_Text_|','emphasis.png');
INSERT INTO rex_38_icons VALUES ('5','1','101','delete','1','0','-','-&nbsp;','x','|-Text-|','delete.png');
INSERT INTO rex_38_icons VALUES ('6','1','101','insert','1','0','+','+&nbsp;','v','|+Text+|','insert.png');
INSERT INTO rex_38_icons VALUES ('7','1','102','h1','1','0','#n#nh1.&nbsp;','#n#n','1','|h1. Text|','headline_1.png');
INSERT INTO rex_38_icons VALUES ('8','1','102','h2','1','0','#n#nh2.&nbsp;','#n#n','2','|h2. Text|','headline_2.png');
INSERT INTO rex_38_icons VALUES ('9','1','102','h3','1','0','#n#nh3.&nbsp;','#n#n','3','|h3. Text|','headline_3.png');
INSERT INTO rex_38_icons VALUES ('10','1','102','h4','1','0','#n#nh4.&nbsp;','#n#n','4','|h4. Text|','headline_4.png');
INSERT INTO rex_38_icons VALUES ('11','1','102','h5','1','0','#n#nh5.&nbsp;','#n#n','5','|h5. Text|','headline_5.png');
INSERT INTO rex_38_icons VALUES ('12','1','102','h6','1','0','#n#nh6.&nbsp;','#n#n','6','|h6. Text|','headline_6.png');
INSERT INTO rex_38_icons VALUES ('13','1','103','float_left','1','0','#n#np(flleft).&nbsp;','#n#n','l','|p(flleft). Text|','float_left.png');
INSERT INTO rex_38_icons VALUES ('14','1','103','float_right','1','0','#n#np(flright).&nbsp;','#n#n','r','|p(flright). Text|','float_right.png');
INSERT INTO rex_38_icons VALUES ('15','1','103','align_left','1','0','#n#np<.&nbsp;','#n#n','g','|p<. Text|','align_left.png');
INSERT INTO rex_38_icons VALUES ('16','1','103','align_center','1','0','#n#np=.&nbsp;','#n#n','m','|p=. Text|','align_center.png');
INSERT INTO rex_38_icons VALUES ('17','1','103','align_right','1','0','#n#np>.&nbsp;','#n#n','h','|p>. Text|','align_right.png');
INSERT INTO rex_38_icons VALUES ('18','1','103','align_justify','1','0','#n#np<>.&nbsp;','#n#n','j','|p<>. Text|','align_justify.png');
INSERT INTO rex_38_icons VALUES ('19','1','104','bullet_list','1','0','#n*&nbsp;','#n','b','|* Text|','list_bullets.png');
INSERT INTO rex_38_icons VALUES ('20','1','104','numeric_list','1','0','#n#&nbsp;','#n','n','|# Text|','list_numbers.png');
INSERT INTO rex_38_icons VALUES ('21','1','105','superscript','0','0','^','^','7','|^Text^|','superscript.png');
INSERT INTO rex_38_icons VALUES ('22','1','105','subscript','0','0','~','~','8','|~Text~|','subscript.png');
INSERT INTO rex_38_icons VALUES ('23','1','106','table','1','0','','','t','','table.png');
INSERT INTO rex_38_icons VALUES ('24','1','107','acronym','1','0','','','a','|ABC(Always Be Closing)|','acronym.png');
INSERT INTO rex_38_icons VALUES ('25','1','107','code','0','0','#n@','@#n#n','c','|@Text@|','code.png');
INSERT INTO rex_38_icons VALUES ('26','1','107','blockquote','0','0','#n#nbq.&nbsp;','#n#n','q','|bq. Text|','quote.png');
INSERT INTO rex_38_icons VALUES ('27','1','107','cite','0','0','??','??','z','|??Text??|','quote.png');
INSERT INTO rex_38_icons VALUES ('28','1','107','footnote','0','0','','[ZAHL]#n#n#nfnZAHL.&nbsp;','u','|[n]|','footnote.png');
INSERT INTO rex_38_icons VALUES ('29','1','108','image','1','0','','','i','|!Image Url!|','image.png');
INSERT INTO rex_38_icons VALUES ('30','1','108','image_link','1','0','','','o','|!Image Url!:Url|','image_link.png');
INSERT INTO rex_38_icons VALUES ('31','1','109','link_intern','1','0','','','9','|&#8243;Text(Title)&#8243;:redaxo://aid|','linkintern.png');
INSERT INTO rex_38_icons VALUES ('32','1','109','link_extern','1','0','','','0','|&#8243;Text(Title)&#8243;:Url|','linkextern.png');
INSERT INTO rex_38_icons VALUES ('33','2','201','no-break space','1','0','','&#160;','','No-Break Space','');
INSERT INTO rex_38_icons VALUES ('34','2','201','ampersand','0','0','','&#38;','','Ampersand','');
INSERT INTO rex_38_icons VALUES ('35','2','202','&curren;','0','0','','&#164;','','currency_sign','');
INSERT INTO rex_38_icons VALUES ('36','2','202','cent','0','0','','&#162;','','cent','');
INSERT INTO rex_38_icons VALUES ('37','2','202','euro','0','0','','&#8364;','','euro','');
INSERT INTO rex_38_icons VALUES ('38','2','202','pound','0','0','','&#163;','','pound','');
INSERT INTO rex_38_icons VALUES ('39','2','202','yen','0','0','','&#165;','','yen','');
INSERT INTO rex_38_icons VALUES ('40','2','203','copy','1','0','','&#169;','','copyright','');
INSERT INTO rex_38_icons VALUES ('41','2','203','registered','1','0','','&#174;','','registered','');
INSERT INTO rex_38_icons VALUES ('42','2','203','trademark','1','0','','&#8482;','','trademark','');
INSERT INTO rex_38_icons VALUES ('43','2','203','per-mille-sign','1','0','','&#8240;','','per_mille_sign','');
INSERT INTO rex_38_icons VALUES ('44','2','204','micro','0','0','','&#181;','','micro','');
INSERT INTO rex_38_icons VALUES ('45','2','204','middle-dot','1','0','','&#183;','','middle_dot','');
INSERT INTO rex_38_icons VALUES ('46','2','204','three-dot-leader','1','0','','&#8230;','','three_dot_leader','');
INSERT INTO rex_38_icons VALUES ('47','2','204','minutes','0','0','','&#8242;','','minutes','');
INSERT INTO rex_38_icons VALUES ('48','2','204','seconds','0','0','','&#8243;','','seconds','');
INSERT INTO rex_38_icons VALUES ('49','2','205','paragraph','0','0','','&#182;','','pilcrow','');
INSERT INTO rex_38_icons VALUES ('50','2','205','&iexcl;','0','0','','&#161;','','inverted_exclamation_mark','');
INSERT INTO rex_38_icons VALUES ('51','2','205','&iquest;','0','0','','&#191;','','inverted_question_mark','');
INSERT INTO rex_38_icons VALUES ('52','2','205','quotation-mark','1','0','','&#34;','','quotation_mark','');
INSERT INTO rex_38_icons VALUES ('53','2','205','&lsaquo;','1','0','','&#8249;','','single_left-pointing_angle_quotation_mark','');
INSERT INTO rex_38_icons VALUES ('54','2','205','&rsaquo;','1','0','','&#8250;','','single_right-pointing_angle_quotation_mark','');
INSERT INTO rex_38_icons VALUES ('55','2','205','&laquo;','1','0','','&#171;','','left_pointing_guillemet','');
INSERT INTO rex_38_icons VALUES ('56','2','205','&raquo;','1','0','','&#187;','','right_pointing_guillemet','');
INSERT INTO rex_38_icons VALUES ('57','2','205','&lsquo;','0','0','','&#8216;','','left_single_quotation_mark','');
INSERT INTO rex_38_icons VALUES ('58','2','205','&rsquo;','0','0','','&#8217;','','right_single_quotation_mark','');
INSERT INTO rex_38_icons VALUES ('59','2','205','&sbquo;','0','0','','&#8218;','','single_low-9_quotation_mark','');
INSERT INTO rex_38_icons VALUES ('60','2','205','&ldquo;','0','0','','&#8220;','','left_double_quotation_mark','');
INSERT INTO rex_38_icons VALUES ('61','2','205','&rdquo;','0','0','','&#8221;','','right_double_quotation_mark','');
INSERT INTO rex_38_icons VALUES ('62','2','205','&bdquo;','0','0','','&#8222;','','double_low-9_quotation_mark','');
INSERT INTO rex_38_icons VALUES ('63','2','205','&#8226;','1','0','','&#8226;','','double_high-reversed-9_quotation_mark','');
INSERT INTO rex_38_icons VALUES ('64','2','205','&bull;','1','0','','&#8226;','','bullet','');
INSERT INTO rex_38_icons VALUES ('65','2','206','dash','0','0','','&#45;','','dash','');
INSERT INTO rex_38_icons VALUES ('66','2','206','&not;','0','0','','&#172;','','not_sign','');
INSERT INTO rex_38_icons VALUES ('67','2','206','&shy;','0','0','','&#173;','','soft_hyphen','');
INSERT INTO rex_38_icons VALUES ('68','2','206','&#8208;','0','0','','&#8208;','','hyphen','');
INSERT INTO rex_38_icons VALUES ('69','2','206','&#8209;','0','0','','&#8209;','','no_break_hyphen','');
INSERT INTO rex_38_icons VALUES ('70','2','206','&#8210;','0','0','','&#8210;','','figure_dash','');
INSERT INTO rex_38_icons VALUES ('71','2','206','&ndash;','0','0','','&#8211;','','en_dash','');
INSERT INTO rex_38_icons VALUES ('72','2','206','&mdash;','0','0','','&#8212;','','em_dash','');
INSERT INTO rex_38_icons VALUES ('73','2','206','&#8213;','0','0','','&#8213;','','horizontal_bar','');
INSERT INTO rex_38_icons VALUES ('74','2','207','section','0','0','','&#167;','','section','');
INSERT INTO rex_38_icons VALUES ('75','2','207','ess-zed','0','0','','&#223;','','ess-zed','');
INSERT INTO rex_38_icons VALUES ('76','2','208','&lt;','0','0','','&#60;','','less-than_sign','');
INSERT INTO rex_38_icons VALUES ('77','2','208','&gt;','0','0','','&#62;','','greater-than_sign','');
INSERT INTO rex_38_icons VALUES ('78','2','208','&le;','1','0','','&#8804;','','less-than_or_equal_to','');
INSERT INTO rex_38_icons VALUES ('79','2','208','&ge;','1','0','','&#8805;','','greater-than_or_equal_to','');
INSERT INTO rex_38_icons VALUES ('80','2','209','&macr;','0','0','','&#175;','','macron','');
INSERT INTO rex_38_icons VALUES ('81','2','209','&oline;','0','0','','&#8254;','','overline','');
INSERT INTO rex_38_icons VALUES ('82','2','209','&brvbar;','0','0','','&#166;','','broken_bar','');
INSERT INTO rex_38_icons VALUES ('83','2','210','&uml;','0','0','','&#168;','','diaeresis','');
INSERT INTO rex_38_icons VALUES ('84','2','210','&circ;','0','0','','&#710;','','circumflex_accent','');
INSERT INTO rex_38_icons VALUES ('85','2','210','&tilde;','0','0','','&#732;','','small_tilde','');
INSERT INTO rex_38_icons VALUES ('86','2','210','&deg;','0','0','','&#176;','','degree_sign','');
INSERT INTO rex_38_icons VALUES ('87','2','211','&minus;','1','0','','&#8722;','','minus_sign','');
INSERT INTO rex_38_icons VALUES ('88','2','211','&plusmn;','1','0','','&#177;','','plus-minus_sign','');
INSERT INTO rex_38_icons VALUES ('89','2','211','&divide;','1','0','','&#247;','','division_sign','');
INSERT INTO rex_38_icons VALUES ('90','2','211','&frasl;','1','0','','&#8260;','','fraction_slash','');
INSERT INTO rex_38_icons VALUES ('91','2','211','&times;','1','0','','&#215;','','multiplication_sign','');
INSERT INTO rex_38_icons VALUES ('92','2','212','&sup1;','0','0','','&#185;','','superscript_one','');
INSERT INTO rex_38_icons VALUES ('93','2','212','&sup2;','0','0','','&#178;','','superscript_two','');
INSERT INTO rex_38_icons VALUES ('94','2','212','&sup3;','0','0','','&#179;','','superscript_three','');
INSERT INTO rex_38_icons VALUES ('95','2','213','&frac14;','1','0','','&#188;','','fraction_one_quarter','');
INSERT INTO rex_38_icons VALUES ('96','2','213','&frac12;','1','0','','&#189;','','fraction_one_half','');
INSERT INTO rex_38_icons VALUES ('97','2','213','&frac34;','1','0','','&#190;','','fraction_three_quarters','');
INSERT INTO rex_38_icons VALUES ('98','3','301','zoomin','1','0','','','+','','zoom_in.png');
INSERT INTO rex_38_icons VALUES ('99','3','301','zoomout','1','0','','','-','','zoom_out.png');
DROP TABLE IF EXISTS rex_43_artist_con_group;
CREATE TABLE rex_43_artist_con_group ( id int(10) NOT NULL  auto_increment, con_artist_group_id varchar(10) NOT NULL  , con_artist_id varchar(255) NOT NULL  , PRIMARY KEY(id))TYPE=MyISAM;
INSERT INTO rex_43_artist_con_group VALUES ('1','1','|1|2|');
INSERT INTO rex_43_artist_con_group VALUES ('2','2','|3|4|');
DROP TABLE IF EXISTS rex_43_artists;
CREATE TABLE rex_43_artists ( artist_id int(10) NOT NULL  auto_increment, artist_firstname varchar(255) NOT NULL  , artist_lastname varchar(255) NOT NULL  , artist_nickname varchar(255) NOT NULL  , artist_street varchar(255) NOT NULL  , artist_zip varchar(255) NOT NULL  , artist_city varchar(255) NOT NULL  , artist_phone varchar(30) NOT NULL  , artist_mobile varchar(30) NOT NULL  , artist_image varchar(255) NOT NULL  , artist_aboutme text NOT NULL  , artist_birthday varchar(255) NOT NULL  , artist_sex varchar(255) NOT NULL  , artist_married varchar(255) NOT NULL  , artist_woman varchar(255) NOT NULL  , artist_man varchar(255) NOT NULL  , artist_zodiacsign varchar(255) NOT NULL  , artist_favourite_food text NOT NULL  , artist_favourite_drink text NOT NULL  , artist_favourite_book text NOT NULL  , artist_favourite_music text NOT NULL  , artist_favourite_sport text NOT NULL  , artist_history text NOT NULL  , PRIMARY KEY(artist_id))TYPE=MyISAM;
INSERT INTO rex_43_artists VALUES ('1','Holger','Blum','Blumi','Schillerstraße 6','01705','Freital','','','','','','','','','','','','','','','','');
INSERT INTO rex_43_artists VALUES ('2','Hans-Jörg','Hombsch','Hans-Jürschen','','','','','','','','','','','','','','','','','','','');
INSERT INTO rex_43_artists VALUES ('3','G.','Wiegand','','','','','','','','','','','','','','','','','','','','');
INSERT INTO rex_43_artists VALUES ('4','F.','Meutzner','','','','','','','','','','','','','','','','','','','','');
INSERT INTO rex_43_artists VALUES ('5','Günter','Wamser','','','','','','','','','','','','','','','','','','','','');
INSERT INTO rex_43_artists VALUES ('6','Hartmut','Krienitz','','','','','','','','','','','','','','','','','','','','');
INSERT INTO rex_43_artists VALUES ('7','Dirk','Bleyer','','','','','','','','','','','','','','','','','','','','');
INSERT INTO rex_43_artists VALUES ('8','Reiner','Harscher','','','','','','','','','','','','','','','','','','','','');
INSERT INTO rex_43_artists VALUES ('9','Michael','Martin','','','','','','','','','','','','','','','','','','','','');
DROP TABLE IF EXISTS rex_43_artists_groups;
CREATE TABLE rex_43_artists_groups ( artist_group_id int(10) NOT NULL  auto_increment, artist_group_name varchar(255) NOT NULL  , artist_group_image varchar(255) NOT NULL  , PRIMARY KEY(artist_group_id))TYPE=MyISAM;
INSERT INTO rex_43_artists_groups VALUES ('1','Die Bierhähne','');
INSERT INTO rex_43_artists_groups VALUES ('2','G. Wiegand & F. Meutzner','');
DROP TABLE IF EXISTS rex_43_events;
CREATE TABLE rex_43_events ( event_id int(10) NOT NULL  auto_increment, event_venue_id int(10) NOT NULL DEFAULT 0  , event_program_id int(10) NOT NULL DEFAULT 0  , event_price_id int(10) NOT NULL DEFAULT 0  , event_status_id int(10) NOT NULL DEFAULT 0  , event_time int(11) NOT NULL DEFAULT 0  , event_guest_event tinyint(1) NOT NULL DEFAULT 0  , event_premiere tinyint(1) NOT NULL DEFAULT 0  , PRIMARY KEY(event_id))TYPE=MyISAM;
INSERT INTO rex_43_events VALUES ('1','1','2','1','2','1161453600','0','0');
INSERT INTO rex_43_events VALUES ('2','1','2','1','2','1163185200','0','0');
INSERT INTO rex_43_events VALUES ('3','1','2','1','2','1163790000','0','0');
INSERT INTO rex_43_events VALUES ('4','1','4','1','2','1165518000','0','0');
INSERT INTO rex_43_events VALUES ('5','1','4','1','2','1165604400','0','0');
INSERT INTO rex_43_events VALUES ('6','1','4','1','2','1166554800','0','0');
INSERT INTO rex_43_events VALUES ('7','1','4','1','2','1166641200','0','0');
INSERT INTO rex_43_events VALUES ('8','1','4','1','2','1166727600','0','0');
INSERT INTO rex_43_events VALUES ('9','1','4','1','2','1167332400','0','0');
INSERT INTO rex_43_events VALUES ('10','1','4','1','2','1167418800','0','0');
INSERT INTO rex_43_events VALUES ('11','1','4','1','2','1167505200','0','0');
INSERT INTO rex_43_events VALUES ('12','1','2','1','2','1168110000','0','0');
INSERT INTO rex_43_events VALUES ('13','1','3','1','2','1174071600','0','0');
INSERT INTO rex_43_events VALUES ('14','1','3','1','2','1174158000','0','0');
INSERT INTO rex_43_events VALUES ('15','1','3','1','2','1177869600','0','0');
INSERT INTO rex_43_events VALUES ('16','1','3','1','2','1177956000','0','0');
INSERT INTO rex_43_events VALUES ('17','1','3','1','2','1182535200','0','0');
INSERT INTO rex_43_events VALUES ('18','1','3','1','2','1182621600','0','0');
INSERT INTO rex_43_events VALUES ('19','1','5','2','2','1169233200','0','0');
INSERT INTO rex_43_events VALUES ('20','1','6','2','2','1170529200','0','0');
INSERT INTO rex_43_events VALUES ('21','1','7','2','2','1175277600','0','0');
INSERT INTO rex_43_events VALUES ('22','1','8','2','2','1191002400','0','0');
INSERT INTO rex_43_events VALUES ('23','1','9','2','2','1192816800','0','0');
INSERT INTO rex_43_events VALUES ('24','1','10','3','2','1194634800','0','0');
DROP TABLE IF EXISTS rex_43_prices;
CREATE TABLE rex_43_prices ( price_id int(10) NOT NULL  auto_increment, price_name varchar(255) NOT NULL  , price_1 varchar(30) NOT NULL  , price_2 varchar(30) NOT NULL  , price_3 varchar(30) NOT NULL  , price_4 varchar(30) NOT NULL  , PRIMARY KEY(price_id))TYPE=MyISAM;
INSERT INTO rex_43_prices VALUES ('1','19,90 - 18,50 - 19,90 - 18,50','Rank - 19,90','Rank - 18,50','Parkett - 19,90','Parkett - 18,50');
INSERT INTO rex_43_prices VALUES ('2','8,50 - 7,50 - 8,50 - 7,50','Rank - 8,50','Rank - 7,50','Parkett - 8,50','Parkett - 7,50');
INSERT INTO rex_43_prices VALUES ('3','10,50 - 8,50 - 10,50 - 8,50','Rank - 10,50','Rank - 8,50','Parkett - 10,50','Parkett - 8,50');
DROP TABLE IF EXISTS rex_43_programs;
CREATE TABLE rex_43_programs ( program_id int(10) NOT NULL  auto_increment, program_artist_group_id int(10) NOT NULL DEFAULT 0  , program_artist_id int(10) NOT NULL DEFAULT 0  , program_name varchar(255) NOT NULL  , program_longtext text NOT NULL  , program_shorttext text NOT NULL  , program_image text NOT NULL  , program_status tinyint(1) NOT NULL DEFAULT 0  , PRIMARY KEY(program_id))TYPE=MyISAM;
INSERT INTO rex_43_programs VALUES ('1','1','0','Die Bierhähne als Ich-Ag','Die BIERHÄHNE© … stellen fest, im Leben der beiden gibt es nicht immer das Beste - \"Flaschenbier, Frauen, Ferien…etc\", denn alles kostet Euros. Schade. Man braucht also Geld, um sich das Beste leisten zu können. Durch langes Liegen auf dem Sofa, versuchen siereich zu werden. Keiner glaubt`s, doch es hilft. Fernsehgucken ist ein vorzüglicher Ratgeber. Angesteckt von der Werbung entschließen sich die Bierhähne, in die Showbranche einzusteigen und gründen eine ICH-AG. „Blumi`s“ und „Hans-Jürschen`s“ Köpfe qualmen, denn bei ihrem ersten Auftrag geraten sie in die Zwickmühle und stehen vor der lebenswichtigen Entscheidung: \"Nicht mehr Bier trinken, dafür aber unendlich viel Geld verdienen.\" Oder gibt es da nicht die Möglichkeit: \"Unendlich viel Geld verdienen und gleichzeitig…?\" \r\nWas tun, sprach Zeus, die Götter sind besoffen? Oder ist es \"Hellfried Pilsator\", der Weltmeister im Bierathlon? Vielleicht könnte er in den \"Schöpfungsprozess\" der ICH-AG mit einsteigen…','Die BIERHÄHNE© … stellen fest, im Leben der beiden gibt es nicht immer das Beste - \"Flaschenbier, Frauen, Ferien…etc\", denn ...','','1');
INSERT INTO rex_43_programs VALUES ('2','1','0','Die Bierhähne als Strohwitwer','Die Bierhennen der BIERHÄHNE© sind plötzlich völlig unerwartet in den Urlaub gefahren. Was bleibt? \"Männer allein zu Hause\" oder man kann es auch schlicht und einfach \"Chaos\" nennen. Plötzlich stellen sich den Bierhähnen Fragen wie:\r\n\"Wer holt das Futter? Wer legt die Eier hin? Wer macht das Nest? …\" Was bringt den Bierhähnen die Abwesenheit ihrer Bierhennen: Freibier, Freude, Finanzen durch Flaschenpfand, Fahrerlaubnisentzug, Fußball, Frauen … gewissermaßen alles, jedes Wort, was mit \"F\" anfängt?','Die Bierhennen der BIERHÄHNE© sind plötzlich völlig unerwartet in den Urlaub gefahren. Was bleibt?','','1');
INSERT INTO rex_43_programs VALUES ('3','1','0','Die Bierhähne in der Rumpelkammer','...wer kennt sie nicht, aus dem Fernsehen oder von daheeme.\r\nDen eigentlich nicht genutzten Ort, wo alles reinfliegt – vor allem wenn Besuch kommt - und wo alles das, was man für die Wohnung gekauft hat, sich in der Rumpelkammer wiederfindet. Doch irgendwann, zum Beispiel wenn nischt im Fernsehen kommt oder bei Entrumpelungen, stöbert man in der Rumpelkammer und hält plötzlich Gegenstände in der Hand, die einen Geistesblitz verursachen und an irgendwas erinnern. So geht es auch Blumi und Hans-Jürschen. So richtig rumpelt`s wenn Hellfried Pilsator, der Weltmeister im Bierathlon, die Kammer betritt. Der kann anfassen was er will, schon sprudelts irgendwie aus ihm heraus... Spaß, Gaudi, Humor, Unsinn, Blödsinn...doch alles mit Geist. Naja, manchmal mit einem\r\nHochprozentigen ...','...wer kennt sie nicht, aus dem Fernsehen oder von daheeme.','','1');
INSERT INTO rex_43_programs VALUES ('4','1','0','Weihnachten mit den Bierhähnen','Wer träumt nicht von einem stillen, ruhigen, friedvollen Weihnachtsfest? Kerzen erleuchten den Raum und die Stimmung ist von Liebe und Zuneigung geprägt. Oh wie wäre dies schön.\r\nAber erstens kommt es meistens anders und zweitens als man denkt. Die Bierhähne bringen Ihre Art von \"Weihnachten in Familie\" auf die Bühne. Vom Kartoffelsalat bis Weihnachtsbaum, von Schwiegermutter bis Mürbeteig und vom Entenbraten bis Geschenkpapier, alles wird von den beiden Weihnachtskugeln Blumi und Hans-Jürschn organisiert, produziert und schikaniert. Selbst am Heiligabend bleibt keine Glühweintasse durch Hellfried Pilsator, der Weltmeister im Bierathlon, trocken.\r\nDie Vierte abendfüllende Show der Bierhähne verspricht wieder ein Angriff auf die Lachmuskeln und das auch noch in der besinnlichen Weihnachtszeit…… Na dann \"Schöne Bescherung\".','Wer träumt nicht von einem stillen, ruhigen, friedvollen Weihnachtsfest? Kerzen erleuchten den Raum und die ...','','1');
INSERT INTO rex_43_programs VALUES ('5','2','0','Sächsische Himalaya Expedition - Dhaulagiri 8167m','Zwei Erstbesteigungen im Himalaya und der dramatische Kampf um den siebenthöchsten Berg der Erde, der mit einem Erfolg endete.\r\n\r\nMit fazinierenden Bildern und Filmsequenzen wird über diese außergewöhnliche Unternehmung berichtet. Dazu mußten über 2000 Dias und 16 Stunden Filmmaterial gesichtet werden.\r\n\r\nKnapp 2 Montae dauerte die Arbeit an dem Vortrag.','Eine Film-Dia-Show der zwei Erstbesteigungen im Himalaya und der dramatische Kampf um den siebenthöchsten Berg der Erde, der mit einem Erfolg endete.','','1');
INSERT INTO rex_43_programs VALUES ('6','0','5','Von Feuerland nach Alaska - Der Abenteurer unterwegs mit Pferd und Hund','leer','leer','','1');
INSERT INTO rex_43_programs VALUES ('7','0','6','Irland','leer','leer','','1');
INSERT INTO rex_43_programs VALUES ('8','0','7','Neuseeland (Leicavision)','leer','leer','','1');
INSERT INTO rex_43_programs VALUES ('9','0','8','Kanada / Norwegen - Panoramashow','leer','3 Leinwände, 12 Meter, 10 Projektoren, Leicavision','','1');
INSERT INTO rex_43_programs VALUES ('10','0','9','Die Wüsten der Erde\" - Leicavision','leer','Mit dem Motorrad durch alle Wüsten unserer Erde\r\n','','1');
DROP TABLE IF EXISTS rex_43_status;
CREATE TABLE rex_43_status ( status_id int(10) NOT NULL  auto_increment, status_name varchar(255) NOT NULL  , status_color varchar(7) NOT NULL  , PRIMARY KEY(status_id))TYPE=MyISAM;
INSERT INTO rex_43_status VALUES ('1','ausverkauft','#f8c2c2');
INSERT INTO rex_43_status VALUES ('2','reservieren','#cff8c2');
DROP TABLE IF EXISTS rex_43_templates;
CREATE TABLE rex_43_templates ( template_id int(10) NOT NULL  auto_increment, template_name varchar(255) NOT NULL  , template_venue_id int(10) NOT NULL DEFAULT 0  , template_program_id int(10) NOT NULL DEFAULT 0  , template_price_id int(10) NOT NULL DEFAULT 0  , PRIMARY KEY(template_id))TYPE=MyISAM;
DROP TABLE IF EXISTS rex_43_venues;
CREATE TABLE rex_43_venues ( venue_id int(10) NOT NULL  auto_increment, venue_name varchar(255) NOT NULL  , venue_address varchar(255) NOT NULL  , venue_street varchar(255) NOT NULL  , venue_zip varchar(255) NOT NULL  , venue_city varchar(255) NOT NULL  , venue_land varchar(255) NOT NULL  , venue_website varchar(255) NOT NULL  , venue_phone varchar(255) NOT NULL  , venue_fax varchar(255) NOT NULL  , PRIMARY KEY(venue_id))TYPE=MyISAM;
INSERT INTO rex_43_venues VALUES ('1','Kulturhaus Bischofswerda','','Platz des Volkes 1','01877','Bischofswerda','','http://bischofswerda-kulturhaus.de','','');
DROP TABLE IF EXISTS rex_4_article;
CREATE TABLE rex_4_article ( id int(11) NULL DEFAULT 0  , clang int(11) NULL DEFAULT 0  , path varchar(255) NULL  , name varchar(255) NULL  , category varchar(255) NULL DEFAULT 0  , description text NULL  , artnr varchar(255) NULL  , mwst float NULL DEFAULT 0  , price float NULL DEFAULT 0  , old_price float NOT NULL DEFAULT 0  , deliver_price float NOT NULL DEFAULT 0  , detaildesc text NULL  , instock tinyint(1) NOT NULL DEFAULT 0  , stockinfo varchar(255) NOT NULL  , thumbnail varchar(255) NULL  , picture varchar(255) NULL  , relation_1 int(11) NOT NULL DEFAULT 0  , relation_2 int(11) NOT NULL DEFAULT 0  , relation_3 int(11) NOT NULL DEFAULT 0  , prio int(11) NULL DEFAULT 0  , status int(11) NULL DEFAULT 0  )TYPE=MyISAM;
INSERT INTO rex_4_article VALUES ('19','0','','Acer TravelMate 3202XMi','|21|','Intel Centrino 1.6 GHz   / 512 MB RAM / 80 GB Festplatte / 14.1\" TFT WXGA / DVD-Super-Multi-Brenner  / WLAN 802.11b/g / XP Professional','115','16','1499','0','13','Sie sich und Ihren Mitarbeitern viel Zeit, denn die Zeiten f&uuml;r die\r\nErstellung und Pflege von kostenintensiven statischen Webseiten sind\r\nvorbei. Endg&uuml;ltig!<br />\r\n<br />\r\nOptimieren Sie stattdessen<strong> Ihre professi</strong>onelle Online-Kommunikation mit einem automatisierten Redaktionssystem, bei dem Sie den &Uuml;berblick behalten. <br />\r\n<br />\r\nSo\r\nprofitieren Sie von den zahlreichen Vorteilen, die Ihnen ein\r\nRedaktionssystem wie REDAXO bieten kann. Ohne hohen zeitlichen und <strong>finanziellen Aufwand werden Sie in die Lage versetzt Ihre Inhalte zu verwalten, zu strukturieren und zu gestalten. Erm&ouml;glicht</strong> wird dies durch die log','1','','','tm3200_normal_1.jpg','0','0','0','0','1');
INSERT INTO rex_4_article VALUES ('6','0','','Sony Li-Ion Akku','|32|','Akku PCGA-BP71','Z920','16','199','0','13','Sie sich und Ihren Mitarbeitern viel Zeit, denn die Zeiten f&uuml;r die\r\nErstellung und Pflege von kostenintensiven statischen Webseiten sind\r\nvorbei. Endg&uuml;ltig!<br />\r\n<br />\r\nOptimieren Sie stattdessen<strong> Ihre professi</strong>onelle Online-Kommunikation mit einem automatisierten Redaktionssystem, bei dem Sie den &Uuml;berblick behalten. <br />\r\n<br />\r\nSo\r\nprofitieren Sie von den zahlreichen Vorteilen, die Ihnen ein\r\nRedaktionssystem wie REDAXO bieten kann. Ohne hohen zeitlichen und <strong>finanziellen Aufwand werden Sie in die Lage versetzt Ihre Inhalte zu verwalten, zu strukturieren und zu gestalten. Erm&ouml;glicht</strong> wird dies durch die log','0','','','','0','0','0','0','1');
INSERT INTO rex_4_article VALUES ('8','0','','MyPal A620BT','|44|','Das Mobile Multimedia Center - Kompaktes Design, längere Batterielebensdauer, überragende Leistung und natürlich die Unterstützung des vollen Spektrums von Multimedia Apllikationen.','152','16','279','299','8.9','<table height=\"446\" cellspacing=\"0\" cellpadding=\"0\" width=\"93%\" border=\"0\"><tr><td valign=\"top\" width=\"180\"><p><strong><font color=\"#000000\">Prozessor : <br /></font></strong></p></td><td valign=\"top\" width=\"12\"><font color=\"#000000\"><font color=\"#000000\"><p><font color=\"#000000\" /></p></font></font></td><td valign=\"top\" width=\"384\" colspan=\"3\"><font color=\"#000000\">Latest 400MHz Intel XScale PXA255 Processor<br /></font></td></tr><tr><td valign=\"top\" width=\"180\"><strong><font color=\"#000000\">Betriebssystem:<br /></font></strong></td><td valign=\"top\" width=\"12\"><p><font color=\"#000000\" /></p></td><td valign=\"top\" width=\"384\" colspan=\"3\"><font color=\"#000000\">Microsoft Windows Mobile 2003<br /></font></td></tr><tr><td valign=\"top\" width=\"180\"><strong><font color=\"#000000\">Display, Aufl&ouml;sung, Farben:<br /></font></strong></td><td valign=\"top\" width=\"12\"><p><font color=\"#000000\" /></p></td><td valign=\"top\" width=\"384\" colspan=\"3\"><font color=\"#000000\">3.5&quot; Brilliant Trans-reflective TFT LCD 65536 Full-Colors, 16-bit Display 320X240 resolution<br /></font></td></tr><tr><td valign=\"top\" width=\"180\"><strong><font color=\"#000000\">RAM (max.):<br /></font></strong></td><td valign=\"top\" width=\"12\"><p><font color=\"#000000\" /></p></td><td valign=\"top\" width=\"384\" colspan=\"3\"><font color=\"#000000\">64MB Flash and 64MB SDRAM (55.2 MB user accessible SDRAM for all languages)<br /></font></td></tr><tr><td valign=\"top\" width=\"180\"><strong><font color=\"#000000\">Erweiterung:<br /></font></strong></td><td valign=\"top\" width=\"12\"><p><font color=\"#000000\" /></p></td><td valign=\"top\" width=\"384\" colspan=\"3\"><font color=\"#000000\">1x CompactFlash Type II Card Slot (3.3V/5V)<br /></font></td></tr><tr><td valign=\"top\" width=\"180\"><strong><font color=\"#000000\">Kommunikation:<br /></font></strong></td><td valign=\"top\" width=\"12\"><p><font color=\"#000000\" /></p></td><td valign=\"top\" width=\"384\" colspan=\"3\"><font color=\"#000000\">&bull; IrDA: Faster Infrared Port Support 4Mbps/115Kbps<br /></font><font color=\"#000000\">&bull; Bluetooth: Kompatibel mit Bluetooth Specification Version 1.1<br /></font></td></tr><tr><td valign=\"top\" width=\"180\"><strong><font color=\"#000000\">Sound:<br /></font></strong></td><td valign=\"top\" width=\"12\"><p><font color=\"#000000\" /></p></td><td valign=\"top\" width=\"384\" colspan=\"3\"><font color=\"#000000\">Integriertes Mikrofon und Lautsprecher Full Duplex Record und Playback 1x 3.5 mm Kopfh&ouml;rer und MP3 Stereo (&uuml;ber den Kopfh&ouml;rer)<br /></font></td></tr><tr><td valign=\"top\" width=\"180\"><strong><font color=\"#000000\">Akku (ca. Laufzeit):<br /></font></strong></td><td valign=\"top\" width=\"12\"><p><font color=\"#000000\" /></p></td><td valign=\"top\" width=\"384\" colspan=\"3\"><font color=\"#000000\">1300mAH Lithium Rechargeable Battery<br /></font></td></tr><tr><td valign=\"top\" width=\"180\"><strong><font color=\"#000000\">Gewicht/Ma&szlig;e:<br /></font></strong></td><td valign=\"top\" width=\"12\"><p><font color=\"#000000\" /></p></td><td valign=\"top\" width=\"384\" colspan=\"3\"><font color=\"#000000\">141g/125mm x 76.8mm x 13.3mm (L x W x H)<br /></font></td></tr><tr><td valign=\"top\" width=\"180\"><strong><font color=\"#000000\">Sonstiges:<br /></font></strong><strong><p><font color=\"#000000\" /></p></strong></td><td valign=\"top\" width=\"12\"><p><font color=\"#000000\" /></p></td><td valign=\"top\" width=\"384\" colspan=\"3\"><font color=\"#000000\">Easy Access: 1 Navigation Button 4 programmierbare Application Buttons (System, Calendar, Contacts, Tasks)<br /></font></td></tr><tr><td valign=\"top\" width=\"180\"><strong><font color=\"#000000\">Garantie:<br /></font></strong><strong><p><font color=\"#000000\" /></p></strong></td><td valign=\"top\" width=\"12\"><p><font color=\"#000000\" /></p></td><td valign=\"top\" width=\"384\" colspan=\"3\"><font color=\"#000000\">2 Jahre P&amp;R - 2 Jahre international<br /></font></td></tr><tr><td valign=\"top\" width=\"262\" colspan=\"3\"><strong><font color=\"#000000\">Irrt&uuml;mer und &Auml;nderungen vorbehalten.<br /></font></strong></td><td valign=\"top\" width=\"1\"><p><font color=\"#000000\" /></p></td><td valign=\"top\" width=\"313\"><p><font color=\"#000000\" /></p></td></tr></table>','1','','','a620bt_m.jpg','0','0','0','0','1');
INSERT INTO rex_4_article VALUES ('9','0','','ASUS MyPAL A730W','|44|','Der weltweit erste Pocket PC mit eingebauter 1.3 Mega-Pixel Digitalkamera','96','16','479','499','0','Sie sich und Ihren Mitarbeitern viel Zeit, denn die Zeiten f&uuml;r die\r\nErstellung und Pflege von kostenintensiven statischen Webseiten sind\r\nvorbei. Endg&uuml;ltig!<br />\r\n<br />\r\nOptimieren Sie stattdessen<strong> Ihre professi</strong>onelle Online-Kommunikation mit einem automatisierten Redaktionssystem, bei dem Sie den &Uuml;berblick behalten. <br />\r\n<br />\r\nSo\r\nprofitieren Sie von den zahlreichen Vorteilen, die Ihnen ein\r\nRedaktionssystem wie REDAXO bieten kann. Ohne hohen zeitlichen und <strong>finanziellen Aufwand werden Sie in die Lage versetzt Ihre Inhalte zu verwalten, zu strukturieren und zu gestalten. Erm&ouml;glicht</strong> wird dies durch die log','1','','','a730w_2.jpg','0','0','0','0','1');
INSERT INTO rex_4_article VALUES ('10','0','','Acer Pocket PC N35 mit Navigation','|45|','Leicht, stilvoll und flach * Leistung und Skalierbarkeit * Kabellose Technologien \r\n* Produktivität unterwegs * Handhelds mit Navigationssystem','1116','16','379','0','13','Sie sich und Ihren Mitarbeitern viel Zeit, denn die Zeiten f&uuml;r die\r\nErstellung und Pflege von kostenintensiven statischen Webseiten sind\r\nvorbei. Endg&uuml;ltig!<br />\r\n<br />\r\nOptimieren Sie stattdessen<strong> Ihre professi</strong>onelle Online-Kommunikation mit einem automatisierten Redaktionssystem, bei dem Sie den &Uuml;berblick behalten. <br />\r\n<br />\r\nSo\r\nprofitieren Sie von den zahlreichen Vorteilen, die Ihnen ein\r\nRedaktionssystem wie REDAXO bieten kann. Ohne hohen zeitlichen und <strong>finanziellen Aufwand werden Sie in die Lage versetzt Ihre Inhalte zu verwalten, zu strukturieren und zu gestalten. Erm&ouml;glicht</strong> wird dies durch die log','0','','','acer_n30_pda.jpg','0','0','0','0','1');
INSERT INTO rex_4_article VALUES ('21','0','','ASUS A6743NELH','|22|','Intel Centrino 1.70 GHz  / 512 MB DDR RAM / 60 GB Festplatte / 15.4\" TFT WXGA / 8x DVD-Dual-Brenner Double Layer / WLAN 802.11g / eingebaute Web-/Videokamera / XP Home','181','16','1099','0','13','Sie sich und Ihren Mitarbeitern viel Zeit, denn die Zeiten f&uuml;r die\r\nErstellung und Pflege von kostenintensiven statischen Webseiten sind\r\nvorbei. Endg&uuml;ltig!<br />\r\n<br />\r\nOptimieren Sie stattdessen<strong> Ihre professi</strong>onelle Online-Kommunikation mit einem automatisierten Redaktionssystem, bei dem Sie den &Uuml;berblick behalten. <br />\r\n<br />\r\nSo\r\nprofitieren Sie von den zahlreichen Vorteilen, die Ihnen ein\r\nRedaktionssystem wie REDAXO bieten kann. Ohne hohen zeitlichen und <strong>finanziellen Aufwand werden Sie in die Lage versetzt Ihre Inhalte zu verwalten, zu strukturieren und zu gestalten. Erm&ouml;glicht</strong> wird dies durch die log','1','','','asusa3823glh.gif','22','0','0','0','1');
INSERT INTO rex_4_article VALUES ('18','0','','Acer TravelMate 2304WLMi','|21|','Intel Celeron M 1.3 GHz   / 512 MB RAM / 60 GB Festplatte / 15.4\" TFT WXGA / DVD-Dual-Brenner  / WLAN 802.11b/g / XP Home','268','16','799','899','13','Sie sich und Ihren Mitarbeitern viel Zeit, denn die Zeiten f&uuml;r die\r\nErstellung und Pflege von kostenintensiven statischen Webseiten sind\r\nvorbei. Endg&uuml;ltig!<br />\r\n<br />\r\nOptimieren Sie stattdessen<strong> Ihre professi</strong>onelle Online-Kommunikation mit einem automatisierten Redaktionssystem, bei dem Sie den &Uuml;berblick behalten. <br />\r\n<br />\r\nSo\r\nprofitieren Sie von den zahlreichen Vorteilen, die Ihnen ein\r\nRedaktionssystem wie REDAXO bieten kann. Ohne hohen zeitlichen und <strong>finanziellen Aufwand werden Sie in die Lage versetzt Ihre Inhalte zu verwalten, zu strukturieren und zu gestalten. Erm&ouml;glicht</strong> wird dies durch die log','1','','','acer_tm2300_2.jpg','19','20','0','0','1');
INSERT INTO rex_4_article VALUES ('20','0','','Acer Travelmate 4601LMi','|21|','Intel Centrino 1.6 GHz   / 512 MB RAM / 60 GB Festplatte / 15.0\" TFT SXGA+ / DVD-Dual -Brenner  / WLAN 802.11b/g / XP Professional','122','16','1299','0','13','Sie sich und Ihren Mitarbeitern viel Zeit, denn die Zeiten f&uuml;r die\r\nErstellung und Pflege von kostenintensiven statischen Webseiten sind\r\nvorbei. Endg&uuml;ltig!<br />\r\n<br />\r\nOptimieren Sie stattdessen<strong> Ihre professi</strong>onelle Online-Kommunikation mit einem automatisierten Redaktionssystem, bei dem Sie den &Uuml;berblick behalten. <br />\r\n<br />\r\nSo\r\nprofitieren Sie von den zahlreichen Vorteilen, die Ihnen ein\r\nRedaktionssystem wie REDAXO bieten kann. Ohne hohen zeitlichen und <strong>finanziellen Aufwand werden Sie in die Lage versetzt Ihre Inhalte zu verwalten, zu strukturieren und zu gestalten. Erm&ouml;glicht</strong> wird dies durch die log','1','','','tm4600_normal.jpg','0','0','0','0','1');
INSERT INTO rex_4_article VALUES ('22','0','','ASUS A3823GLH','|22|','Intel Centrino 1.6 GHz (Dothan) / 512 MB DDR RAM / 40 GB Festplatte / 15\" TFT SXGA+ / 8x DVD-Dual-Brenner Double Layer / WLAN 802.11g / eingebaute Web-/Videokamera / XP Home','116','16','1199','0','13','<p>Das A3823GLH bietet Ihnen hervorragende Grafikleistung f&uuml;r zum\r\nBeispiel Multimedia Pr&auml;sentationen, 3D Gaming und Home Entertainment.\r\nMit dem einzigartigen ASUS Feature GameFace Live, der weltweit ersten\r\nKommunikationsl&ouml;sung f&uuml;r Multi-Player, Video/Audio DirectX PC Gaming,\r\nk&ouml;nnen Sie bis zu acht Spieler simultan verbinden und so Ihre Gegner\r\nw&auml;hrend des Spiels sehen und sprechen.</p>','1','','','a3g_big.jpg','21','0','0','0','1');
INSERT INTO rex_4_article VALUES ('23','0','','Asus W3451NLP','|22|','Intel® Centrino™ 1.7 GHz (Dothan) / 512 MB DDR RAM / 60 GB Festplatte / 14\" TFT WXGA Glare Type / 8x DVD-Dual DoubeLayer Brenner / ATI Mobility Radeon 9700 64 MB  / WLAN 802.11g / Bluetooth / XP Professional / nur 2,2 kg','94','16','1669','1799','13','Streichen Sie mit der Hand &uuml;ber die schwarz schimmernde Oberfl&auml;che aus\r\nAluminium, heben Sie das Displaycover langsam an und schon &ouml;ffnet sich\r\nder Magnetverschluss. Klappen Sie den Deckel hoch und erf&uuml;hlen Sie den\r\nraffiniert in das Scharnier integrierten Startknopf. Das blaue Licht\r\nsagt Ihnen: &quot;Alles ist in Ordnung!&quot; Binnen weniger Sekunden erfahren\r\nSie ein &uuml;berw&auml;ltigendes Bilderlebnis. Das ASUS Glare Type Widescreen\r\nDisplay schmeichelt Ihren Augen mit brillianter Farbdarstellung und\r\nbesonders hoher Detailsch&auml;rfe. Ihr Gef&uuml;hl sagt Ihnen, wenn Sie sich\r\netwas Gutes tun m&ouml;chten, dann kommen Sie um das W3000N nicht herum.','1','','','w3451nlp.jpg','0','0','0','0','1');
INSERT INTO rex_4_article VALUES ('24','0','','ASUS M6743NALP','|22|','Intel® Centrino™ 1.7Ghz (Dothan) / 512 MB DDR RAM / 60 GB Festplatte / 15,4\" TFT WXGA Glare Type / 8x DVD-Dual DoubeLayer Brenner / XP Proffessional','117','16','1669','0','13','<p>Die ASUS M6743NALP ist die perfekte Verbindung von Flexibilit&auml;t,\r\nStil und Performance, sowohl bei der Arbeit als auch in der Freizeit.\r\nDas kompakte Design sichert dem Benutzer noch mehr Funktionalit&auml;t und\r\nMobilit&auml;t, und bietet damit die M&ouml;glichkeit, sowohl am Arbeitsplatz\r\nflexibel zu sein als auch in der Freizeit entspannt die Vorz&uuml;ge dieses\r\nNotebooks zu genie&szlig;en..</p>','1','','','asus_m6743nalp.jpg','0','0','0','0','1');
INSERT INTO rex_4_article VALUES ('25','0','','ASUS V6835VLP','|22|','Intel Centrino 1.73 GHz (Alviso) / 512 MB DDR2 RAM / 60 GB Festplatte / 15\" TFT SXGA+ / Ultra Slim 2x DVD-Dual-Brenner / ATI PCI Express X600 64 MB  / WLAN 802.11g / Bluetooth / XP Proffessional','95','16','1669','1899','13','<p>Das V6000V ist das absolut d&uuml;nne und superleichte 15&quot; Notebook von\r\nASUS. Mit einer Dicke von nur 2,5cm und dem eleganten Design ist es\r\ngenau das richtige Notebook f&uuml;r Gesch&auml;ftsleute und all jene, die das\r\nOptimum an Funktionalit&auml;t und Performance haben m&ouml;chten.</p>','1','','','asus_v6835vlp.jpg','0','0','0','0','1');
INSERT INTO rex_4_article VALUES ('26','0','','ASUS W5683AUP','|22|','Intel Centrino 2.0 GHz (Alviso) / 512 MB DDR2 RAM / 80 GB Festplatte / 12\" TFT WXGA / Ultra Slim DVD-Dual-Brenner / WLAN 802.11g / Bluetooth / integrierte Web-/Videokamera mit 1,3 Megapixel  / XP Professional / nur 1,6 kg','157','16','2179','2199','13','<p>Mit dem W5683AUP, das Funktionalit&auml;t und spezielle Features in\r\ngeschmeidigem und 1,6kg leichtem Design verbindet, sind Sie auf Reisen\r\nstets perfekt ausger&uuml;stet. Zusammen mit dem eingebauten wireless\r\nMausempf&auml;nger ist Mobilit&auml;t nun uneingeschr&auml;nkter als je zuvor!Egal wo\r\nSie sich auch befinden, mit der drehbaren 1,3 Megapixel Kamera k&ouml;nnen\r\nSie kommunizieren mit wem Sie m&ouml;chten. Das eingebaute Mikrofon und die\r\nexklusive LiveFrame Software, die speziell f&uuml;r das W5000A entwickelt\r\nwurde, erm&ouml;glichen es Ihnen, kinderleicht Fotos und Videos aufzunehmen\r\nund wiederzugeben.</p><br />\r\n','1','','','asus_w5683aup.jpg','0','0','0','0','1');
INSERT INTO rex_4_article VALUES ('27','0','','Joybook R22.G11','|65|','Sempron 3000+ / 512MB DDR RAM / 80GB / DVD±RW Double Layer Brenner / WLAN 802.11bg / 15\" XGA TFT (1024x768) / Windows XP Home / 24 Monate Herstellergarantie ','253','16','799','849','13','<font size=\"3\"><font color=\"#000000\"><font color=\"#000000\"><font face=\"Times New Roman\">Geschmackvoll entworfen, bietet das R22 mit dem AMD Sepron 3000+ ein unvergleichbares Notebook-Erlebnis<br /></font></font><p><strong><font size=\"3\" face=\"Times New Roman\" color=\"#000000\">Das Wireless-Wunder</font><font size=\"3\" face=\"Times New Roman\" color=\"#000000\"> </font></strong><font color=\"#000000\"><font face=\"Times New Roman\">mit\r\nUnterst&uuml;tzung f&uuml;r 802.11b/g dual-mode wireless networking, biete das\r\nJoybook R22 super-schnellen Internetzugang, auch wenn Sie einmal weit\r\nweg von zu Hause oder B&uuml;ro sind.</font></font></p><font color=\"#000000\"><font face=\"Times New Roman\"><br />\r\n</font></font></font></font>','1','','','benq_joybook_r22e.jpg','0','0','0','0','1');
DROP TABLE IF EXISTS rex_4_order;
CREATE TABLE rex_4_order ( id int(11) NOT NULL  auto_increment, user_id int(11) NOT NULL DEFAULT 0  , overallsum float NOT NULL DEFAULT 0  , status int(11) NOT NULL DEFAULT 0  , date datetime NOT NULL DEFAULT 0000-00-00 00:00:00  , name varchar(255) NOT NULL  , mailtext text NOT NULL  , PRIMARY KEY(id))TYPE=MyISAM;
DROP TABLE IF EXISTS rex_4_order_product;
CREATE TABLE rex_4_order_product ( id int(11) NOT NULL  auto_increment, product_name varchar(255) NOT NULL  , order_id int(11) NOT NULL DEFAULT 0  , product_id int(11) NOT NULL DEFAULT 0  , amount int(11) NOT NULL DEFAULT 0  , price float NOT NULL DEFAULT 0  , PRIMARY KEY(id))TYPE=MyISAM;
INSERT INTO rex_4_order_product VALUES ('1','Acer TravelMate 4601WLMi','1','3','1','1299');
INSERT INTO rex_4_order_product VALUES ('2','Acer TravelMate 4601WLMi','2','3','1','1299');
INSERT INTO rex_4_order_product VALUES ('3','Acer TravelMate 3202 XMi','2','2','1','1488');
INSERT INTO rex_4_order_product VALUES ('4','ACER Travelmate 4101 LMI','3','5','2','999');
INSERT INTO rex_4_order_product VALUES ('5','Acer TravelMate 2304WLMi','1','18','4','799');
INSERT INTO rex_4_order_product VALUES ('6','Acer TravelMate 4101LMi','1','5','2','999');
INSERT INTO rex_4_order_product VALUES ('7','ASUS M6743NALP','1','24','1','1669');
INSERT INTO rex_4_order_product VALUES ('8','Joybook R22.G11','1','27','2','799');
DROP TABLE IF EXISTS rex_5_article_comment;
CREATE TABLE rex_5_article_comment ( id int(11) NOT NULL  auto_increment, user_id varchar(255) NOT NULL  , user_email varchar(255) NOT NULL  , user_registered int(1) NOT NULL DEFAULT 0  , article_id int(11) NOT NULL DEFAULT 0  , comment text NOT NULL  , stamp int(11) NOT NULL DEFAULT 0  , status int(1) NOT NULL DEFAULT 0  , PRIMARY KEY(id))TYPE=MyISAM;
DROP TABLE IF EXISTS rex_5_board;
CREATE TABLE rex_5_board ( message_id int(11) NOT NULL  auto_increment, re_message_id int(11) NOT NULL DEFAULT 0  , board_id varchar(255) NOT NULL  , user_id varchar(255) NOT NULL  , user_email varchar(255) NOT NULL  , user_registered tinyint(1) NOT NULL DEFAULT 0  , replies int(11) NOT NULL DEFAULT 0  , last_entry varchar(255) NOT NULL  , subject varchar(255) NOT NULL  , message text NOT NULL  , stamp int(11) NOT NULL DEFAULT 0  , status int(1) NOT NULL DEFAULT 0  , PRIMARY KEY(message_id))TYPE=MyISAM;
DROP TABLE IF EXISTS rex_5_ff_file;
CREATE TABLE rex_5_ff_file ( file_id int(14) NOT NULL  auto_increment, re_file_id int(14) NOT NULL DEFAULT 0  , name varchar(255) NOT NULL  , description text NOT NULL  , file_name varchar(255) NOT NULL  , file_type varchar(255) NOT NULL  , file_size int(14) NOT NULL DEFAULT 0  , folder_id int(14) NOT NULL DEFAULT 0  , folder_name varchar(255) NOT NULL  , project_id int(14) NOT NULL DEFAULT 0  , stamp int(14) NOT NULL DEFAULT 0  , date varchar(14) NOT NULL  , user_id int(14) NOT NULL DEFAULT 0  , version int(14) NOT NULL DEFAULT 1  , deleted tinyint(4) NOT NULL DEFAULT 0  , PRIMARY KEY(file_id))TYPE=MyISAM;
DROP TABLE IF EXISTS rex_5_ff_folder;
CREATE TABLE rex_5_ff_folder ( folder_id int(14) NOT NULL  auto_increment, name varchar(255) NOT NULL  , re_folder_id int(14) NOT NULL DEFAULT 0  , user_id int(14) NOT NULL DEFAULT 0  , project_id int(14) NOT NULL DEFAULT 0  , status tinyint(4) NOT NULL DEFAULT 0  , modus tinyint(4) NOT NULL DEFAULT 0  , prior char(2) NOT NULL  , folder_name varchar(255) NOT NULL  , PRIMARY KEY(folder_id))TYPE=MyISAM;
DROP TABLE IF EXISTS rex_5_group;
CREATE TABLE rex_5_group ( id int(11) NOT NULL  auto_increment, name varchar(255) NOT NULL  , extras text NOT NULL  , PRIMARY KEY(id))TYPE=MyISAM;
DROP TABLE IF EXISTS rex_5_session;
CREATE TABLE rex_5_session ( session varchar(255) NOT NULL  , user_id varchar(255) NOT NULL  , name varchar(255) NOT NULL  , stamp varchar(255) NOT NULL  , PRIMARY KEY(session))TYPE=MyISAM;
DROP TABLE IF EXISTS rex_5_u_g;
CREATE TABLE rex_5_u_g ( id int(11) NOT NULL  auto_increment, user_id int(11) NOT NULL DEFAULT 0  , group_id int(11) NOT NULL DEFAULT 0  , PRIMARY KEY(id))TYPE=MyISAM;
DROP TABLE IF EXISTS rex_5_user;
CREATE TABLE rex_5_user ( id int(11) NOT NULL  auto_increment, user_login varchar(255) NOT NULL  , user_password varchar(255) NOT NULL  , user_name varchar(255) NOT NULL  , user_firstname varchar(255) NOT NULL  , user_gender char(1) NOT NULL  , user_birthdate varchar(255) NOT NULL  , user_eyecolor varchar(255) NOT NULL  , user_haircolor varchar(255) NOT NULL  , user_street varchar(255) NOT NULL  , user_plz varchar(255) NOT NULL  , user_town varchar(255) NOT NULL  , user_phone varchar(255) NOT NULL  , user_mobile varchar(255) NOT NULL  , user_email varchar(255) NOT NULL  , user_icq varchar(255) NOT NULL  , user_aim varchar(255) NOT NULL  , user_msn varchar(255) NOT NULL  , user_skype varchar(255) NOT NULL  , user_private_data_public int(11) NOT NULL DEFAULT 0  , company_name varchar(255) NOT NULL  , company_department varchar(255) NOT NULL  , company_operating_field varchar(255) NOT NULL  , company_street varchar(255) NOT NULL  , company_plz varchar(255) NOT NULL  , company_town varchar(255) NOT NULL  , company_phone varchar(255) NOT NULL  , company_mobile varchar(255) NOT NULL  , company_email varchar(255) NOT NULL  , company_data_public int(11) NOT NULL DEFAULT 0  , personally_positive_characteristics text NOT NULL  , personally_negative_characteristics text NOT NULL  , personally_hobby text NOT NULL  , personally_favorite_place text NOT NULL  , personally_slogan text NOT NULL  , personally_data_public int(11) NOT NULL DEFAULT 0  , info_newsletter int(11) NOT NULL DEFAULT 0  , info_mail int(11) NOT NULL DEFAULT 0  , user_status int(11) NOT NULL DEFAULT 0  , user_typ int(11) NOT NULL DEFAULT 0  , user_file1 varchar(255) NOT NULL  , user_file2 varchar(255) NOT NULL  , personally_job text NOT NULL  , personally_homepage text NOT NULL  , personally_reason text NOT NULL  , personally_figure text NOT NULL  , personally_singlestatus text NOT NULL  , login_activation int(11) NOT NULL DEFAULT 0  , activation_key varchar(255) NOT NULL  , mail_nlid varchar(255) NOT NULL  , PRIMARY KEY(id))TYPE=MyISAM;
DROP TABLE IF EXISTS rex_5_user_comment;
CREATE TABLE rex_5_user_comment ( id int(11) NOT NULL  auto_increment, user_id varchar(255) NOT NULL  , from_user_email varchar(255) NOT NULL  , from_user_registered tinyint(4) NOT NULL DEFAULT 0  , from_user_id varchar(255) NOT NULL  , message text NOT NULL  , stamp int(11) NOT NULL DEFAULT 0  , status int(1) NOT NULL DEFAULT 0  , PRIMARY KEY(id))TYPE=MyISAM;
DROP TABLE IF EXISTS rex_5_user_mail;
CREATE TABLE rex_5_user_mail ( id int(11) NOT NULL  auto_increment, user_id varchar(255) NOT NULL  , from_user_id varchar(255) NOT NULL  , message text NOT NULL  , stamp int(11) NOT NULL DEFAULT 0  , status int(1) NOT NULL DEFAULT 0  , PRIMARY KEY(id))TYPE=MyISAM;
DROP TABLE IF EXISTS rex_9_gbook;
CREATE TABLE rex_9_gbook ( id int(10) unsigned NOT NULL  auto_increment, status tinyint(1) NOT NULL DEFAULT 0  , author varchar(255) NOT NULL  , message text NOT NULL  , url varchar(255) NOT NULL  , email varchar(255) NOT NULL  , city varchar(255) NOT NULL  , created int(11) NULL  , reply text NOT NULL  , PRIMARY KEY(id))TYPE=MyISAM;
DROP TABLE IF EXISTS rex_action;
CREATE TABLE rex_action ( id int(11) NOT NULL  auto_increment, name varchar(255) NULL  , action text NULL  , prepost tinyint(4) NULL DEFAULT 0  , sadd tinyint(4) NULL DEFAULT 0  , sedit tinyint(4) NULL DEFAULT 0  , sdelete tinyint(4) NULL DEFAULT 0  , PRIMARY KEY(id))TYPE=MyISAM;
DROP TABLE IF EXISTS rex_article;
CREATE TABLE rex_article ( pid int(11) NOT NULL  auto_increment, id int(11) NULL DEFAULT 0  , re_id int(11) NULL DEFAULT 0  , name varchar(255) NULL  , catname varchar(255) NULL  , cattype int(11) NULL DEFAULT 0  , catprior int(11) NULL DEFAULT 0  , alias varchar(255) NULL  , description text NULL  , attribute text NULL  , file text NULL  , type_id int(11) NULL DEFAULT 0  , teaser tinyint(4) NULL DEFAULT 0  , startpage tinyint(1) NULL DEFAULT 0  , prior int(11) NULL DEFAULT 0  , path varchar(255) NULL  , status tinyint(1) NULL DEFAULT 0  , online_from int(11) NULL DEFAULT 0  , online_to int(11) NULL DEFAULT 0  , createdate int(11) NULL DEFAULT 0  , updatedate int(11) NULL DEFAULT 0  , keywords text NULL  , template_id int(5) NULL DEFAULT 0  , clang int(11) NULL DEFAULT 0  , createuser varchar(255) NULL  , updateuser varchar(255) NULL  , fe_user text NULL  , fe_group text NULL  , fe_ext text NULL  , PRIMARY KEY(pid))TYPE=MyISAM;
INSERT INTO rex_article VALUES ('1','1','0','home','HOME','0','1','','','','','0','0','1','1','|','1','1117036984','1262300400','1117036984','1153236101','','1','0','jan','admin','','','');
INSERT INTO rex_article VALUES ('3','2','0','Über uns','ÜBER UNS','0','2','','','','','0','0','1','1','|','1','1117036987','1262300400','1117036987','1121176842','','1','0','jan','admin','','','');
INSERT INTO rex_article VALUES ('5','3','0','neuigkeiten','AGB','0','5','','','','','0','0','1','1','|','1','1117036991','1262300400','1117036991','1118219559','','1','0','jan','admin','','','');
INSERT INTO rex_article VALUES ('7','4','0','sitemap','SITEMAP','0','6','','','','','0','0','1','1','|','1','1117557252','1262300400','1117557252','1120840721','','1','0','jan','admin','','','');
INSERT INTO rex_article VALUES ('9','5','0','kontakt','KONTAKT','0','3','','','','','0','0','1','1','|','1','1117557259','1262300400','1117557259','1122290056','','1','0','jan','admin','','','');
INSERT INTO rex_article VALUES ('11','6','0','impressum','IMPRESSUM','0','4','','','','','0','0','1','1','|','1','1117557268','1262300400','1117557268','1122327491','','1','0','jan','jan','','','');
INSERT INTO rex_article VALUES ('28','10','3','Pressenews','Pressenews','0','1','','','','','0','0','1','1','|3|','1','1117559775','1262300400','1117559775','1117559775','','1','0','jan','jan','','','');
INSERT INTO rex_article VALUES ('31','11','3','Firmeninfos','Firmeninfos','0','2','','','','','0','0','1','1','|3|','1','1117559782','1262300400','1117559782','1117559782','','1','0','jan','jan','','','');
INSERT INTO rex_article VALUES ('70','46','14','Adresseingabe','Adresseingabe','0','0','','','','','0','0','0','2','|14|','0','1118235638','1262300400','1118235638','1122328193','','1','0','admin','jan','','','');
INSERT INTO rex_article VALUES ('37','13','0','PRODUKTÜBERSICHT','PRODUKTÜBERSICHT','0','7','','','','','0','0','1','1','|','0','1118219585','1262300400','1118219585','1120840480','','1','0','admin','admin','','','');
INSERT INTO rex_article VALUES ('38','14','0','WARENKORB','_WARENKORB','0','9','','','','','0','0','1','1','|','0','1118219677','1262300400','1118219677','1122328041','','1','0','admin','jan','','','');
INSERT INTO rex_article VALUES ('39','15','0','_SUCHE','_SUCHE','0','10','','','','','0','0','1','1','|15|','0','1118219738','1262300400','1118219738','1120574022','','1','0','admin','admin','','','');
INSERT INTO rex_article VALUES ('40','16','13','NOTEBOOKS','NOTEBOOKS','0','1','','','','','0','0','1','1','|13|','1','1118219912','1262300400','1118219912','1121095317','','1','0','admin','laptop','','','');
INSERT INTO rex_article VALUES ('41','17','13','SPECIALS','SPECIALS','0','2','','','','','0','0','1','1','|13|','1','1118219921','1262300400','1118219921','1118219921','','1','0','admin','admin','','','');
INSERT INTO rex_article VALUES ('42','18','13','ZUBEHÖR','ZUBEHÖR','0','4','','','','','0','0','1','1','|13|','1','1118219930','1262300400','1118219930','1118219930','','1','0','admin','admin','','','');
INSERT INTO rex_article VALUES ('43','19','13','SERVICE','SERVICE','0','5','','','','','0','0','1','1','|13|','1','1118219936','1262300400','1118219936','1118219936','','1','0','admin','admin','','','');
INSERT INTO rex_article VALUES ('44','20','13','PDA','PDA','0','3','','','','','0','0','1','1','|13|','1','1118219979','1262300400','1118219979','1122207276','','1','0','admin','laptop','','','');
INSERT INTO rex_article VALUES ('45','21','16','Acer','Acer','0','1','','','','','0','0','1','1','|13|16|','1','1118220360','1262300400','1118220360','1122054873','','1','0','admin','admin','','','');
INSERT INTO rex_article VALUES ('46','22','16','Asus','Asus','0','2','','','','','0','0','1','1','|13|16|','1','1118220367','1262300400','1118220367','1120149533','','1','0','admin','admin','','','');
INSERT INTO rex_article VALUES ('47','23','16','Fujitsu-Siemens','Fujitsu-Siemens','0','4','','','','','0','0','1','1','|13|16|','1','1118220375','1262300400','1118220375','1118220375','','1','0','admin','admin','','','');
INSERT INTO rex_article VALUES ('48','24','16','HP Compaq','HP Compaq','0','5','','','','','0','0','1','1','|13|16|','1','1118220383','1262300400','1118220383','1118220383','','1','0','admin','admin','','','');
INSERT INTO rex_article VALUES ('55','31','17','Zubehör','Zubehör','0','1','','','','','0','0','1','1','|13|17|','1','1118220446','1262300400','1118220446','1120147142','','1','0','admin','admin','','','');
INSERT INTO rex_article VALUES ('56','32','18','Akku','Akku','0','1','','','','','0','0','1','1','|13|18|','1','1118220456','1262300400','1118220456','1120147018','','1','0','admin','admin','','','');
INSERT INTO rex_article VALUES ('57','33','18','Laufwerke','Laufwerke','0','2','','','','','0','0','1','1','|13|18|','1','1118220465','1262300400','1118220465','1118220465','','1','0','admin','admin','','','');
INSERT INTO rex_article VALUES ('58','34','18','PCMCIA','PCMCIA','0','3','','','','','0','0','1','1','|13|18|','1','1118220472','1262300400','1118220472','1118220472','','1','0','admin','admin','','','');
INSERT INTO rex_article VALUES ('60','36','18','Sonstiges','Sonstiges','0','4','','','','','0','0','1','1','|13|18|','1','1118220486','1262300400','1118220486','1118220486','','1','0','admin','admin','','','');
INSERT INTO rex_article VALUES ('68','44','20','ASUS','Asus','0','2','','','','','0','0','1','1','|13|20|','1','1118220658','1262300400','1118220658','1120147799','','1','0','admin','admin','','','');
INSERT INTO rex_article VALUES ('69','45','20','Acer','Acer','0','1','','','','','0','0','1','1','|13|20|','1','1118220671','1262300400','1118220671','1120571223','','1','0','admin','admin','','','');
INSERT INTO rex_article VALUES ('76','52','0','_Printversion','_Printversion','0','1','','','','','0','0','0','1','|','0','1120459596','1262300400','1120459596','1120461227','','0','0','admin','admin','','','');
INSERT INTO rex_article VALUES ('77','53','14','Versandinformationen','Versandinformationen','0','0','','','','','0','0','0','3','|14|','0','1120640395','1262300400','1120640395','1120642750','','1','0','admin','admin','','','');
INSERT INTO rex_article VALUES ('78','54','0','_NEWSLETTER','_NEWSLETTER','0','11','','','','','0','0','1','1','|54|','0','1120640452','1262300400','1120640452','1122326935','','1','0','admin','jan','','','');
INSERT INTO rex_article VALUES ('82','58','0','_EXTRAS','_EXTRAS','0','12','','','','','0','0','1','1','|','0','1121352453','1262300400','1121352453','1121352453','','0','0','jan','jan','','','');
INSERT INTO rex_article VALUES ('83','59','58','produktrelationen','produktrelationen','0','0','','','','','0','0','0','2','|58|','0','1121352489','1262300400','1121352489','1121352757','','0','0','jan','jan','','','');
INSERT INTO rex_article VALUES ('84','60','0','NEWS','NEWS','0','8','','','','','0','0','1','1','|','0','1121352606','1262300400','1121352606','1122327551','','0','0','jan','jan','','','');
INSERT INTO rex_article VALUES ('89','65','16','BenQ','BenQ','0','3','','','','','0','0','1','1','|13|16|','1','1121446522','1262300400','1121446522','1122282711','','1','0','laptop','admin','','','');
DROP TABLE IF EXISTS rex_article_slice;
CREATE TABLE rex_article_slice ( id int(11) NOT NULL  auto_increment, clang int(11) NULL DEFAULT 0  , ctype int(11) NULL DEFAULT 0  , re_article_slice_id int(11) NOT NULL DEFAULT 0  , value1 text NULL  , value2 text NULL  , value3 text NULL  , value4 text NULL  , value5 text NULL  , value6 text NULL  , value7 text NULL  , value8 text NULL  , value9 text NULL  , value10 text NULL  , value11 text NULL  , value12 text NULL  , value13 text NULL  , value14 text NULL  , value15 text NULL  , value16 text NULL  , value17 text NULL  , value18 text NULL  , value19 text NULL  , value20 text NULL  , file1 varchar(255) NULL  , file2 varchar(255) NULL  , file3 varchar(255) NULL  , file4 varchar(255) NULL  , file5 varchar(255) NULL  , file6 varchar(255) NULL  , file7 varchar(255) NULL  , file8 varchar(255) NULL  , file9 varchar(255) NULL  , file10 varchar(255) NULL  , filelist1 text NULL  , filelist2 text NULL  , filelist3 text NULL  , filelist4 text NULL  , filelist5 text NULL  , filelist6 text NULL  , filelist7 text NULL  , filelist8 text NULL  , filelist9 text NULL  , filelist10 text NULL  , link1 int(11) NULL DEFAULT 0  , link2 int(11) NULL DEFAULT 0  , link3 int(11) NULL DEFAULT 0  , link4 int(11) NULL DEFAULT 0  , link5 int(11) NULL DEFAULT 0  , link6 int(11) NULL DEFAULT 0  , link7 int(11) NULL DEFAULT 0  , link8 int(11) NULL DEFAULT 0  , link9 int(11) NULL DEFAULT 0  , link10 int(11) NULL DEFAULT 0  , linklist1 text NULL  , linklist2 text NULL  , linklist3 text NULL  , linklist4 text NULL  , linklist5 text NULL  , linklist6 text NULL  , linklist7 text NULL  , linklist8 text NULL  , linklist9 text NULL  , linklist10 text NULL  , php text NULL  , html text NULL  , article_id int(11) NOT NULL DEFAULT 0  , modultyp_id int(5) NOT NULL DEFAULT 0  , createdate int(11) NULL DEFAULT 0  , updatedate int(11) NULL DEFAULT 0  , createuser varchar(255) NULL  , updateuser varchar(255) NULL  , PRIMARY KEY(id,re_article_slice_id,article_id,modultyp_id))TYPE=MyISAM;
INSERT INTO rex_article_slice VALUES ('1','0','0','45','','','','','','','','','','','','','','','','','','','','','','','','','','','','','','','','','','','','','','','','','0','0','0','0','0','0','0','0','0','0','','','','','','','','','','','<?php\r\n\r\n\r\n// erst ebene ul starten\r\necho \'<ul class=\"nav1st\">\';\r\n\r\n/* START 1st level categories */\r\nforeach (OOCategory::getRootCategories() as $lev1):\r\n\r\n	$lev1->setClang($REX[CUR_CLANG]);\r\n\r\n	//if ($lev1->isOnline()):\r\n	if(substr($lev1->getName(),0,1)!=\"_\"):\r\n		if ($lev1->getId() == $path1)\r\n		{\r\n			/* 1st level - active link */\r\n			echo \'<li class=\"active\"><a href=\"\'.$lev1->getUrl().\'\">\'.$lev1->getName().\'</a>\';\r\n		}else\r\n		{\r\n			/* 1st level - no active link */\r\n			echo \'<li><a href=\"\'.$lev1->getUrl().\'\">\'.$lev1->getName().\'</a>\';\r\n            \r\n		}\r\n\r\n		/* 1st level had categories? -> go on */\r\n		$lev1Size = sizeof($lev1->getChildren());\r\n\r\n		if($lev1Size != \"0\"):\r\n\r\n			echo \'<ul class=\"nav2nd\">\';\r\n\r\n			/* START 2nd level categories */\r\n			foreach ($lev1->getChildren() as $lev2):\r\n\r\n				if ($lev2->isOnline()):\r\n\r\n					if ($lev2->getId() == $path2)\r\n					{\r\n						/* 2nd level - active link */\r\n						echo \'<li class=\"active\"><a class=\"current\" href=\"\'.$lev2->getUrl().\'\">\'.$lev2->getName().\'</a>\';\r\n					}else\r\n					{\r\n						/* 2nd level - no active link */\r\n						echo \'<li><a href=\"\'.$lev2->getUrl().\'\">\'.$lev2->getName().\'</a>\';\r\n					}\r\n\r\n					/* 2nd level had categories? -> go on */\r\n					$lev2Size = sizeof($lev2->getChildren());\r\n\r\n					if($lev2Size != \"0\"):\r\n						echo \'<ul class=\"nav3rd\">\';\r\n\r\n						/* START 3rd level categories */\r\n						foreach ($lev2->getChildren() as $lev3):\r\n						\r\n							if ($lev3->isOnline()):\r\n								if ($lev3->getId() == $path3)\r\n								{\r\n									/* 3rd level - active link */\r\n									echo \'<li class=\"active\"><a class=\"current\" href=\"\'.$lev3->getUrl().\'\">\'.$lev3->getName().\'</a></li>\';\r\n									\r\n								}else\r\n								{\r\n									/* 3rd level - no active link */\r\n									echo \'<li><a href=\"\'.$lev3->getUrl().\'\">\'.$lev3->getName().\'</a></li>\';\r\n								}\r\n								\r\n							endif;\r\n						endforeach;\r\n						/* END 3rd level categories */\r\n\r\n						echo \'</ul>\';\r\n					endif;\r\n\r\n					echo \'</li>\';\r\n				endif;\r\n\r\n			endforeach;\r\n			/* END 2nd level categories */\r\n\r\n			echo \'</ul>\';\r\n		endif;\r\n\r\n		echo \'</li>\';\r\n	endif;\r\nendforeach;\r\n/* END 1st level categories */\r\n\r\necho \'</ul>\';\r\n?>','','4','1','1117559707','1120840721','jan','admin');
INSERT INTO rex_article_slice VALUES ('4','0','0','0','NOTEBOOKS / ACER','','','','','','','','','','','','','','','','','','','','','','','','','','','','','','','','','','','','','','','','0','0','0','0','0','0','0','0','0','0','','','','','','','','','','','','','21','6','1118238271','1120645672','admin','admin');
INSERT INTO rex_article_slice VALUES ('6','0','0','0','Über uns','','','','','','','','','','','','','','','','','','','','','','','','','','','','','','','','','','','','','','','','0','0','0','0','0','0','0','0','0','0','','','','','','','','','','','','','2','6','1118239485','1118239485','admin','admin');
INSERT INTO rex_article_slice VALUES ('3','5','0','0','','','','','','','','','','','','','','','','','','','','','','','','','','','','','','','','','','','','','','','','','0','0','0','0','0','0','0','0','0','0','','','','','','','','','','','<?php\r\n\r\n// erst ebene ul starten\r\necho \'<ul class=\"nav1st\">\';\r\n\r\n/* START 1st level categories */\r\nforeach (OOCategory::getRootCategories() as $lev1):\r\n	\r\n	$lev1->setClang($REX[CUR_CLANG]);\r\n	\r\n	if ($lev1->isOnline()):\r\n	\r\n		if ($lev1->getId() == $path1)\r\n		{\r\n			/* 1st level - active link */\r\n			echo \'<li class=\"active\"><a href=\"\'.$lev1->getUrl().\'\">\'.$lev1->getName().\'</a>\';\r\n		}else\r\n		{\r\n			/* 1st level - no active link */\r\n			echo \'<li><a href=\"\'.$lev1->getUrl().\'\">\'.$lev1->getName().\'</a>\';\r\n		}\r\n		\r\n		/* 1st level had categories? -> go on */\r\n		$lev1Size = sizeof($lev1->getChildren());\r\n		\r\n		if($lev1Size != \"0\"): \r\n\r\n			echo \'<ul class=\"nav2nd\">\';\r\n\r\n			/* START 2nd level categories */\r\n			foreach ($lev1->getChildren() as $lev2):\r\n\r\n				if ($lev2->isOnline()):\r\n	\r\n					if ($lev2->getId() == $path2)\r\n					{\r\n						/* 2nd level - active link */\r\n						echo \'<li class=\"active\"><a class=\"current\" href=\"\'.$lev2->getUrl().\'\">\'.$lev2->getName().\'</a>\';\r\n					}else\r\n					{\r\n						/* 2nd level - no active link */\r\n						echo \'<li><a href=\"\'.$lev2->getUrl().\'\">\'.$lev2->getName().\'</a>\';\r\n					}\r\n					\r\n					/* 2nd level had categories? -> go on */\r\n					$lev2Size = sizeof($lev2->getChildren());\r\n			\r\n					if($lev2Size != \"0\"):\r\n						echo \'<ul class=\"nav3rd\">\';\r\n					\r\n						/* START 3rd level categories */\r\n						foreach ($lev2->getChildren() as $lev3):\r\n							if ($lev3->isOnline()):\r\n								if ($lev3->getId() == $path3)\r\n								{\r\n									/* 3rd level - active link */\r\n									echo \'<li class=\"active\"><a class=\"current\" href=\"\'.$lev3->getUrl().\'\">\'.$lev3->getName().\'</a></li>\';\r\n								}else\r\n								{\r\n									/* 3rd level - no active link */\r\n									echo \'<li><a href=\"\'.$lev3->getUrl().\'\">\'.$lev3->getName().\'</a></li>\';\r\n								}\r\n							endif;\r\n						endforeach;\r\n						/* END 3rd level categories */\r\n			\r\n						echo \'</ul>\';\r\n					endif;\r\n\r\n					echo \'</li>\';\r\n				endif;\r\n			\r\n			endforeach;\r\n			/* END 2nd level categories */\r\n			\r\n			echo \'</ul>\';\r\n		endif;\r\n\r\n		echo \'</li>\';\r\n	endif;\r\nendforeach;\r\n/* END 1st level categories */\r\n\r\necho \'</ul>\';\r\n?>','','4','1','1117559843','1117559843','jan','jan');
INSERT INTO rex_article_slice VALUES ('10','0','0','6','Seit 16 Jahren handeln wir mit grossem Erfolg mit Laptops, Handheld und\r\nZubeh&ouml;r; wir f&uuml;hren Markenger&auml;te mit h&ouml;chstem Niveau wie Toshiba,\r\nCompaq, HP, IBM, Sony, Acer, Fujitsu-Siemens und vielen andere. <br />\r\n','','','','','','','','','','','','','','','','','','','','','','','','','','','','','','','','','','','','','','','','0','0','0','0','0','0','0','0','0','0','','','','','','','','','','','','','2','5','1118243742','1118243742','admin','admin');
INSERT INTO rex_article_slice VALUES ('12','0','0','14','','','','','','','','','','','','','','','','','','','','','','','','','','','','','','','','','','','','','','','','','0','0','0','0','0','0','0','0','0','0','','','','','','','','','','','<br><?php\r\nif(!isset($FORM[send])){\r\n	$FORM[send] = \"\";\r\n}\r\n\r\n$hoverthis = \"onfocus=\'this.style.backgroundColor=\\\"#e6e6e6\\\"\' onblur=\'this.style.backgroundColor=\\\"#fcfcfc\\\"\'\";\r\n\r\n$w_style	= \"style=\'color:#FF0000;\'\";\r\n$warning	= \"\";\r\n$korrektur	= \"<span  class=inputtlabel $w_style>Bitte korrigieren Sie die Rot gekennzeichneten Felder.</span><br>\";\r\n$korrektur = \"\";\r\n$danksagung = \"<span  class=inputtlabel>Vielen Dank für Ihr Interesse, wir werden uns bald möglichst mit Ihnen in Verbindung setzen.<br></span>\";\r\n$msg = \"\";\r\n\r\nif($FORM[send] != \"\"){\r\n\r\n			if(trim($FORM[vorname]) == \"\"){$warning[vorname] = $w_style;}\r\n			if(trim($FORM[name]) == \"\"){$warning[name] = $w_style;}\r\n			if(!ereg(\'^[-!#$%&\\\'*+\\\\./0-9=?A-Z^_`a-z{|}~]+\'.\'@\'.\'[-!#$%&\\\'*+\\\\./0-9=?A-Z^_`a-z{|}~]+\\.\'.\'[-!#$%&\\\'*+\\\\./0-9=?A-Z^_`a-z{|}~]+$\',$FORM[email])){$warning[email] = $w_style;}\r\n\r\n			if(is_array($warning)){\r\n				$FORM[send] = \"\";\r\n				$msg		= $korrektur;\r\n			}else{\r\n\r\n$mailbody = \"\r\nGuten Tag \".$FORM[vorname].\" \".$FORM[name].\",\r\nvielen Dank für Ihre Nachricht an das Team von Laptop-Galerie, die soeben bei uns\r\neingegangen ist.\r\nIhr Anliegen wird so bald wie möglich von unserem Team bearbeitet; zu Ihrer Kontrolle\r\nfinden Sie unten in dieser Mail den von Ihnen angegebenen Text. Für Rückfragen stehen wir\r\nIhnen derweil natürlich jederzeit gerne zur Verfügung.\r\n\r\nMit freundlichen Grüßen,\r\n\r\nIhr Team von Laptop Galerie\r\n\r\n____________________________________\r\nAnrede: \".$FORM[anrede].\"\r\nVorname: \".$FORM[vorname].\"\r\nName: \".$FORM[name].\"\r\nStrasse/nr.: \".$FORM[strasse].\"\r\nPLZ: \".$FORM[plz].\"\r\nOrt: \".$FORM[ort].\"\r\nLand: \".$FORM[land].\"\r\nTelefon: \".$FORM[telefon].\"\r\nFax: \".$FORM[fax].\"\r\nE-Mail: \".$FORM[email].\"\r\n\r\nAnfrage:\r\n\".$FORM[sonstiges].\"\r\n____________________________________\r\n\r\n\r\nDiese Nachricht wurde von www.laptop-galerie.de versendet. Bei Fragen, Anmerkungen oder Beschwerden wenden Sie\r\nsich bitte an info@laptop-galerie.de.\";\r\n\r\n		/* Buchungsmail an Laptop Galerie*/\r\n		$subject = \"Nachricht an Laptop Galerie\";\r\n		$mail_to = $REX[error_emailaddress];\r\n		$mail_from = $FORM[email];\r\n\r\n		$mailbody_prefix = \"Anfrage über das Kontaktscript unter www.laptop-galerie.de\\n\";\r\n		$mailbody_postfix = \"\\n\\n__________________________________\\nDiese Mail wurde Maschinell erstellt.\";\r\n\r\n		$mail = new PHPMailer();\r\n		//$mail->IsSMTP(); // telling the class to use SMTP\r\n		//$mail->Host = \"localhost\"; // SMTP server\r\n		\r\n		$mail->AddAddress($mail_to);\r\n		$mail->From = $mail_from;\r\n		$mail->FromName = $FORM[vorname].\" \".$FORM[name];\r\n		$mail->Subject = $subject;\r\n		$mail->Body = $mailbody_prefix.$mailbody.$mailbody_postfix;\r\n		$mail->Send();\r\n\r\n\r\n		/* Mail an den Kunden */\r\n		$subject = \"Ihre Nachricht an Laptop Galerie\";\r\n		$mail_to = $FORM[email];\r\n		$mail_from = $REX[error_emailaddress];\r\n\r\n		$mailbody_prefix = \"\";\r\n		$mailbody_postfix = \"\";\r\n\r\n		$mail->AddAddress($mail_to);\r\n		$mail->From = $mail_from;\r\n		$mail->FromName = $FORM[vorname].\" \".$FORM[name];\r\n		$mail->Subject = $subject;\r\n		$mail->Body = $mailbody_prefix.$mailbody.$mailbody_postfix;\r\n		$mail->Send();\r\n\r\n\r\n				$msg  		= $danksagung;\r\n			}\r\n\r\n\r\n}\r\n\r\necho $msg;\r\n\r\nif($FORM[send] == \"\"){\r\necho \"	<table border=0 cellspacing=0 cellpadding=0>\r\n		<form action=index.php method=post><input type=hidden name=article_id value=\'5\'>\r\n			<tr>\r\n				<td class=inputtlabel>Anrede</td>\r\n				<td><img src=pics/leer.gif widht=10px height=10px border=0 title=\'\' alt=\'\'></td>\r\n				<td ><input type=text $hoverthis name=FORM[anrede] value=\\\"\".stripslashes($FORM[anrede]).\"\\\" class=inputtext></td>\r\n			</tr>\r\n\r\n			<tr>\r\n				<td class=inputtlabel \".$warning[vorname].\" >Vorname*</td>\r\n				<td><img src=pics/leer.gif widht=10px height=10px border=0 title=\'\' alt=\'\'></td>\r\n				<td ><input type=text $hoverthis name=FORM[vorname] value=\\\"\".stripslashes($FORM[vorname]).\"\\\" class=inputtext></td>\r\n			</tr>\r\n\r\n			<tr>\r\n				<td class=inputtlabel \".$warning[name].\" >Name*</td>\r\n				<td><img src=pics/leer.gif widht=10px height=10px border=0 title=\'\' alt=\'\'></td>\r\n				<td ><input type=text $hoverthis name=FORM[name] value=\\\"\".stripslashes($FORM[name]).\"\\\" class=inputtext></td>\r\n			</tr>\r\n\r\n			<tr>\r\n				<td class=inputtlabel \".$warning[strasse].\" >Strasse / Nr.</td>\r\n				<td><img src=pics/leer.gif widht=10px height=10px border=0 title=\'\' alt=\'\'></td>\r\n				<td ><input type=text $hoverthis name=FORM[strasse] value=\\\"\".stripslashes($FORM[strasse]).\"\\\" class=inputtext></td>\r\n			</tr>\r\n\r\n			<tr>\r\n				<td class=inputtlabel ><span \".$warning[plz].\">PLZ</span> / <span \".$warning[ort].\">Ort</span></td>\r\n				<td><img src=pics/leer.gif widht=10px height=10px border=0 title=\'\' alt=\'\'></td>\r\n				<td><input type=text $hoverthis name=FORM[plz] value=\\\"\".stripslashes($FORM[plz]).\"\\\" class=produktinputtext style=\'width:40px;\'> <input type=text $hoverthis name=FORM[ort] value=\\\"\".stripslashes($FORM[ort]).\"\\\" class=produktinputtext  style=\'width:201px;\'></td>\r\n			</tr>\r\n\r\n			<tr>\r\n				<td class=inputtlabel \".$warning[land].\" >Land</td>\r\n				<td><img src=pics/leer.gif widht=10px height=10px border=0 title=\'\' alt=\'\'></td>\r\n				<td ><input type=text $hoverthis name=FORM[land] value=\\\"\".stripslashes($FORM[land]).\"\\\" class=inputtext></td>\r\n			</tr>\r\n\r\n			<tr>\r\n				<td class=inputtlabel \".$warning[telefon].\" >Telefon</td>\r\n				<td><img src=pics/leer.gif widht=10px height=10px border=0 title=\'\' alt=\'\'></td>\r\n				<td ><input type=text $hoverthis name=FORM[telefon] value=\\\"\".stripslashes($FORM[telefon]).\"\\\" class=inputtext></td>\r\n			</tr>\r\n\r\n			<tr>\r\n				<td class=inputtlabel >Fax</td>\r\n				<td><img src=pics/leer.gif widht=10px height=10px border=0 title=\'\' alt=\'\'></td>\r\n				<td ><input type=text $hoverthis name=FORM[fax] value=\\\"\".stripslashes($FORM[fax]).\"\\\" class=inputtext></td>\r\n			</tr>\r\n\r\n			<tr>\r\n				<td class=inputtlabel \".$warning[email].\" >E-Mail*</td>\r\n				<td><img src=pics/leer.gif widht=10px height=10px border=0 title=\'\' alt=\'\'></td>\r\n				<td ><input type=text $hoverthis name=FORM[email] value=\\\"\".stripslashes($FORM[email]).\"\\\" class=inputtext></td>\r\n			</tr>\r\n			<tr>\r\n				<td class=inputtlabel>Anfrage</td>\r\n				<td><img src=pics/leer.gif widht=10px height=10px border=0 title=\'\' alt=\'\'></td>\r\n				<td><textarea $hoverthis name=FORM[sonstiges] class=inputarea>\".stripslashes($FORM[sonstiges]).\"</textarea></td>\r\n				</tr>\r\n			<tr>\r\n				<td colspan=2>&nbsp;</td><td> <input type=submit name=FORM[send] value=\\\"Abschicken\\\" class=inputsubmit></td>\r\n			</tr></form>\r\n			</table>\";\r\n}\r\n?>\r\n','','5','1','1118245736','1122290056','admin','admin');
INSERT INTO rex_article_slice VALUES ('45','0','0','0','SITEMAP','','','','','','','','','','','','','','','','','','','','','','','','','','','','','','','','','','','','','','','','0','0','0','0','0','0','0','0','0','0','','','','','','','','','','','','','4','6','1120839394','1120839399','admin','admin');
INSERT INTO rex_article_slice VALUES ('13','0','0','0','Kontakt','','','','','','','','','','','','','','','','','','','','','','','','','','','','','','','','','','','','','','','','0','0','0','0','0','0','0','0','0','0','','','','','','','','','','','','','5','6','1118247261','1118247261','admin','admin');
INSERT INTO rex_article_slice VALUES ('14','0','0','13','\r\nWir starten durch mit unserer neuen Webseite. Neues Design, einfachere Handhabung. Wir freuen uns auf Ihr Feedback.','','','','','','','','','','','','','','','','','','','','','','','','','','','','','','','','','','','','','','','','0','0','0','0','0','0','0','0','0','0','','','','','','','','','','','','','5','5','1118247283','1118247283','admin','admin');
INSERT INTO rex_article_slice VALUES ('15','0','0','0','Impressum','','','','','','','','','','','','','','','','','','','','','','','','','','','','','','','','','','','','','','','','0','0','0','0','0','0','0','0','0','0','','','','','','','','','','','','','6','6','1118248339','1118248339','admin','admin');
INSERT INTO rex_article_slice VALUES ('16','0','0','15','<strong>Programmierung/Umsetzung&nbsp;</strong><br />\r\n\r\n<p>\r\n<strong>pergopa Kristinus GbR</strong><br />\r\n\r\nJan und Kai Kristinus<br />\r\n\r\nLange Strasse 31<br />\r\n\r\n60311 Frankfurt&nbsp; am Main<br />\r\n\r\nTel.: 069 913 94 700<br />\r\n\r\neMail: info@pergopa.de<br />\r\n\r\n<a target=\"_blank\" href=\"http://www.pergopa.de\">\r\nhttp://www.pergopa.de</a><br />\r\n\r\n<br />\r\n\r\n<strong>Redaktionssystem (CMS) und Shopsystem REDAXO 3.0</strong><br />\r\n\r\n<a target=\"_blank\" href=\"http://www.redaxo.de\">http://www.redaxo.de</a><br />\r\n\r\n<br />\r\n\r\n<strong>Design</strong><br />\r\n<br />\r\n<strong>vierzwei - Gero Hartmann und Oliver Sch&uuml;rer</strong><br />\r\n\r\nNiddastrasse&nbsp; 65<br />\r\n60329 Frankfurt am Main<br />\r\n\r\nTel:. 069 24007887<br />\r\n\r\neMail: info@vierzwei.de<br />\r\n\r\n<a target=\"_blank\" href=\"http://www.vierzwei.de\">\r\nhttp://www.vierzwei.de</a></p>','','','','','','','','','','','','','','','','','','','','','','','','','','','','','','','','','','','','','','','','0','0','0','0','0','0','0','0','0','0','','','','','','','','','','','','','6','5','1118248490','1122327347','admin','jan');
INSERT INTO rex_article_slice VALUES ('71','0','0','16','<strong>mit freundlicher Unterst&uuml;tzung von Laptop Galerie Frankfurt</strong>.<br />\r\n<a target=\"_blank\" href=\"http://www.laptop-galerie.de\">http://www.laptop-galerie.de</a><br />','','','','','','','','','','','','','','','','','','','','','','','','','','','','','','','','','','','','','','','','0','0','0','0','0','0','0','0','0','0','','','','','','','','','','','','','6','5','1122327466','1122327491','jan','jan');
INSERT INTO rex_article_slice VALUES ('17','0','0','4','21','price asc','','','','','','','','','','','','','','','','','','','','','','','','','','','','','','','','','','','','','','','0','0','0','0','0','0','0','0','0','0','','','','','','','','','','','','','21','13','1120038273','1122054873','admin','admin');
INSERT INTO rex_article_slice VALUES ('19','0','0','21','3','','','','','','','','','','','','','','','','','','','','','','','','','','','','','','','','','','','','','','','','0','0','0','0','0','0','0','0','0','0','','','','','','','','','','','','','16','14','1120053565','1120121852','admin','admin');
INSERT INTO rex_article_slice VALUES ('21','0','0','0','NOTEBOOKS','','','','','','','','','','','','','','','','','','','','','','','','','','','','','','','','','','','','','','','','0','0','0','0','0','0','0','0','0','0','','','','','','','','','','','','','16','6','1120121965','1120121965','admin','admin');
INSERT INTO rex_article_slice VALUES ('22','0','0','0','WARENKORB','','','','','','','','','','','','','','','','','','','','','','','','','','','','','','','','','','','','','','','','0','0','0','0','0','0','0','0','0','0','','','','','','','','','','','','','14','6','1120125052','1120125052','admin','admin');
INSERT INTO rex_article_slice VALUES ('23','0','0','22','','','','','','','','','','','','','','','','','','','','','','','','','','','','','','','','','','','','','','','','','0','0','0','0','0','0','0','0','0','0','','','','','','','','','','','<?php\r\n\r\n$anzahl			= 0;\r\n$sum    		= 0;\r\n$overallsum		= 0;\r\n$overallmwst	= 0;\r\n\r\n$output = \"\r\n		<div class=\\\"wkblock\\\">\r\n  			<div class=\\\"wkbild\\\"></div>\r\n			<div class=\\\"wktexte\\\">\r\n		        <div class=\\\"wkname\\\"><strong>Produktname</strong></div>\r\n		        <div class=\\\"wkanzahl\\\"><strong>Anzahl</strong></div>\r\n				<div class=\\\"wkpreis\\\"><strong>Preis</strong></div>\r\n				<div class=\\\"wksummepreis\\\"><strong>Summe</strong></div>\r\n			</div>\r\n			<div style=\\\"clear:both;\\\"></div>\r\n		</div>\";\r\n\r\n\r\nif(is_array($_SESSION[\'REX_WK\'])){\r\n\r\n    $anzahl_array = array_count_values($_SESSION[\'REX_WK\'][\'id\']);\r\n\r\n	for($i=0; $i<count($anzahl_array);$i++ ){\r\n\r\n		$wk_art = new shop_article(key($anzahl_array), $REX[CUR_LANG]);\r\n\r\n 		if($wk_art->getImage() != \"\"){\r\n            $img = \"<img src=\\\"\".$REX[HTDOCS_PATH].\"index.php?rex_resize=75w__\".$wk_art->getImage().\"\\\" border=0 />\";\r\n		}else{\r\n			$img = \"\";\r\n 	 	}\r\n\r\n		$overallsum	+= current($anzahl_array)*$wk_art->getPrice();\r\n		$mwst = $wk_art->getPrice()*($wk_art->getTax()/(100+$wk_art->getTax()))*current($anzahl_array);\r\n		$overallmwst += $mwst;\r\n\r\n	    $output .= \"\r\n		<div class=\\\"wkblock\\\">\r\n  			<div class=\\\"wkbild\\\">\".$img.\"</div>\r\n			<div class=\\\"wktexte\\\">\r\n		        <div class=\\\"wkname\\\">\".$wk_art->getName().\"<br /><i>Art. Nr. \".$wk_art->getArticleNumber().\"</i></div>\r\n		        <div class=\\\"wkanzahl\\\">\r\n				<a href=\\\"\".rex_getUrl(\"14\", $REX[CUR_CLANG], \"FORM[ADDTOWK][id]=\".$wk_art->getId().\"&FORM[ADDTOWK][price]=\".$wk_art->getPrice()).\"\\\" >+</a>\r\n				\".current($anzahl_array).\"\r\n                <a href=\\\"\".rex_getUrl(\"14\", $REX[CUR_CLANG], \"&FORM[SUBFROMWK][id]=\".$wk_art->getId()).\"\\\" >-</a>\r\n				</div>\r\n				<div class=\\\"wkpreis\\\">\".number_format($wk_art->getPrice() ,2,\".\",\"\").\" €<br />(\".number_format($wk_art->getTax() ,1,\".\",\"\").\"% MwSt.)</div>\r\n				<div class=\\\"wksummepreis\\\">\".number_format(current($anzahl_array)*$wk_art->getPrice() ,2,\".\",\"\").\" €<br />(\".number_format($mwst ,2,\".\",\"\").\" €)</div>\r\n			</div>\r\n			<div style=\\\"clear:both;\\\"></div>\r\n		</div>\";\r\n\r\n        $versand = $versand+($wk_art->getDeliverPrice()*current($anzahl_array));\r\n\r\n		next($anzahl_array);\r\n	}\r\n\r\n	if(count($anzahl_array)<=0){\r\n\r\n        $output .= \"<div class=\\\"wkblock\\\">\r\n					<div class=\\\"wkkeinprodukt\\\"><br /><strong>Es ist kein Produkt im Warenkorb enthalten.</strong><br /><br /></div>\r\n					<div style=\\\"clear:both;\\\"></div>\r\n					</div>\";\r\n\r\n 	}\r\n\r\n}\r\n\r\n\r\n\r\n\r\n$output .= \"\r\n        <div class=\\\"wkblock\\\">\r\n					<div class=\\\"wkgesammtsummebez\\\">Versandkosten</div>\r\n					<div class=\\\"wkgesammtsumme\\\">\".number_format($versand ,2,\".\",\"\").\" €</div>\r\n				<div style=\\\"clear:both;\\\"></div>\r\n		</div>\r\n        <div class=\\\"wkblock\\\">\r\n				<div class=\\\"wkgesammtsummebez\\\"><strong>Summe</strong></div>\r\n				<div class=\\\"wkgesammtsumme\\\"><strong>\".number_format(($overallsum+$versand) ,2,\".\",\"\").\" €</strong></div>\r\n			<div style=\\\"clear:both;\\\"></div>\r\n		</div>\r\n		<div class=\\\"wkblock\\\">\r\n				<div class=\\\"wkgesammtsummebez\\\">(enthaltene MwSt.)</div>\r\n				<div class=\\\"wkgesammtsumme\\\">(\".number_format($overallmwst ,2,\".\",\"\").\" €)</div>\r\n			<div style=\\\"clear:both;\\\"></div>\r\n		</div>\r\n	 	<div class=\\\"wkblock\\\">\r\n				<div class=\\\"wknettoprodukt\\\"><br /><strong>Dieser Betrag entspricht Netto \".number_format(($overallsum-$overallmwst) ,2,\".\",\"\").\" €</strong></div>\r\n			<div style=\\\"clear:both;\\\"></div>\r\n		</div>\r\n		\";\r\n\r\nif(count($anzahl_array)>0){\r\n$output .= \"<div class=\\\"wkblock\\\">\r\n				<div class=\\\"wklinkbestellen\\\"><br /><a href=\\\"\".rex_getUrl(46, $REX[CUR_CLANG]).\"\\\" target=\\\"_self\\\" class=\\\"produktlink\\\">Bestellen</a></div>\r\n			<div style=\\\"clear:both;\\\"></div>\r\n			</div>\";\r\n}\r\n\r\necho $output;\r\n\r\n?>','','14','1','1120128227','1122328041','admin','jan');
INSERT INTO rex_article_slice VALUES ('24','0','0','25','','','','','','','','','','','','','','','','','','','','','','','','','','','','','','','','','','','','','','','','','0','0','0','0','0','0','0','0','0','0','','','','','','','','','','','<?php\r\n\r\n$anzahl			= 0;\r\n$sum    		= 0;\r\n$overallsum		= 0;\r\n$overallmwst	= 0;\r\n$mailoutput 	= \"\";\r\n\r\n$order = new shop_order();\r\n\r\nif(is_array($_SESSION[\'REX_WK\'])){\r\n	$anzahl_array = array_count_values($_SESSION[\'REX_WK\'][\'id\']);\r\n}\r\n\r\nif(count($anzahl_array)>0){\r\n\r\n\r\n	$output = \"\r\n			<div class=\\\"wkblock\\\">\r\n	  			<div class=\\\"wkbild\\\"></div>\r\n				<div class=\\\"wktexte\\\">\r\n			        <div class=\\\"wkname\\\"><strong>Produktname</strong></div>\r\n			        <div class=\\\"wkanzahl\\\"><strong>Anzahl</strong></div>\r\n					<div class=\\\"wkpreis\\\"><strong>Preis</strong></div>\r\n					<div class=\\\"wksummepreis\\\"><strong>Summe</strong></div>\r\n				</div>\r\n				<div style=\\\"clear:both;\\\"></div>\r\n			</div>\";\r\n\r\n	$versand = 0;\r\n	for($i=0; $i<count($anzahl_array);$i++ ){\r\n\r\n		$wk_art = new shop_article(key($anzahl_array), $REX[CUR_LANG]);\r\n\r\n		$order->addProduct(key($anzahl_array), $wk_art->getName(), current($anzahl_array), $wk_art->getPrice());\r\n\r\n 		if($wk_art->getImage() != \"\"){\r\n            $img = \"<img src=\\\"\".$REX[HTDOCS_PATH].\"index.php?rex_resize=75w__\".$wk_art->getImage().\"\\\" border=0 />\";\r\n		}else{\r\n			$img = \"\";\r\n 	 	}\r\n\r\n		$overallsum	+= current($anzahl_array)*$wk_art->getPrice();\r\n		$mwst = $wk_art->getPrice()*($wk_art->getTax()/(100+$wk_art->getTax()))*current($anzahl_array);\r\n		$overallmwst += $mwst;\r\n\r\n	    $output .= \"\r\n		<div class=\\\"wkblock\\\">\r\n  			<div class=\\\"wkbild\\\">\".$img.\"</div>\r\n			<div class=\\\"wktexte\\\">\r\n		        <div class=\\\"wkname\\\">\".$wk_art->getName().\"<br /><i>Art. Nr. \".$wk_art->getArticleNumber().\"</i></div>\r\n		        <div class=\\\"wkanzahl\\\">\".current($anzahl_array).\"</div>\r\n				<div class=\\\"wkpreis\\\">\".number_format($wk_art->getPrice() ,2,\".\",\"\").\" €<br />(\".number_format($wk_art->getTax() ,1,\".\",\"\").\"% MwSt.)</div>\r\n				<div class=\\\"wksummepreis\\\">\".number_format(current($anzahl_array)*$wk_art->getPrice() ,2,\".\",\"\").\" €<br />(\".number_format($mwst ,2,\".\",\"\").\" €)</div>\r\n			</div>\r\n			<div style=\\\"clear:both;\\\"></div>\r\n		</div>\";\r\n\r\n		$mailoutput .= \"Name: \".$wk_art->getName().\"\\n\";\r\n		$mailoutput .= \"Art. Nr.: \".$wk_art->getArticleNumber().\"\\n\";\r\n		$mailoutput .= \"MwSt.: \".number_format($wk_art->getTax() ,1,\".\",\"\").\"%\\n\";\r\n		$mailoutput .= \"Preis: \".number_format($wk_art->getPrice() ,2,\".\",\"\").\" €\\n\";\r\n		$mailoutput .= \"Anzahl: \".current($anzahl_array).\"\\n\";\r\n		$mailoutput .= \"Summe: \".number_format(current($anzahl_array)*$wk_art->getPrice() ,2,\".\",\"\").\" €\\n\\n\";\r\n\r\n		$versand = $versand+($wk_art->getDeliverPrice()*current($anzahl_array));\r\n\r\n		next($anzahl_array);\r\n	}\r\n\r\n    $mailoutput .= \"Versandkosten: \".number_format($versand ,2,\".\",\"\").\" € \\n\";\r\n	$mailoutput .= \"Gesammtsumme: \".number_format(($overallsum+$versand) ,2,\".\",\"\").\" € \\n\";\r\n	$mailoutput .= \"(enthaltene MwSt.) \".number_format($overallmwst ,2,\".\",\"\").\" €\\n\\n\";\r\n	$mailoutput .= \"Dieser Betrag entspricht Netto \".number_format(($overallsum-$overallmwst) ,2,\".\",\"\").\" €\";\r\n\r\n	$output .= \"\r\n	        <div class=\\\"wkblock\\\">\r\n					<div class=\\\"wkgesammtsummebez\\\">Versandkosten</div>\r\n					<div class=\\\"wkgesammtsumme\\\">\".number_format($versand ,2,\".\",\"\").\" €</div>\r\n				<div style=\\\"clear:both;\\\"></div>\r\n			</div>\r\n	        <div class=\\\"wkblock\\\">\r\n					<div class=\\\"wkgesammtsummebez\\\"><strong>Summe</strong></div>\r\n					<div class=\\\"wkgesammtsumme\\\"><strong>\".number_format(($overallsum+$versand),2,\".\",\"\").\" €</strong></div>\r\n				<div style=\\\"clear:both;\\\"></div>\r\n			</div>\r\n			<div class=\\\"wkblock\\\">\r\n					<div class=\\\"wkgesammtsummebez\\\">(enthaltene MwSt.)</div>\r\n					<div class=\\\"wkgesammtsumme\\\">(\".number_format($overallmwst ,2,\".\",\"\").\" €)</div>\r\n				<div style=\\\"clear:both;\\\"></div>\r\n			</div>\r\n		 	<div class=\\\"wkblock\\\">\r\n					<div class=\\\"wknettoprodukt\\\"><br /><strong>Dieser Betrag entspricht Netto \".number_format(($overallsum-$overallmwst) ,2,\".\",\"\").\" €</strong></div>\r\n				<div style=\\\"clear:both;\\\"></div>\r\n			</div>\r\n			\";\r\n\r\n\r\n}\r\n\r\n\r\nif(!isset($FORM[send])){\r\n	$FORM[send] = \"\";\r\n}\r\n\r\n$hoverthis = \"onfocus=\'this.style.backgroundColor=\\\"#e6e6e6\\\"\' onblur=\'this.style.backgroundColor=\\\"#fcfcfc\\\"\'\";\r\n\r\n$w_style	= \"style=\'color:#FF0000;\'\";\r\n$warning	= \"\";\r\n$korrektur	= \"<span  class=inputtlabel $w_style>Bitte korrigieren Sie die Rot gekennzeichneten Felder.</span><br>\";\r\n$danksagung = \"<span  class=inputtlabel>Vielen Dank für Ihre Bestellung. Damit Sie ihre Bestellung nochmals prüfen können haben wir Ihnen eine E-Mail mit Ihrer Bestellung zugesandt.<br /></span>\";\r\n$msg = \"\";\r\n\r\nif($FORM[send] != \"\"){\r\n\r\n			if(trim($FORM[vorname]) == \"\"){$warning[vorname] = $w_style;}\r\n			if(trim($FORM[name]) == \"\"){$warning[name] = $w_style;}\r\n			if(trim($FORM[strasse]) == \"\"){$warning[strasse] = $w_style;}\r\n			if(trim($FORM[plz]) == \"\"){$warning[plz] = $w_style;}\r\n			if(trim($FORM[ort]) == \"\"){$warning[ort] = $w_style;}\r\n			if(trim($FORM[land]) == \"\"){$warning[land] = $w_style;}\r\n			if(trim($FORM[telefon]) == \"\"){$warning[telefon] = $w_style;}\r\n			if(!ereg(\'^[-!#$%&\\\'*+\\\\./0-9=?A-Z^_`a-z{|}~]+\'.\'@\'.\'[-!#$%&\\\'*+\\\\./0-9=?A-Z^_`a-z{|}~]+\\.\'.\'[-!#$%&\\\'*+\\\\./0-9=?A-Z^_`a-z{|}~]+$\',$FORM[email])){$warning[email] = $w_style;}\r\n\r\n			if(is_array($warning)){\r\n				$FORM[send] = \"\";\r\n				$msg		= $korrektur;\r\n			}else{\r\n\r\n$mailbody = \"\r\n\".$mailoutput.\"\r\n\r\nRechnungsadresse:\r\n____________________________________\r\nAnrede: \".$FORM[anrede].\"\r\nFirma: \".$FORM[firma].\"\r\nVorname: \".$FORM[vorname].\"\r\nName: \".$FORM[name].\"\r\nStrasse/nr.: \".$FORM[strasse].\"\r\nPLZ: \".$FORM[plz].\"\r\nOrt: \".$FORM[ort].\"\r\nLand: \".$FORM[land].\"\r\nTelefon: \".$FORM[telefon].\"\r\nFax: \".$FORM[fax].\"\r\nE-Mail: \".$FORM[email].\"\r\n____________________________________\r\n\r\n\r\nLieferadresse (falls abweichend):\r\n____________________________________\r\nFirma: \".$FORM[Lfirma].\"\r\nVorname: \".$FORM[Lvorname].\"\r\nName: \".$FORM[Lname].\"\r\nStrasse/nr.: \".$FORM[Lstrasse].\"\r\nPLZ: \".$FORM[Lplz].\"\r\nOrt: \".$FORM[Lort].\"\r\nLand: \".$FORM[Lland].\"\r\n____________________________________\r\n\";\r\n\r\n		$subject = \"Bestellung\";\r\n		$mail_to = $REX[error_emailaddress];\r\n		$mail_from = $FORM[email];\r\n\r\n\r\n		$mailbody_prefix = \"Eingegangene Bestellung:\\n\";\r\n		$mailbody_postfix = \"\\n\\n\";\r\n\r\n        $mail = new PHPMailer();\r\n		//$mail->IsSMTP(); // telling the class to use SMTP\r\n		//$mail->Host = \"localhost\"; // SMTP server\r\n\r\n        $mail->AddAddress($mail_to);\r\n		$mail->From = $mail_from;\r\n		$mail->FromName = $FORM[vorname].\" \".$FORM[name];\r\n        $mail->Subject = $subject;\r\n		$mail->Body = $mailbody_prefix.$mailbody.$mailbody_postfix;\r\n        $mail->Send();\r\n\r\n\r\n\r\n\r\n  		/* Mail an den Kunden */\r\n		$subject = \"Ihre Bestellung beim R3 Demo Shop\";\r\n		$mail_to = $FORM[email];\r\n		$mail_from = $REX[error_emailaddress];\r\n\r\n		$mailbody_prefix = \"Vielen dank für Ihre Bestellung um fehler zu vermeiden hier nochmal Ihre Bestellung: \";\r\n		$mailbody_postfix = \"\\n\\nSollte es Unstimmigkeiten bei Ihrer Bestellung geben setzen Sie sich bitte mit uns in Verbindung.\\n\\n\";\r\n\r\n        $mail = new PHPMailer();\r\n		//$mail->IsSMTP(); // telling the class to use SMTP\r\n		//$mail->Host = \"localhost\"; // SMTP server\r\n		$mail->AddAddress($mail_to);\r\n		$mail->From = $mail_from;\r\n		$mail->FromName = \"Ordermail R3 Demo Shop\";\r\n        $mail->Subject = $subject;\r\n		$mail->Body = $mailbody_prefix.$mailbody.$mailbody_postfix;\r\n        $mail->Send();\r\n\r\n		$order->setName($FORM[name].\", \".$FORM[vorname]);\r\n		$order->setMailtext($mailbody_prefix.$mailbody.$mailbody_postfix);\r\n        $order->insertOrder();\r\n\r\n		echo  $danksagung;\r\n		$_SESSION[\'REX_WK\'][\'id\'] = array();\r\n		$_SESSION[\'REX_WK\'][\'price\'] = array();\r\n		}\r\n}\r\n\r\n\r\n\r\nif($FORM[send] == \"\"){\r\n//echo $output;\r\n\r\necho \"\r\n		<table bordeR=0 cellspacing=0 cellpadding=0>\r\n		<tr><td colspan=3><strong>Rechnungsadresse</strong><br /><br /></td></tr>\";\r\n/*\r\nif($msg!= \"\"){\r\n	echo \"<tr><td colspan=3><strong>\".$msg.\"</strong></td></tr>\";\r\n}\r\n*/\r\necho \"\r\n		<form action=index.php method=post><input type=hidden name=article_id value=\'46\'>\r\n			<tr>\r\n				<td class=inputtlabel>Anrede</td>\r\n				<td><img src=pics/leer.gif widht=10px height=10px border=0 title=\'\' alt=\'\'></td>\r\n				<td><input type=text $hoverthis name=FORM[anrede] value=\\\"\".stripslashes($FORM[anrede]).\"\\\" class=produktinputtext></td>\r\n			</tr>\r\n\r\n            <tr>\r\n				<td class=inputtlabel \".$warning[firma].\" >Firma</td>\r\n				<td><img src=pics/leer.gif widht=10px height=10px border=0 title=\'\' alt=\'\'></td>\r\n				<td ><input type=text $hoverthis name=FORM[firma] value=\\\"\".stripslashes($FORM[firma]).\"\\\" class=produktinputtext></td>\r\n			</tr>\r\n\r\n			<tr>\r\n				<td class=inputtlabel \".$warning[vorname].\" >Vorname*</td>\r\n				<td><img src=pics/leer.gif widht=10px height=10px border=0 title=\'\' alt=\'\'></td>\r\n				<td ><input type=text $hoverthis name=FORM[vorname] value=\\\"\".stripslashes($FORM[vorname]).\"\\\" class=produktinputtext></td>\r\n			</tr>\r\n\r\n			<tr>\r\n				<td class=inputtlabel \".$warning[name].\" >Name*</td>\r\n				<td><img src=pics/leer.gif widht=10px height=10px border=0 title=\'\' alt=\'\'></td>\r\n				<td ><input type=text $hoverthis name=FORM[name] value=\\\"\".stripslashes($FORM[name]).\"\\\" class=produktinputtext></td>\r\n			</tr>\r\n\r\n			<tr>\r\n				<td class=inputtlabel \".$warning[strasse].\" >Strasse / Nr.*</td>\r\n				<td><img src=pics/leer.gif widht=10px height=10px border=0 title=\'\' alt=\'\'></td>\r\n				<td ><input type=text $hoverthis name=FORM[strasse] value=\\\"\".stripslashes($FORM[strasse]).\"\\\" class=produktinputtext></td>\r\n			</tr>\r\n			<!--\r\n			<tr>\r\n				<td class=inputtlabel \".$warning[plz].\" >PLZ*</td>\r\n				<td><img src=pics/leer.gif widht=10px height=10px border=0 title=\'\' alt=\'\'></td>\r\n				<td ><input type=text $hoverthis name=FORM[plz] value=\\\"\".stripslashes($FORM[plz]).\"\\\" class=produktinputtext></td>\r\n			</tr>\r\n\r\n			<tr>\r\n				<td class=inputtlabel \".$warning[ort].\" >Ort*</td>\r\n				<td><img src=pics/leer.gif widht=10px height=10px border=0 title=\'\' alt=\'\'></td>\r\n				<td ><input type=text $hoverthis name=FORM[ort] value=\\\"\".stripslashes($FORM[ort]).\"\\\" class=produktinputtext></td>\r\n			</tr>\r\n			//-->\r\n            <tr>\r\n				<td class=inputtlabel ><span \".$warning[plz].\">PLZ*</span> / <span \".$warning[ort].\">Ort*</span></td>\r\n				<td><img src=pics/leer.gif widht=10px height=10px border=0 title=\'\' alt=\'\'></td>\r\n				<td><input type=text $hoverthis name=FORM[plz] value=\\\"\".stripslashes($FORM[plz]).\"\\\" class=produktinputtext style=\'width:40px;\'> <input type=text $hoverthis name=FORM[ort] value=\\\"\".stripslashes($FORM[ort]).\"\\\" class=produktinputtext  style=\'width:201px;\'></td>\r\n			</tr>\r\n\r\n			<tr>\r\n				<td class=inputtlabel \".$warning[land].\" >Land*</td>\r\n				<td><img src=pics/leer.gif widht=10px height=10px border=0 title=\'\' alt=\'\'></td>\r\n				<td ><input type=text $hoverthis name=FORM[land] value=\\\"\".stripslashes($FORM[land]).\"\\\" class=produktinputtext></td>\r\n			</tr>\r\n\r\n			<tr>\r\n				<td class=inputtlabel \".$warning[telefon].\" >Telefon*</td>\r\n				<td><img src=pics/leer.gif widht=10px height=10px border=0 title=\'\' alt=\'\'></td>\r\n				<td ><input type=text $hoverthis name=FORM[telefon] value=\\\"\".stripslashes($FORM[telefon]).\"\\\" class=produktinputtext></td>\r\n			</tr>\r\n\r\n			<tr>\r\n				<td class=inputtlabel >Fax</td>\r\n				<td><img src=pics/leer.gif widht=10px height=10px border=0 title=\'\' alt=\'\'></td>\r\n				<td ><input type=text $hoverthis name=FORM[fax] value=\\\"\".stripslashes($FORM[fax]).\"\\\" class=produktinputtext></td>\r\n			</tr>\r\n\r\n			<tr>\r\n				<td class=inputtlabel \".$warning[email].\" >E-Mail*</td>\r\n				<td><img src=pics/leer.gif widht=10px height=10px border=0 title=\'\' alt=\'\'></td>\r\n				<td ><input type=text $hoverthis name=FORM[email] value=\\\"\".stripslashes($FORM[email]).\"\\\" class=produktinputtext></td>\r\n			</tr>\r\n\r\n            <tr><td colspan=3><img src=pics/leer.gif widht=10px height=10px border=0 title=\'\' alt=\'\'></td></tr>\r\n			<tr><td colspan=3><br /><strong>Lieferadresse</strong> (Falls abweichend von der Rechnungsadresse)<br /><br /></td></tr>\r\n\r\n			<tr>\r\n				<td class=inputtlabel \".$warning[Lfirma].\" >Firma</td>\r\n				<td><img src=pics/leer.gif widht=10px height=10px border=0 title=\'\' alt=\'\'></td>\r\n				<td ><input type=text $hoverthis name=FORM[Lfirma] value=\\\"\".stripslashes($FORM[Lfirma]).\"\\\" class=produktinputtext></td>\r\n			</tr>\r\n\r\n			<tr>\r\n				<td class=inputtlabel \".$warning[Lvorname].\" >Vorname</td>\r\n				<td><img src=pics/leer.gif widht=10px height=10px border=0 title=\'\' alt=\'\'></td>\r\n				<td ><input type=text $hoverthis name=FORM[Lvorname] value=\\\"\".stripslashes($FORM[Lvorname]).\"\\\" class=produktinputtext></td>\r\n			</tr>\r\n\r\n			<tr>\r\n				<td class=inputtlabel \".$warning[Lname].\" >Name</td>\r\n				<td><img src=pics/leer.gif widht=10px height=10px border=0 title=\'\' alt=\'\'></td>\r\n				<td ><input type=text $hoverthis name=FORM[Lname] value=\\\"\".stripslashes($FORM[Lname]).\"\\\" class=produktinputtext></td>\r\n			</tr>\r\n\r\n			<tr>\r\n				<td class=inputtlabel \".$warning[Lstrasse].\" >Strasse / Nr.</td>\r\n				<td><img src=pics/leer.gif widht=10px height=10px border=0 title=\'\' alt=\'\'></td>\r\n				<td ><input type=text $hoverthis name=FORM[Lstrasse] value=\\\"\".stripslashes($FORM[Lstrasse]).\"\\\" class=produktinputtext></td>\r\n			</tr>\r\n			<!--\r\n			<tr>\r\n				<td class=inputtlabel \".$warning[Lplz].\" >PLZ</td>\r\n				<td><img src=pics/leer.gif widht=10px height=10px border=0 title=\'\' alt=\'\'></td>\r\n				<td ><input type=text $hoverthis name=FORM[Lplz] value=\\\"\".stripslashes($FORM[Lplz]).\"\\\" class=produktinputtext></td>\r\n			</tr>\r\n			//-->\r\n			<tr>\r\n				<td class=inputtlabel \".$warning[Lort].\"  >PLZ / Ort</td>\r\n				<td><img src=pics/leer.gif widht=10px height=10px border=0 title=\'\' alt=\'\'></td>\r\n				<td><input type=text $hoverthis name=FORM[Lplz] value=\\\"\".stripslashes($FORM[Lplz]).\"\\\" class=produktinputtext style=\'width:40px;\'> <input type=text $hoverthis name=FORM[Lort] value=\\\"\".stripslashes($FORM[Lort]).\"\\\" class=produktinputtext  style=\'width:201px;\'></td>\r\n			</tr>\r\n\r\n			<tr>\r\n				<td class=inputtlabel \".$warning[Lland].\" >Land</td>\r\n				<td><img src=pics/leer.gif widht=10px height=10px border=0 title=\'\' alt=\'\'></td>\r\n				<td ><input type=text $hoverthis name=FORM[Lland] value=\\\"\".stripslashes($FORM[Lland]).\"\\\" class=produktinputtext></td>\r\n			</tr>\r\n\r\n			<td colspan=2>&nbsp;</td><td> <input type=submit name=FORM[send] value=\\\"Abschicken\\\" class=inputsubmit></td>\r\n			</tr></form>\r\n			</table><br /><br />\";\r\n}\r\n?>\r\n','','46','1','1120141128','1122328193','admin','jan');
INSERT INTO rex_article_slice VALUES ('26','0','0','27','32','','','','','','','','','','','','','','','','','','','','','','','','','','','','','','','','','','','','','','','','0','0','0','0','0','0','0','0','0','0','','','','','','','','','','','','','32','13','1120146853','1120146875','admin','admin');
INSERT INTO rex_article_slice VALUES ('27','0','0','0','ZUBEHÖR / AKKU','','','','','','','','','','','','','','','','','','','','','','','','','','','','','','','','','','','','','','','','0','0','0','0','0','0','0','0','0','0','','','','','','','','','','','','','32','6','1120147018','1120147018','admin','admin');
INSERT INTO rex_article_slice VALUES ('28','0','0','0','SPECIALS / ZUBEHÖR','','','','','','','','','','','','','','','','','','','','','','','','','','','','','','','','','','','','','','','','0','0','0','0','0','0','0','0','0','0','','','','','','','','','','','','','31','6','1120147096','1120147096','admin','admin');
INSERT INTO rex_article_slice VALUES ('29','0','0','28','31','','','','','','','','','','','','','','','','','','','','','','','','','','','','','','','','','','','','','','','','0','0','0','0','0','0','0','0','0','0','','','','','','','','','','','','','31','13','1120147142','1120147142','admin','admin');
INSERT INTO rex_article_slice VALUES ('30','0','0','0','PDA / Asus','','','','','','','','','','','','','','','','','','','','','','','','','','','','','','','','','','','','','','','','0','0','0','0','0','0','0','0','0','0','','','','','','','','','','','','','44','6','1120147794','1120147794','admin','admin');
INSERT INTO rex_article_slice VALUES ('25','0','0','0','BESTELLUNG','','','','','','','','','','','','','','','','','','','','','','','','','','','','','','','','','','','','','','','','0','0','0','0','0','0','0','0','0','0','','','','','','','','','','','','','46','6','1120143008','1120143008','admin','admin');
INSERT INTO rex_article_slice VALUES ('31','0','0','30','100000000000000000','','','','','','','','','','','','','','','','','','','','','','','','','','','','','','','','','','','','','','','','0','0','0','0','0','0','0','0','0','0','','','','','','','','','','','','','44','13','1120147799','1120147799','admin','admin');
INSERT INTO rex_article_slice VALUES ('32','0','0','33','100000000000000000','','','','','','','','','','','','','','','','','','','','','','','','','','','','','','','','','','','','','','','','0','0','0','0','0','0','0','0','0','0','','','','','','','','','','','','','22','13','1120149503','1120149503','admin','admin');
INSERT INTO rex_article_slice VALUES ('33','0','0','0','NOTEBOOKS / ASUS','','','','','','','','','','','','','','','','','','','','','','','','','','','','','','','','','','','','','','','','0','0','0','0','0','0','0','0','0','0','','','','','','','','','','','','','22','6','1120149527','1120149533','admin','admin');
INSERT INTO rex_article_slice VALUES ('34','0','0','0','','','','','','','','','','','','','','','','','','','','','','','','','','','','','','','','','','','','','','','','','0','0','0','0','0','0','0','0','0','0','','','','','','','','','','','<!DOCTYPE html PUBLIC \"-//W3C//DTD XHTML 1.0 Transitional//EN\" \"http://www.w3.org/TR/2000/REC-xhtml1-20000126/DTD/xhtml1-transitional.dtd\">\r\n<html>\r\n<head>\r\n<title>Laptop Galerie</title>\r\n<link rel=stylesheet type=text/css href=./files/style.css>\r\n<link rel=stylesheet type=text/css href=./files/txt_style.css>\r\n<script language=Javascript src=js/standard.js></script>\r\n<style>\r\n.produktdetailbild{\r\n	display:block;\r\n	clear:both;\r\n}\r\n.produktdetailtextblock{\r\nmargin:0;\r\n}\r\n</style>\r\n</head>\r\n\r\n<body>\r\n\r\n\r\n<table width=100% cellpadding=15 cellspacing=0 border=0>\r\n<tr><td>Laptop-Galerie <a href=javascript:window.print(); class=\"produktlink\">Seite ausdrucken</a></td><td align=right><?\r\n\r\necho date(\"d. M Y\");\r\n\r\n?></td></tr>\r\n\r\n\r\n<tr><td colspan=2><script language=javascript>\r\n<!--\r\n\r\ndocument.write(opener.document.getElementById(\"print\").innerHTML);\r\n\r\n//-->\r\n</script></td></tr>\r\n\r\n<tr><td colspan=2>\r\n© Laptop Galerie - Zeil 115 - 60313 Frankfurt am Main - Tel: 069 44 70 77\r\n</td></tr>\r\n\r\n</table>\r\n</body>\r\n</html>','','52','1','1120459702','1120461227','admin','admin');
INSERT INTO rex_article_slice VALUES ('36','0','0','19','5','','','','','','','','','','','','','','','','','','','','','','','','','','','','','','','','','','','','','','','','0','0','0','0','0','0','0','0','0','0','','','','','','','','','','','','','16','14','1120552753','1120552753','laptop','laptop');
INSERT INTO rex_article_slice VALUES ('37','0','0','38','','','','','','','','','','','','','','','','','','','','','','','','','','','','','','','','','','','','','','','','','0','0','0','0','0','0','0','0','0','0','','','','','','','','','','','<?php\r\n$FORM[search] = strip_tags($FORM[search]);\r\n\r\n$search_object = new shop_category;\r\n\r\nif($FORM[search] != \"\"){\r\n\r\n	$resultset = $search_object->searchArticles($FORM[search]);\r\n	if(count($resultset)>0){\r\n		echo \"<strong>Es wurden folgende Produkte bei der Suche nach \'<span style=\'color:#0076AC\'>\".$FORM[search].\"</span>\' gefunden:</strong><br />\";\r\n\r\n		foreach($resultset as $v){\r\n\r\n			echo \"<div class=\\\"produktlistedetaillink\\\" style=\\\"text-align:left;\\\"><a href=\\\"\".rex_getUrl(current($v->getCategories()), $REX[CUR_CLANG]).\"&FORM[detail]=\".$v->getId().\"&FORM[search]=\".rawurlencode($FORM[search]).\"\\\" target=\\\"_self\\\" class=\\\"produktlink\\\"><img src=\\\"\".$REX[HTDOCS_PATH].\"files/but_blue.gif\\\" border=0/> \".$v->getName().\"</a><br />\".$v->getDescription().\"</div>\";\r\n	 	}\r\n	}else{\r\n		echo \"<strong>Es konnte kein Produkt bei der Suche nach \'<span style=\'color:#0076AC\'>\".$FORM[search].\"</span>\' gefunden werden.</strong>\";\r\n 	}\r\n}else{\r\n	echo \"<strong>Das Suchfeld wurde nicht ausgefüllt.</strong>\";//\"Es konnte kein Produkt gefunden werden.\";\r\n}\r\n\r\n\r\n\r\n?>','','15','1','1120569930','1120574022','admin','admin');
INSERT INTO rex_article_slice VALUES ('38','0','0','0','PRODUKTSUCHE','','','','','','','','','','','','','','','','','','','','','','','','','','','','','','','','','','','','','','','','0','0','0','0','0','0','0','0','0','0','','','','','','','','','','','','','15','6','1120569976','1120569976','admin','admin');
INSERT INTO rex_article_slice VALUES ('39','0','0','0','100000000000000000','','','','','','','','','','','','','','','','','','','','','','','','','','','','','','','','','','','','','','','','0','0','0','0','0','0','0','0','0','0','','','','','','','','','','','','','45','13','1120571223','1120571223','admin','admin');
INSERT INTO rex_article_slice VALUES ('41','0','0','0','','','','','','','','','','','','','','','','','','','','','','','','','','','','','','','','','','','','','','','','','0','0','0','0','0','0','0','0','0','0','','','','','','','','','','','<?php\r\n$msg =\"\";\r\nif($FORM[send]==1){\r\n	$FORM[email] = trim($FORM[email]);\r\n\r\n    if(ereg(\'^[-!#$%&\\\'*+\\\\./0-9=?A-Z^_`a-z{|}~]+\'.\'@\'.\'[-!#$%&\\\'*+\\\\./0-9=?A-Z^_`a-z{|}~]+\\.\'.\'[-!#$%&\\\'*+\\\\./0-9=?A-Z^_`a-z{|}~]+$\',$FORM[email])){\r\n\r\n		$sql = new rex_sql;\r\n		$sql->setQuery(\"SELECT * FROM rex_8_newsletter WHERE email=\'\".$FORM[email].\"\'\");\r\n		\r\n		if($sql->rows>0){\r\n			$the_id = $sql->getValue(\"id\");\r\n			$sql->flush();\r\n			$sql->setTable(\"rex_8_newsletter\");\r\n			$sql->where(\"id=\'\".$the_id.\"\'\");\r\n			$sql->delete();\r\n			if($sql->error == \"\"){\r\n				$msg = \"Ihre Email wurde aus der Datenbank entfernt.\";\r\n				$FORM[email] = \"\";\r\n			}else{\r\n				$msg = \"Es ist ein Fehler aufgetreten. Ihre Emailadresse wurde in der Datenbank gefunden, konnte jedoch nicht entfernt werden. Bitte Probieren Sie es erneut. Falls diese Fehlermeldung nocheinmal erscheint, schreiben Sie uns bitte unter <a href=\\\"mailto:info@laptop-galerie.de\\\">info@laptop-galerie.de</a> \";\r\n	  		}\r\n		}else{\r\n			$sql->flush();\r\n			$sql->setTable(\"rex_8_newsletter\");\r\n            $sql->setValue(\"email\", $FORM[email]);\r\n            $sql->setValue(\"status\", 1);\r\n            $sql->insert();\r\n            \r\n            if($sql->error == \"\"){\r\n				$msg = \"Ihre Email wurde in die Datenbank eingetragen.\";\r\n				$FORM[email] = \"\";\r\n			}else{\r\n				$msg = \"Es ist ein Fehler aufgetreten. Ihre Emailadresse konnte nicht in die Datenbank eingetragen werden. Bitte Probieren Sie es erneut. Falls diese Fehlermeldung nocheinmal erscheint, schreiben Sie uns bitte unter <a href=\\\"mailto:info@laptop-galerie.de\\\">info@laptop-galerie.de</a> \";\r\n	  		}\r\n  		}\r\n\r\n\r\n	}else{\r\n		$msg = \"Die eingetragene Emaildresse entspricht nicht den anforderungen an eine Emailadresse.\";\r\n 	}\r\n}\r\n\r\n\r\n?>\r\n<div class=headline>NEWSLETTER</div>\r\nSie möchten immer auf dem laufenden Sein, was unsere Produkte betrifft? Immer sofort über\r\nSonderangebote und Aktionen informiert werden? Dann abbonieren Sie unseren Newsletter, über\r\nden wir Sie regelmäßig mit den Neuesten Informationen aus unserem Hause versorgen.<br />\r\n<br />\r\nFalls Sie unseren Newsletter nicht mehr beziehen möchten tragen Sie einfach Ihre Emailadresse erneut\r\nein, dann werden Sie automatisch abgemeldet.<br />\r\n<br />\r\n<table border=0 cellpadding=4 cellspacing=0 width=100% >\r\n<tr>\r\n<form action=\"index.php\" method=\"get\">\r\n<input type=hidden name=\"article_id\" value=\"54\" />\r\n<input type=hidden name=\"FORM[send]\" value=\"1\" />\r\n	<td width=50>Email</td>\r\n	<td align=center><input type=text name=FORM[email] value=\"<?php echo $FORM[email]; ?>\" onfocus=\'this.style.backgroundColor=\"#e6e6e6\"\' onblur=\'this.style.backgroundColor=\"#fcfcfc\"\'  class=inputtext style=\'width:100%;\'/></td>\r\n	<td align=right width=110> <input type=submit name=submit value=\"An/Abmelden\" class=inputsubmit style=\'width:100px;height:21px;\'/></td>\r\n</tr>\r\n</form>\r\n</table><br /><br />\r\n<?php if($msg != \"\") echo \"<span style=\'color:red\'>\".$msg.\"</span>\"; ?>\r\n','','54','1','1120640785','1122326935','admin','jan');
INSERT INTO rex_article_slice VALUES ('42','0','0','0','VERSANDINFORMATIONEN','','','','','','','','','','','','','','','','','','','','','','','','','','','','','','','','','','','','','','','','0','0','0','0','0','0','0','0','0','0','','','','','','','','','','','','','53','6','1120642750','1120642750','admin','admin');
INSERT INTO rex_article_slice VALUES ('52','0','0','0','','','','','','','','','','','','','','','','','','','','','','','','','','','','','','','','','','','','','','','','','0','0','0','0','0','0','0','0','0','0','','','','','','','','','','','<?php\r\n\r\nif($FORM[related][0]>0){\r\n\r\n	$article = new shop_article($FORM[related][0], $rEX[CUR_CLANG]);\r\n	echo \"<table border=0 cellpadding=0 cellspacing=5 width=200 style=\'margin:5px 0px 0px 5px;\'>\r\n	<tr><td colspan=2><a href=\\\"\".rex_getUrl(current($article->getCategories()), $REX[CUR_CLANG]).\"&FORM[detail]=\".$article->getId().\"\\\" target=\\\"_self\\\" class=\\\"produktlink\\\">\".$article->getName().\"</a></td></tr>\r\n	<tr>\r\n		<td width=50 valign=top>\";\r\n	if($article->getImage() != \"\"){\r\n		echo\"<a href=\\\"\".rex_getUrl(current($article->getCategories()), $REX[CUR_CLANG]).\"&FORM[detail]=\".$article->getId().\"\\\" target=\\\"_self\\\" class=\\\"produktlink\\\"><img src=\\\"\".$REX[HTDOCS_PATH].\"index.php?rex_resize=50w__\".$article->getImage().\"\\\" width=50  border=0 /></a>\";\r\n	}else{\r\n	    echo \"<img src=\\\"\".$REX[HTDOCS_PATH].\"index.php?rex_resize=50w__nopic.gif\\\" width=50 border=0 />\";\r\n	}\r\n	echo \"</td>\r\n		<td>\r\n        <strong>Preis</strong> <span class=\\\"produktlink\\\">\".number_format($article->getPrice(), 2, \".\", \"\").\" €</span><br />\r\n        <strong>Best.Nr.:</strong> \".$article->getArticleNumber().\"\r\n		</td>\r\n	</tr>\r\n	</table>\";\r\n\r\n}\r\n\r\nif($FORM[related][1] >0){\r\n\r\n	$article = new shop_article($FORM[related][1], $rEX[CUR_CLANG]);\r\n	echo \"<table border=0 cellpadding=0 cellspacing=5 width=200 style=\'margin:5px 0px 0px 5px;\'>\r\n	<tr><td colspan=2><a href=\\\"\".rex_getUrl(current($article->getCategories()), $REX[CUR_CLANG]).\"&FORM[detail]=\".$article->getId().\"\\\" target=\\\"_self\\\" class=\\\"produktlink\\\">\".$article->getName().\"</a></td></tr>\r\n	<tr>\r\n		<td width=50 valign=top>\";\r\n	if($article->getImage() != \"\"){\r\n		echo\"<a href=\\\"\".rex_getUrl(current($article->getCategories()), $REX[CUR_CLANG]).\"&FORM[detail]=\".$article->getId().\"\\\" target=\\\"_self\\\" class=\\\"produktlink\\\"><img src=\\\"\".$REX[HTDOCS_PATH].\"index.php?rex_resize=50w__\".$article->getImage().\"\\\" width=50  border=0 /></a>\";\r\n	}else{\r\n	    echo \"<img src=\\\"\".$REX[HTDOCS_PATH].\"index.php?rex_resize=50w__nopic.gif\\\" width=50 border=0 />\";\r\n	}\r\n	echo \"</td>\r\n		<td>\r\n        <strong>Preis</strong> <span class=\\\"produktlink\\\">\".number_format($article->getPrice(), 2, \".\", \"\").\" €</span><br />\r\n        <strong>Best.Nr.:</strong> \".$article->getArticleNumber().\"\r\n		</td>\r\n	</tr>\r\n	</table>\";\r\n\r\n}\r\n\r\nif($FORM[related][2] >0){\r\n\r\n	$article = new shop_article($FORM[related][2], $rEX[CUR_CLANG]);\r\n	echo \"<table border=0 cellpadding=0 cellspacing=5 width=200 style=\'margin:5px 0px 0px 5px;\'>\r\n	<tr><td colspan=2><a href=\\\"\".rex_getUrl(current($article->getCategories()), $REX[CUR_CLANG]).\"&FORM[detail]=\".$article->getId().\"\\\" target=\\\"_self\\\" class=\\\"produktlink\\\">\".$article->getName().\"</a></td></tr>\r\n	<tr>\r\n		<td width=50 valign=top>\";\r\n	if($article->getImage() != \"\"){\r\n		echo\"<a href=\\\"\".rex_getUrl(current($article->getCategories()), $REX[CUR_CLANG]).\"&FORM[detail]=\".$article->getId().\"\\\" target=\\\"_self\\\" class=\\\"produktlink\\\"><img src=\\\"\".$REX[HTDOCS_PATH].\"index.php?rex_resize=50w__\".$article->getImage().\"\\\" width=50  border=0 /></a>\";\r\n	}else{\r\n	    echo \"<img src=\\\"\".$REX[HTDOCS_PATH].\"index.php?rex_resize=50w__nopic.gif\\\" width=50 border=0 />\";\r\n	}\r\n	echo \"</td>\r\n		<td>\r\n        <strong>Preis</strong> <span class=\\\"produktlink\\\">\".number_format($article->getPrice(), 2, \".\", \"\").\" €</span><br />\r\n        <strong>Best.Nr.:</strong> \".$article->getArticleNumber().\"\r\n		</td>\r\n	</tr>\r\n	</table>\";\r\n\r\n}\r\n\r\n\r\n?>','','59','1','1121352496','1121352757','jan','jan');
INSERT INTO rex_article_slice VALUES ('53','0','0','0','<a href=\"redaxo://54\" target=\"_self\">M&ouml;chten Sie unseren Newsletter?</a>','','','','','','','','','','','','','','','','','','','','','','','','','','','','','','','','','','','','','','','','0','0','0','0','0','0','0','0','0','0','','','','','','','','','','','','','60','5','1121352673','1121352673','jan','jan');
INSERT INTO rex_article_slice VALUES ('54','0','0','53','<span class=\"subline\">News</span><br />\r\n<strong>Wir sind umgezogen</strong><br />\r\nNeue neue Adresse lautet:<br />\r\n\r\n<p>REDAXO 3.0<br />\r\nhttp://www.redaxo.de<br />\r\n</p>','','','','','','','','','','','','','','','','','','','','','','','','','','','','','','','','','','','','','','','','0','0','0','0','0','0','0','0','0','0','','','','','','','','','','','','','60','5','1121352690','1122327540','jan','jan');
INSERT INTO rex_article_slice VALUES ('55','0','0','54','<span class=\"subline\">News</span><br />\r\n<strong>Neue Webseite online</strong><br />\r\nWir starten durch mit unserer neuen Webseite. Neues Design, einfachere Handhabung. Wir freuen uns auf Ihr Feedback.<br />\r\n<br />\r\nIhr REDAXO-Team<br />','','','','','','','','','','','','','','','','','','','','','','','','','','','','','','','','','','','','','','','','0','0','0','0','0','0','0','0','0','0','','','','','','','','','','','','','60','5','1121352703','1122327551','jan','jan');
INSERT INTO rex_article_slice VALUES ('61','0','0','0','Handhelds','','','','','','','','','','','','','','','','','','','','','','','','','','','','','','','','','','','','','','','','0','0','0','0','0','0','0','0','0','0','','','','','','','','','','','','','20','6','1121963189','1121963189','laptop','laptop');
INSERT INTO rex_article_slice VALUES ('62','0','0','61','Leicht, stilvoll und kompakt - unendliches Potential <p>Die besten Angebote in Sachen Handheld-Funktionalit&auml;t und eine &auml;u&szlig;erst funktionelle Mischung zwischen Leistung und Stil.</p>','','','','','','','','','','','','','','','','','','','','','','','','','','','','','','','','','','','','','','','','0','0','0','0','0','0','0','0','0','0','','','','','','','','','','','','','20','5','1121963317','1121963317','laptop','laptop');
INSERT INTO rex_article_slice VALUES ('64','0','0','62','Angebot der Woche','','','','','','','','','','','','','','','','','','','','','','','','','','','','','','','','','','','','','','','','0','0','0','0','0','0','0','0','0','0','','','','','','','','','','','','','20','6','1121963370','1121963370','laptop','laptop');
INSERT INTO rex_article_slice VALUES ('66','0','0','64','10','','','','','','','','','','','','','','','','','','','','','','','','','','','','','','','','','','','','','','','','0','0','0','0','0','0','0','0','0','0','','','','','','','','','','','','','20','14','1121963460','1121963460','laptop','laptop');
INSERT INTO rex_article_slice VALUES ('67','0','0','68','65','name asc','','','','','','','','','','','','','','','','','','','','','','','','','','','','','','','','','','','','','','','0','0','0','0','0','0','0','0','0','0','','','','','','','','','','','','','65','13','1122282698','1122282698','admin','admin');
INSERT INTO rex_article_slice VALUES ('68','0','0','0','BenQ','','','','','','','','','','','','','','','','','','','','','','','','','','','','','','','','','','','','','','','','0','0','0','0','0','0','0','0','0','0','','','','','','','','','','','','','65','6','1122282711','1122282711','admin','admin');
INSERT INTO rex_article_slice VALUES ('73','0','0','0','','','','','','','','','','','','','','','','','','','','','','','','','','','','','','','','','','','','','','','','','0','0','0','0','0','0','0','0','0','0','','','','','','','','','','','','','1','15','1153235996','1153235996','admin','admin');
DROP TABLE IF EXISTS rex_article_type;
CREATE TABLE rex_article_type ( type_id int(11) NOT NULL  auto_increment, name varchar(255) NULL  , description text NULL  , PRIMARY KEY(type_id))TYPE=MyISAM;
INSERT INTO rex_article_type VALUES ('1','Standard','Zugriff für alle');
DROP TABLE IF EXISTS rex_clang;
CREATE TABLE rex_clang ( id int(11) NOT NULL DEFAULT 0  , name varchar(255) NULL  , PRIMARY KEY(id))TYPE=MyISAM;
INSERT INTO rex_clang VALUES ('0','deutsch');
DROP TABLE IF EXISTS rex_file;
CREATE TABLE rex_file ( file_id int(11) NOT NULL  auto_increment, re_file_id int(11) NULL DEFAULT 0  , category_id int(11) NULL DEFAULT 0  , filetype varchar(255) NULL  , filename varchar(255) NULL  , originalname varchar(255) NULL  , filesize varchar(255) NULL  , width int(11) NULL DEFAULT 0  , height int(11) NULL DEFAULT 0  , title varchar(255) NULL  , description text NULL  , copyright varchar(255) NULL  , createdate int(11) NULL DEFAULT 0  , updatedate int(11) NULL DEFAULT 0  , createuser varchar(255) NULL  , updateuser varchar(255) NULL  , PRIMARY KEY(file_id))TYPE=MyISAM;
INSERT INTO rex_file VALUES ('1','0','6','image/jpeg','head_dummy.jpg','head_dummy.jpg','29803','445','110','','','','1118221452','1118221452','admin','admin');
INSERT INTO rex_file VALUES ('3','0','7','image/gif','but_blue.gif','but_blue.gif','521','10','10','','','','1118221708','1118221708','admin','admin');
INSERT INTO rex_file VALUES ('4','0','3','image/gif','but_green.gif','but_green.gif','309','10','10','','','','1118221712','1120836718','admin','admin');
INSERT INTO rex_file VALUES ('5','0','3','image/gif','but_orange.gif','but_orange.gif','304','10','10','','','','1118221716','1118221716','admin','admin');
INSERT INTO rex_file VALUES ('6','0','3','image/gif','pfeil_rechts.gif','pfeil_rechts.gif','115','6','11','','','','1118221723','1118221723','admin','admin');
INSERT INTO rex_file VALUES ('7','0','3','image/gif','warenkorb.gif','warenkorb.gif','2658','107','18','','','','1118221727','1118221727','admin','admin');
INSERT INTO rex_file VALUES ('8','0','8','text/css','style.css','style.css','6855','0','0','','','','1118227564','1120645105','admin','admin');
INSERT INTO rex_file VALUES ('9','0','8','text/css','txt_style.css','txt_style.css','405','0','0','','','','1118238840','1118238840','admin','admin');
INSERT INTO rex_file VALUES ('44','0','12','image/pjpeg','acer_tm4100.jpg','Acer_TM4100.jpg','11658','300','262','','','','1121524425','1121524425','laptop','laptop');
INSERT INTO rex_file VALUES ('43','0','12','image/pjpeg','acer_tm2300_2.jpg','Acer_TM2300.jpg','13715','310','276','','','','1121524415','1121524572','laptop','laptop');
INSERT INTO rex_file VALUES ('15','0','14','image/gif','asusa620bt.gif','asusa620bt.gif','11616','300','250','','','','1120147723','1120149378','admin','admin');
INSERT INTO rex_file VALUES ('54','0','14','image/pjpeg','a620bt_m.jpg','a620bt_m.jpg','24797','400','261','','','','1122132925','1122132925','laptop','laptop');
INSERT INTO rex_file VALUES ('18','0','13','image/gif','asusa3823glh.gif','asusa3823glh.gif','34743','403','326','','','','1120149404','1120149845','admin','admin');
INSERT INTO rex_file VALUES ('20','0','7','image/gif','warenkorb_1.gif','warenkorb.gif','2658','107','18','','','','1120205549','1120205549','admin','admin');
INSERT INTO rex_file VALUES ('35','0','7','image/gif','linie.gif','linie.gif','166','445','1','','','','1120644065','1120836753','admin','admin');
INSERT INTO rex_file VALUES ('28','0','7','image/gif','nopic.gif','nopic.gif','475','150','150','','','','1120549211','1120549211','admin','admin');
INSERT INTO rex_file VALUES ('34','0','7','image/gif','but_suche.gif','but_suche.gif','325','11','11','','','','1120576384','1120576384','admin','admin');
INSERT INTO rex_file VALUES ('42','0','12','image/pjpeg','acer_3202_xmi_1.jpg','Acer_3202 XMi.jpg','12724','200','150','','','','1121524409','1121524409','laptop','laptop');
INSERT INTO rex_file VALUES ('46','0','15','image/pjpeg','acer_n30_pda.jpg','Acer_n30_PDA.jpg','15798','300','300','','','','1121525210','1121525210','laptop','laptop');
INSERT INTO rex_file VALUES ('49','0','12','image/pjpeg','tm4600_normal.jpg','TM4600_normal.jpg','11309','300','270','','','','1122126149','1122126149','laptop','laptop');
INSERT INTO rex_file VALUES ('50','0','15','image/pjpeg','tm3200_normal.jpg','TM3200_normal.jpg','11021','310','256','','','','1122131142','1122131142','laptop','laptop');
INSERT INTO rex_file VALUES ('51','0','12','image/pjpeg','tm3200_normal_1.jpg','TM3200_normal.jpg','11021','310','256','','','','1122131194','1122131194','laptop','laptop');
INSERT INTO rex_file VALUES ('57','0','14','image/pjpeg','a730w_2.jpg','A730W_2.jpg','43519','440','567','','','','1122137888','1122137888','laptop','laptop');
INSERT INTO rex_file VALUES ('67','0','16','image/pjpeg','benq_joybook_r22e.jpg','BenQ_Joybook_R22E.jpg','28380','600','600','','','','1122218196','1122218196','laptop','laptop');
INSERT INTO rex_file VALUES ('66','0','13','image/pjpeg','asus_w5683aup.jpg','Asus_W5683AUP.jpg','62786','450','347','','','','1122216258','1122216258','laptop','laptop');
INSERT INTO rex_file VALUES ('68','0','5','image/gif','blue.gif','blue.gif','819','5','5','','','','1122326675','1122326675','jan','jan');
DROP TABLE IF EXISTS rex_file_category;
CREATE TABLE rex_file_category ( id int(11) NOT NULL  auto_increment, name varchar(255) NULL  , re_id int(11) NULL DEFAULT 0  , path varchar(255) NULL  , hide tinyint(4) NULL DEFAULT 0  , createdate int(11) NULL DEFAULT 0  , updatedate int(11) NULL DEFAULT 0  , createuser varchar(255) NULL  , updateuser varchar(255) NULL  , PRIMARY KEY(id))TYPE=MyISAM;
INSERT INTO rex_file_category VALUES ('3','01_Produktbilder','0','|','0','1118220737','1118220765','admin','admin');
INSERT INTO rex_file_category VALUES ('4','99_Allgemeines','0','|','0','1118220760','1118227545','admin','admin');
INSERT INTO rex_file_category VALUES ('5','01 Logo','4','|4|','0','1118221431','1118221684','admin','admin');
INSERT INTO rex_file_category VALUES ('6','02 Header','4','|4|','0','1118221437','1118221687','admin','admin');
INSERT INTO rex_file_category VALUES ('7','03 Hilfsgrafiken/Icons','4','|4|','0','1118221679','1118221679','admin','admin');
INSERT INTO rex_file_category VALUES ('8','04 Stylesheets','4','|4|','0','1118227553','1118227553','admin','admin');
INSERT INTO rex_file_category VALUES ('14','Asus','10','|3|10|','0','1120149373','1120149373','admin','admin');
INSERT INTO rex_file_category VALUES ('10','02 - PDA','3','|3|','0','1120147706','1120149365','admin','admin');
INSERT INTO rex_file_category VALUES ('11','01 - NOTEBOOKS','3','|3|','0','1120149292','1120149292','admin','admin');
INSERT INTO rex_file_category VALUES ('12','Acer','11','|3|11|','0','1120149313','1121524560','admin','laptop');
INSERT INTO rex_file_category VALUES ('13','Asus','11','|3|11|','0','1120149320','1120149320','admin','admin');
INSERT INTO rex_file_category VALUES ('15','Acer','10','|3|10|','0','1121525184','1121525184','laptop','laptop');
INSERT INTO rex_file_category VALUES ('16','BenQ','11','|3|11|','0','1122218178','1122218178','laptop','laptop');
DROP TABLE IF EXISTS rex_help;
CREATE TABLE rex_help ( id int(11) NOT NULL  auto_increment, page varchar(255) NULL  , name varchar(255) NULL  , description text NULL  , comment text NULL  , lang varchar(255) NULL  , PRIMARY KEY(id))TYPE=MyISAM;
DROP TABLE IF EXISTS rex_module_action;
CREATE TABLE rex_module_action ( id int(11) NOT NULL  auto_increment, module_id int(11) NULL DEFAULT 0  , action_id int(11) NULL DEFAULT 0  , PRIMARY KEY(id))TYPE=MyISAM;
DROP TABLE IF EXISTS rex_modultyp;
CREATE TABLE rex_modultyp ( id int(5) NOT NULL  auto_increment, label varchar(255) NULL  , name varchar(255) NULL  , category_id int(11) NOT NULL DEFAULT 0  , ausgabe text NULL  , bausgabe text NULL  , eingabe text NULL  , func text NULL  , php_enable tinyint(1) NOT NULL DEFAULT 0  , html_enable tinyint(1) NOT NULL DEFAULT 0  , perm_category text NULL  , createuser varchar(255) NULL  , updateuser varchar(255) NULL  , createdate int(11) NULL DEFAULT 0  , updatedate int(11) NULL DEFAULT 0  , PRIMARY KEY(id,category_id,php_enable,html_enable))TYPE=MyISAM;
INSERT INTO rex_modultyp VALUES ('1','','00.01 - php','0','REX_PHP','','PHP:<br>\r\n<textarea name=INPUT_PHP cols=80 rows=20 class=inp100>REX_PHP</textarea>\r\n<br><br>','','0','0','','','','0','0');
INSERT INTO rex_modultyp VALUES ('5','','02.02 - Text [WYSIWYG]','0','<div class=content>REX_HTML_VALUE[1]</div>','','Bitte gib den Text ein der zu Sehen sein soll:<br>\r\n<?php\r\n\r\n$a = new rex_wysiwyg_editor();\r\n$a->buttonrow1 = \"styleselect,separator,bold,italic,separator,bullist,numlist,link,linkHack,unlink,insertEmail,separator,removeformat,pasteRichtext,code,separator,visualaid,charmap\";\r\n$a->buttonrow2 = \" \";\r\n$a->buttonrow3 = \" \";\r\n$a->buttonrow4 = \" \";\r\n$a->stylesheet = \"/files/txt_style.css\";\r\n$a->content = \"REX_VALUE[1]\";\r\n$a->id = 1;\r\n$a->show();\r\n\r\n?>','','0','0','','','','0','0');
INSERT INTO rex_modultyp VALUES ('12','','03.01 - Bild mit Text','0','<div class=content><div class=pic><img src=/files/REX_FILE[1] width=160></div><div class=text>REX_HTML_VALUE[1]</div></div>','','Bild/Grafik/Foto 160x130 Pixel:\r\n<br>REX_MEDIA_BUTTON[1]\r\n\r\n<br><br>Text:<br>\r\n<?php\r\n\r\n$a = new rex_wysiwyg_editor();\r\n$a->buttonrow1 = \"styleselect,separator,bold,italic,separator,bullist,numlist,link,linkHack,unlink,insertEmail,separator,removeformat,pasteRichtext,code,separator,visualaid,charmap\";\r\n$a->buttonrow2 = \" \";\r\n$a->buttonrow3 = \" \";\r\n$a->buttonrow4 = \" \";\r\n$a->stylesheet = \"/files/txt_style.css\";\r\n$a->content = \"REX_VALUE[1]\";\r\n$a->id = 1;\r\n$a->show();\r\n\r\n?>','','0','0','','','','0','0');
INSERT INTO rex_modultyp VALUES ('6','','02.01 - Headline','0','<div class=headline>REX_VALUE[1]</div>','','Headline:\r\n<br><input type=text size=30 name=VALUE[1] value=\"REX_VALUE[1]\" class=inp100>\r\n<br><br>\r\n\r\n','','0','0','','','','0','0');
INSERT INTO rex_modultyp VALUES ('13','','04.00 - Produktliste','0','<?php\r\n\r\n$output = \"\";\r\n\r\nif(is_array($FORM) && array_key_exists(\"detail\", $FORM)){\r\n\r\n	if($arti = new shop_article($FORM[detail], $REX[CUR_CLANG])){\r\n\r\n        $output .= \"<div id=print>\r\n		<div class=\\\"produktdetailbildblock\\\">\r\n			<div class=\\\"produktdetailname\\\"><span class=\\\"subline\\\">\".$arti->getName().\"</span></div>\";\r\n\r\n        if($arti->getImage() != \"\"){\r\n		 	$size 	= @getimagesize($REX[HTDOCS_PATH].\"files/\".$arti->getImage());\r\n			if ($size[0]>0)\r\n			{\r\n				$modi 	= 310*100/$size[0];\r\n				$height = round(($size[1]*$modi/100)-55);\r\n				$output .= \"<div class=\\\"produktdetailbild\\\"><img src=\\\"\".$REX[HTDOCS_PATH].\"index.php?rex_resize=310w__\".$arti->getImage().\"\\\" width=310  border=0 /></div>\";\r\n			}\r\n		}else{\r\n  			$output .= \"<div class=\\\"produktdetailbild\\\"><img src=\\\"\".$REX[HTDOCS_PATH].\"index.php?rex_resize=310w__nopic.gif\\\" width=310 border=0 /></div>\";\r\n  		}\r\n\r\n\r\n		$output .= \"\r\n		    <div class=\\\"produktdetailtextblock\\\" style=\\\"margin:\".$height.\"px 0px 0px 0px;\\\">\r\n		    <div class=\\\"produktdetailpreis\\\"><strong>Preis</strong> <span class=\\\"produktlink\\\">\".number_format($arti->getPrice(),2,\".\",\"\").\" €</span></div>\r\n		    <div class=\\\"produktdetailartikelnummer\\\"><strong>Best.Nr.:</strong> <span class=\\\"produktlink\\\">\".$arti->getArticleNumber().\"</span></div>\r\n		    <div class=\\\"produktdetailwkllink\\\"><a href=\\\"\".rex_getUrl(\"REX_ARTICLE_ID\", $REX[CUR_CLANG],\"&FORM[detail]=\".$arti->getId().\"&FORM[ADDTOWK][id]=\".$arti->getId().\"&FORM[ADDTOWK][price]=\".$arti->getPrice()).\"\\\" target=\\\"_self\\\" class=\\\"warenkorblink\\\"><img src=\\\"\".$REX[HTDOCS_PATH].\"files/warenkorb.gif\\\" border=0 /></a></div>\r\n		    </div>\r\n		    <div style=\\\"clear:both;\\\"></div>\r\n        </div>\r\n        <div class=\\\"produktdetailblock\\\">\r\n			<div class=\\\"produktdetaildescription\\\">\".nl2br($arti->getDescription()).\"<br /><br /></div>\r\n			<div class=\\\"produktdetaildescription\\\"><span class=\\\"produktlink\\\"><strong>Technische Details:</strong></span><br />\".nl2br($arti->getDetail()).\"<br /><br /></div>\r\n		</div>\r\n		</div>\r\n		<div class=\\\"produktdetaildetaillink\\\"><a href=\\\"#\\\" target=\\\"_self\\\" class=\\\"produktlink\\\" onclick=\\\"newWindow(\'Druckversion\',\'\".rex_getUrl(52, $REX[CUR_CLANG],\"#ancor\".$arti->getId()).\"\',500,400,\'scroll\')\\\"><img src=\\\"\".$REX[HTDOCS_PATH].\"files/but_blue.gif\\\" border=0/> Seite Drucken</a>&nbsp;&nbsp;&nbsp;&nbsp;<a href=\\\"\".rex_getUrl(\"REX_ARTICLE_ID\", $REX[CUR_CLANG],\"#ancor\".$arti->getId()).\"\\\" target=\\\"_self\\\" class=\\\"produktlink\\\"><img src=\\\"\".$REX[HTDOCS_PATH].\"files/but_blue.gif\\\" border=0/> zur &Uuml;bersicht</a>\";\r\n\r\n        if($FORM[search] != \"\"){\r\n			$output .= \"&nbsp;&nbsp;&nbsp;&nbsp;<a href=\\\"\".rex_getUrl(15, $REX[CUR_CLANG], \"&FORM[search]=\".rawurlencode($FORM[search])).\"\\\" target=\\\"_self\\\" class=\\\"produktlink\\\"><img src=\\\"\".$REX[HTDOCS_PATH].\"files/but_blue.gif\\\" border=0/> zurück zur Suche</a>\";\r\n  		}\r\n\r\n		$output .= \"</div>\";\r\n\r\n		$FORM[related][0] = $arti->getRelatedId(1);\r\n		$FORM[related][1] = $arti->getRelatedId(2);\r\n		$FORM[related][2] = $arti->getRelatedId(3);\r\n\r\n	}\r\n\r\n\r\n}else{\r\n\r\n	$order = \"REX_VALUE[2]\";\r\n	if ($order == \"\") $order = \"id\";\r\n		\r\n	$shopcat = new shop_category();\r\n	$articles = $shopcat->getArticleList($REX[CUR_CLANG], \"REX_ARTICLE_ID\", false,$order);\r\n\r\n	foreach($articles as $k=>$v){\r\n\r\n		$output .= \"\r\n	    <div class=\\\"produktlisteblock\\\"><a name=ancor\".$v->getId().\"></a>\r\n        <div class=\\\"produktlistebild\\\">\";\r\n\r\n        if($v->getImage() != \"\"){\r\n            $output .= \"<a href=\\\"\".rex_getUrl(\"REX_ARTICLE_ID\", $REX[CUR_CLANG], \"&FORM[detail]=\".$v->getId()).\"\\\" target=\\\"_self\\\"><img src=\\\"\".$REX[HTDOCS_PATH].\"index.php?rex_resize=150w__\".$v->getImage().\"\\\" width=150 border=0 /></a>\";\r\n		}else{\r\n            $output .= \"<a href=\\\"\".rex_getUrl(\"REX_ARTICLE_ID\", $REX[CUR_CLANG], \"&FORM[detail]=\".$v->getId()).\"\\\" target=\\\"_self\\\"><img src=\\\"\".$REX[HTDOCS_PATH].\"index.php?rex_resize=150w__nopic.gif\\\" width=150 border=0 /></a>\";\r\n 		}\r\n\r\n		$output .= \"</div>\r\n		<div class=\\\"produktlistetexte\\\">\r\n			<div class=\\\"produktlistename\\\"><span class=\\\"subline\\\">\".$v->getName().\"</span></div>\r\n			<div class=\\\"produktlistedescription\\\">\".$v->getDescription().\"</div>\r\n		    <div class=\\\"produktlistepreis\\\"><strong>Preis</strong> <span class=\\\"produktlink\\\">\".number_format($v->getPrice(),2,\".\",\"\").\" €</span></div>\r\n		    <div class=\\\"produktlisteartikelnummer\\\"><strong>Best.Nr.:</strong> <span class=\\\"produktlink\\\">\".$v->getArticleNumber().\"</span></div>\";\r\n\r\n		if ($v->getInStock()==1) $output .= \"<div  class=\\\"produktlisteinstock\\\" style=\'color:#33cc33;font-weight:bold;\'>Sofort verfügbar</div>\";\r\n		else $output .= \"<div  class=\\\"produktlisteinstock\\\" style=\'color:#FF9933;font-weight:bold;\'>\".$v->getStockinfo().\"</div>\";\r\n\r\n		$output .= \"\r\n		</div>\r\n		</div>\r\n		<div style=\\\"clear:both;\\\"></div>\r\n  		<div class=\\\"produktlistedetaillink\\\"><a href=\\\"\".rex_getUrl(\"REX_ARTICLE_ID\", $REX[CUR_CLANG], \"&FORM[detail]=\".$v->getId()).\"\\\" target=\\\"_self\\\" class=\\\"produktlink\\\"><img src=\\\"\".$REX[HTDOCS_PATH].\"files/but_blue.gif\\\" border=0/> Details</a>&nbsp;&nbsp;&nbsp;<a href=\\\"\".rex_getUrl(\"REX_ARTICLE_ID\", $REX[CUR_CLANG], \"&FORM[ADDTOWK][id]=\".$v->getId().\"&FORM[ADDTOWK][price]=\".$v->getPrice().\"#ancor\".$v->getId()).\"\\\" target=\\\"_self\\\"  class=\\\"produktlink\\\"><img src=\\\"\".$REX[HTDOCS_PATH].\"files/but_orange.gif\\\" border=0 /> in den Warenkorb</a></div>\r\n  		<div class=\\\"trenner\\\"><img src=\\\"\".$REX[HTDOCS_PATH].\"files/linie.gif\\\"  border=0 width=445 /></div>\";\r\n\r\n\r\n	}\r\n}\r\necho $output;\r\necho \"\";\r\n\r\n\r\n?>','','<?php\r\nfunction add_cat_options( &$select, &$cat, &$cat_ids, $groupName = \'\') {\r\n    if( empty( $cat)) {\r\n        return;\r\n    }\r\n\r\n    $cat_ids[] = $cat->getId();\r\n    $select->add_option($cat->getName(),$cat->getId(), $groupName);\r\n    $childs = $cat->getChildren();\r\n\r\n    if ( is_array( $childs)) {\r\n        foreach ( $childs as $child) {\r\n            add_cat_options( $select, $child, $cat_ids, $cat->getName());\r\n        }\r\n    }\r\n}\r\n\r\n$selected = \"REX_VALUE[1]\";\r\nif($selected == \"\"){\r\n	$selected = \"REX_ARTICLE_ID\";\r\n}\r\n\r\n$sel_cat = new rex_select;\r\n$sel_cat->set_style(\"width:100%;\");\r\n$sel_cat->set_size(1);\r\n$sel_cat->set_name(\"VALUE[1]\");\r\n$sel_cat->set_selected($selected);\r\n$STYLE= \"onchange=\'document.forms.catsearch.submit();\'\";\r\n$sel_cat->add_option(\"Bitte eine Kategorie auswählen\",\"100000000000000000\");\r\n\r\n$cat_ids = array();\r\nif ($rootCats = OOCategory::getRootCategories())\r\n{\r\n	foreach( $rootCats as $rootCat) {\r\n	    add_cat_options( $sel_cat, $rootCat, $cat_ids);\r\n	}\r\n}\r\n\r\necho \"Bitte eine Produktkategorie auswählen:<br />\";\r\necho $sel_cat->out().\"<br /><br />\";\r\n\r\n\r\necho \"Bitte Sortierung festlegen:<br />\";\r\n$sel = new rex_select;\r\n$sel->set_style(\"width:100%;\");\r\n$sel->set_size(1);\r\n$sel->set_name(\"VALUE[2]\");\r\n$sel->add_option(\"Nach Titel/Name\",\"name asc\");\r\n$sel->add_option(\"Nach Preis\",\"price asc\");\r\n$sel->set_selected(\"REX_VALUE[2]\");\r\necho $sel->out();\r\n\r\n?>','','0','0','','','','0','0');
INSERT INTO rex_modultyp VALUES ('14','','05.00 - Produktteaser','0','<?php\r\n\r\n$output = \"\";\r\nif($arti = new shop_article(\"REX_VALUE[1]\", $REX[CUR_CLANG])){\r\n	if($arti->getStatus() == 1){\r\n        $output .= \"\r\n	    <div class=\\\"produktteaserblock\\\">\r\n	        <div class=\\\"produktteaserbild\\\">\";\r\n\r\n        if($arti->getImage() != \"\"){\r\n            $output .= \"<img src=\\\"\".$REX[HTDOCS_PATH].\"index.php?rex_resize=150w__\".$arti->getImage().\"\\\"  border=0 />\";\r\n		}else{\r\n          	$output .= \"<img src=\\\"\".$REX[HTDOCS_PATH].\"index.php?rex_resize=150w__nopic.gif\\\"  border=0 />\";\r\n 	 	}\r\n\r\n		$output .= \"</div>\r\n		<div class=\\\"produktteasertexte\\\">\r\n			<div class=\\\"produktteasername\\\"><span class=\\\"subline\\\">\".$arti->getName().\"</span></div>\r\n			<div class=\\\"produktteaserdescription\\\">\".nl2br($arti->getDescription()).\"</div>\r\n		   	<div class=\\\"produktlistepreis\\\"><strong>Preis</strong> <span class=\\\"produktlink\\\">\";\r\n		if ($arti->getOldPrice()>0) $output .= \" <strike>\".number_format($arti->getOldPrice(),2,\".\",\"\").\" €</strike> \";\r\n\r\n		$output .= number_format($arti->getPrice(),2,\".\",\"\").\" €</span></div>\r\n		    <div class=\\\"produktlisteartikelnummer\\\"><strong>Best.Nr.:</strong> <span class=\\\"produktlink\\\">\".$arti->getArticleNumber().\"</span></div>\r\n            <div style=\\\"clear:both;\\\"></div>\r\n		</div> <div style=\\\"clear:both;\\\"></div>\r\n		<div class=\\\"produktteaserdetaillink\\\"><a href=\\\"\".rex_getUrl(current($arti->getCategories()),$REX[CUR_CLANG] ,\"FORM[detail]=\".$arti->getId()).\"\\\" target=\\\"_self\\\" class=\\\"produktlink\\\"><img src=\\\"\".$REX[HTDOCS_PATH].\"files/but_blue.gif\\\" border=0/> Details</a>\r\n		<div class=\\\"trenner\\\"><img src=\\\"\".$REX[HTDOCS_PATH].\"files/linie.gif\\\"  border=0 width=445 /></div>\r\n		</div>\r\n        \r\n		</div>\r\n		<div style=\\\"clear:both;\\\"></div>\";\r\n	}\r\n}\r\necho $output;\r\n?>','','<script language=Javascript>\r\n<!--//\r\n\r\nfunction openREXShop(rel){\r\n	// REX_SHOP_1_NAME REX_SHOP_1_ID\r\n	newWindow( \'relations\', \'index.php?page=simple_shop&subpage=relations&rel_id=\'+rel, 660,500,\',status=yes,resizable=yes\');\r\n}\r\n\r\nfunction deleteREXShop(rel){\r\n	// id and name\r\n	document.getElementById(\'REX_SHOP_\'+rel+\'_NAME\').value = \'\';\r\n	document.getElementById(\'REX_SHOP_\'+rel+\'_ID\').value = \'\';\r\n}\r\n\r\nfunction setREXShop(rel,id,name)\r\n{\r\n	document.getElementById(\'REX_SHOP_\'+rel+\'_NAME\').value = name;\r\n	document.getElementById(\'REX_SHOP_\'+rel+\'_ID\').value = id;\r\n}\r\n\r\n//-->\r\n</script>\r\n\r\n<?php\r\n\r\nif ($a = new shop_article(\"REX_VALUE[1]\",0))\r\n{\r\n	$rel_id = $a->getID();\r\n	$rel_name = $a->getName();\r\n}\r\n\r\necho \"			\r\n<input type=hidden name=VALUE[1] id=REX_SHOP_1_ID value=\\\"$rel_id\\\">\r\n<table style=\'background-color:#ffffff;\' cellpadding=3 cellspacing=1>\r\n<tr>\r\n<td class=grey>Produkt</td>\r\n<td class=grey>\r\n<table>\r\n	<tr>\r\n	<td><input type=text size=30 name=REX_SHOP_1_NAME value=\\\"\".$rel_name.\"\\\" class=inpgrey id=REX_SHOP_1_NAME readonly=readonly></td>\r\n	<td><a href=javascript:openREXShop(1);><img src=pics/file_open.gif width=16 height=16 title=\'medienpool\' border=0></a></td>\r\n	<td><a href=javascript:deleteREXShop(1);><img src=pics/file_del.gif width=16 height=16 title=\'-\' border=0></a></td>\r\n	</tr>\r\n</table>\r\n</td>\r\n</tr>\r\n</table>\";\r\n\r\n?>','','0','0','','','','0','0');
INSERT INTO rex_modultyp VALUES ('15','','suche','0','<?php \r\n$search = new rex_search_index();\r\n$search->debugsql = true;\r\n$search->searchIds = true;\r\n$search->status = 1; // 1 => sucht nur in Online Artikeln, 0 => sucht nur in Offline Artikeln, \'\' => sucht Status unabhängig\r\n$search->clang = 0; // optional\r\n$search->custom_where_conditions = \" AND type_id <> 3\"; // alle internen Type ID 3 werden nicht angezeigt\r\n$search->surroundchars = 20;\r\n$search->sourround_start_tag = \"<strong>\";\r\n$search->sourround_end_tag = \"</strong>\";\r\n$result = $search->rex_search(\'hallo\');\r\n\r\nif (is_array($result))\r\n{\r\n  foreach ($result as $hit)\r\n  {\r\n    print \'<p>\';\r\n    print \'<a href=\'.rex_getUrl($hit[\'id\'], $hit[\'clang\']).\'>\';\r\n    print $hit[\'name\'];\r\n    print \'</a>\';\r\n    print \'<br/>\';\r\n    print $hit[\'highlightedtext\'];\r\n    print \'</p>\';\r\n  }\r\n}\r\nelse\r\n{\r\n  print \"Nichts gefunden\";\r\n}\r\n?>','','','','0','0','','','','0','0');
DROP TABLE IF EXISTS rex_myshop_orders;
CREATE TABLE rex_myshop_orders ( oid int(100) NOT NULL  auto_increment, uid int(100) NOT NULL DEFAULT 0  , datum int(11) NOT NULL DEFAULT 0  , PRIMARY KEY(oid))TYPE=MyISAM;
INSERT INTO rex_myshop_orders VALUES ('1','3','1151070853');
DROP TABLE IF EXISTS rex_myshop_orders_products;
CREATE TABLE rex_myshop_orders_products ( opid int(11) NOT NULL  auto_increment, pid int(100) NOT NULL DEFAULT 0  , oid int(100) NOT NULL DEFAULT 0  , panzahl int(10) NOT NULL DEFAULT 0  , pname_de varchar(255) NOT NULL  , pname_en varchar(255) NOT NULL  , ppreis varchar(100) NOT NULL  , PRIMARY KEY(opid))TYPE=MyISAM;
INSERT INTO rex_myshop_orders_products VALUES ('1','1','1','2','Cocktail 1 pname de1','Cocktail 2 pname en1','123');
INSERT INTO rex_myshop_orders_products VALUES ('2','2','1','3','Schuhe_de','Schuhe_en','2510');
DROP TABLE IF EXISTS rex_myshop_products;
CREATE TABLE rex_myshop_products ( pid int(100) NOT NULL DEFAULT 0  , cid int(100) NOT NULL DEFAULT 0  , pname_de varchar(255) NOT NULL  , pname_en varchar(255) NOT NULL  , pimage varchar(255) NOT NULL  , ptext_de text NOT NULL  , ptext_en text NOT NULL  )TYPE=MyISAM;
INSERT INTO rex_myshop_products VALUES ('1','1','cocktail_de 1','cocktail_en 1','foo.gif','cocktail1_de Text','cocktail2_de Text');
DROP TABLE IF EXISTS rex_myshop_products_categories;
CREATE TABLE rex_myshop_products_categories ( cid int(100) NOT NULL  auto_increment, catname_de varchar(255) NOT NULL  , catname_en varchar(255) NOT NULL  , PRIMARY KEY(cid))TYPE=MyISAM;
INSERT INTO rex_myshop_products_categories VALUES ('1','Cocktails','');
INSERT INTO rex_myshop_products_categories VALUES ('2','Acessories','');
INSERT INTO rex_myshop_products_categories VALUES ('3','Schuhe','Shoes');
DROP TABLE IF EXISTS rex_myshop_user;
CREATE TABLE rex_myshop_user ( id int(30) NOT NULL  auto_increment, Firmenname1 varchar(30) NOT NULL  , Firmenname2 varchar(30) NOT NULL  , Vorname varchar(255) NOT NULL  , Nachname varchar(255) NOT NULL  , Adresse1 varchar(30) NOT NULL  , Adresse2 varchar(30) NOT NULL  , PLZ varchar(20) NOT NULL  , Stadt varchar(30) NOT NULL  , Land varchar(30) NOT NULL  , Telefon1 varchar(30) NOT NULL  , Telefon2 varchar(30) NOT NULL  , Fax varchar(30) NOT NULL  , Email varchar(30) NOT NULL  , PRIMARY KEY(id))TYPE=MyISAM;
INSERT INTO rex_myshop_user VALUES ('3','vscope','new media','wolfgang','huetteger','Fuhrgasse 4-6','','2201','Gerasdorf','Österreich','+43 699 19 20 17 57','','','office[at]vscope.at');
DROP TABLE IF EXISTS rex_opf_lang;
CREATE TABLE rex_opf_lang ( id int(11) NOT NULL  auto_increment, clang varchar(255) NOT NULL  , name text NOT NULL  , replacename varchar(255) NOT NULL  , PRIMARY KEY(id))TYPE=MyISAM;
DROP TABLE IF EXISTS rex_template;
CREATE TABLE rex_template ( id int(5) NOT NULL  auto_increment, label varchar(255) NULL  , name varchar(255) NULL  , content text NULL  , bcontent text NULL  , active tinyint(1) NULL DEFAULT 0  , date timestamp(14) NULL  , createuser varchar(255) NULL  , updateuser varchar(255) NULL  , createdate int(11) NULL DEFAULT 0  , updatedate int(11) NULL DEFAULT 0  , PRIMARY KEY(id))TYPE=MyISAM;
INSERT INTO rex_template VALUES ('1','','01.01 Default','<?\r\n\r\nsession_start();\r\n\r\n?><!DOCTYPE html PUBLIC \"-//W3C//DTD XHTML 1.0 Transitional//EN\" \"http://www.w3.org/TR/2000/REC-xhtml1-20000126/DTD/xhtml1-transitional.dtd\">\r\n<html>\r\n<?\r\n\r\nsetlocale(LC_ALL,\"de_DE\");\r\n\r\n?>\r\n<head>\r\n<title>Demo Shop - REDAXO 3.0 - <? echo $this->getValue(\"name\"); ?></title>\r\n<link rel=stylesheet type=text/css href=<? echo $REX[HTDOCS_PATH] ?>files/style.css>\r\n<link rel=stylesheet type=text/css href=<? echo $REX[HTDOCS_PATH] ?>files/txt_style.css>\r\n<script language=Javascript src=js/standard.js></script>\r\n</head>\r\n\r\n<body>\r\n\r\n<table width=885 border=0 cellpadding=0 cellspacing=0>\r\n\r\n<tr>\r\n <td><img src=<? echo $REX[HTDOCS_PATH] ?>files/head_logo.jpg width=200 height=110></td>\r\n <td><img src=<? echo $REX[HTDOCS_PATH] ?>pics/leer.gif width=10 height=1></td>\r\n <td valign=top style=\'background-image:url(<? echo $REX[HTDOCS_PATH] ?>files/head_dummy.jpg);\'><? include $REX[INCLUDE_PATH].\"/generated/templates/6.template\"; ?></td>\r\n <td><img src=<? echo $REX[HTDOCS_PATH] ?>pics/leer.gif width=10 height=1></td>\r\n <td bgcolor=#003A6D valign=bottom style=\'background-image:url(<? echo $REX[HTDOCS_PATH] ?>files/head_search.jpg);\'><img src=<? echo $REX[HTDOCS_PATH] ?>/pics/leer.gif width=220 height=1><br /><? include $REX[INCLUDE_PATH].\"/generated/templates/8.template\"; ?></td>\r\n</tr>\r\n\r\n<tr><td colspan=5><img src=<? echo $REX[HTDOCS_PATH] ?>pics/leer.gif width=10 height=3></td></tr>\r\n\r\n<tr>\r\n <td valign=top bgcolor=#dfdfdf rowspan=2><? include $REX[INCLUDE_PATH].\"/generated/templates/2.template\"; ?><? include $REX[INCLUDE_PATH].\"/generated/templates/7.template\"; ?>\r\n<div class=versandinformationen><a href=\"<?php echo rex_getUrl(53); ?>\">Versandinformationen</a></div>\r\n</td>\r\n <td rowspan=2><img src=<? echo $REX[HTDOCS_PATH] ?>pics/leer.gif width=10 height=450></td>\r\n <td valign=top><? echo $this->getArticle(); ?></td>\r\n <td rowspan=2></td>\r\n <td valign=top bgcolor=#ededed rowspan=2><div id=news><? \r\n\r\n// news\r\n$a = new rex_article(); \r\n$a->setArticleId(60); \r\necho $a->getArticle(); \r\n\r\n// related\r\n$a = new rex_article(); \r\n$a->setArticleId(59); \r\necho $a->getArticle(); \r\n\r\n?></div></td>\r\n</tr>\r\n\r\n<tr>\r\n<td valign=bottom><br><table width=100% cellpadding=0 cellspacing=0 border=0><tr><td style=\'background-color:#FFA500; border-bottom: 1px solid white; height:20px\'>&nbsp;</td></tr><tr><td style=\'background-color:#003A6D; color:#ffffff; height:20px\'><div class=smalltxt>&copy; Demo Shop - REDAXO 3.0 - 60311 Frankfurt am Main</div></td></tr></table></td>\r\n</tr>\r\n\r\n</table>\r\n\r\n\r\n\r\n<br style=\"clear:both;\" />\r\n\r\n</body>\r\n</html>','','1','20050807150145','','','0','0');
INSERT INTO rex_template VALUES ('2','','02.01 - Produktnavi','<div id=produktuebersicht>Produktübersicht</div><?php\r\n\r\n// Pfad auslesen und als Array speichern\r\n$PATH = explode(\"|\",$this->getValue(\"path\").$this->getValue(\"article_id\").\"|\");\r\n$path1 = $PATH[1];\r\n$path2 = $PATH[2];\r\n$path3 = $PATH[3];\r\n$path4 = $PATH[4];\r\n$path5 = $PATH[5];\r\n$path6 = $PATH[6];\r\n\r\n// erst ebene ul starten\r\necho \'<ul class=\"produl\">\';\r\n\r\n/* START 1st level categories */\r\n\r\nforeach (OOCategory::getChildrenById(13) as $lev1):\r\n	\r\n	$lev1->setClang($REX[CUR_CLANG]);\r\n	\r\n	if ($lev1->isOnline()):\r\n	\r\n		if ($lev1->getId() == $path2)\r\n		{\r\n			/* 1st level - active link */\r\n			echo \'<li class=\"prodlia\"><a href=\"\'.$lev1->getUrl().\'\">\'.$lev1->getName().\'</a>\';\r\n		}else\r\n		{\r\n			/* 1st level - no active link */\r\n			echo \'<li class=\"prodlip\"><a href=\"\'.$lev1->getUrl().\'\">\'.$lev1->getName().\'</a>\';\r\n		}\r\n		\r\n		/* 1st level had categories? -> go on */\r\n		$lev1Size = sizeof($lev1->getChildren());\r\n		\r\n		if($lev1Size != \"0\" && $lev1->getId() == $path2): \r\n\r\n			// echo \'<ul class=\"nav2nd\">\';\r\n\r\n			/* START 2nd level categories */\r\n			foreach ($lev1->getChildren() as $lev2):\r\n\r\n				if ($lev2->isOnline()):\r\n	\r\n					if ($lev2->getId() == $path3)\r\n					{\r\n						/* 2nd level - active link */\r\n						echo \'<li class=\"prodlia2\"><a href=\"\'.$lev2->getUrl().\'\">\'.$lev2->getName().\'</a>\';\r\n					}else\r\n					{\r\n						/* 2nd level - no active link */\r\n						echo \'<li class=\"prodlip2\"><a href=\"\'.$lev2->getUrl().\'\">\'.$lev2->getName().\'</a>\';\r\n					}\r\n					\r\n					/* 2nd level had categories? -> go on */\r\n					$lev2Size = sizeof($lev2->getChildren());\r\n			\r\n					if($lev2Size != \"0\" && $lev2->getId() == $path3):\r\n						// echo \'<ul class=\"nav3rd\">\';\r\n					\r\n						/* START 3rd level categories */\r\n						foreach ($lev2->getChildren() as $lev3):\r\n							if ($lev3->isOnline()):\r\n								if ($lev3->getId() == $path4)\r\n								{\r\n									/* 3rd level - active link */\r\n									echo \'<li class=\"prodlia3\"><a href=\"\'.$lev3->getUrl().\'\">\'.$lev3->getName().\'</a></li>\';\r\n								}else\r\n								{\r\n									/* 3rd level - no active link */\r\n									echo \'<li class=\"prodlip3\"><a href=\"\'.$lev3->getUrl().\'\">\'.$lev3->getName().\'</a></li>\';\r\n								}\r\n							endif;\r\n						endforeach;\r\n						/* END 3rd level categories */\r\n			\r\n						// echo \'</ul>\';\r\n					endif;\r\n\r\n					echo \'</li>\';\r\n				endif;\r\n			\r\n			endforeach;\r\n			/* END 2nd level categories */\r\n			\r\n			// echo \'</ul>\';\r\n		endif;\r\n\r\n		echo \'</li>\';\r\n	endif;\r\nendforeach;\r\n/* END 1st level categories */\r\n\r\necho \'</ul>\';\r\n?><br>','','0','20050628125903','','','0','0');
INSERT INTO rex_template VALUES ('6','','02.02 - Top Navi','<img src=<? echo $REX[HTDOCS_PATH] ?>pics/leer.gif width=445 height=85><br><?php\r\n\r\n$PATH = explode(\"|\",$this->getValue(\"path\").$this->getValue(\"article_id\").\"|\");\r\n$path1 = $PATH[1];\r\n\r\necho \'<div class=topnavi>\';\r\nforeach (OOCategory::getRootCategories() as $lev1):\r\n	$lev1->setClang($REX[CUR_CLANG]);\r\n	if ($lev1->isOnline()):\r\n		if ($lev1->getId() == $path1)\r\n		{\r\n			echo \'<a href=\"\'.$lev1->getUrl().\'\" class=linktopa>\'.$lev1->getName().\'</a>\';\r\n		}else\r\n		{\r\n			echo \'<a href=\"\'.$lev1->getUrl().\'\" class=linktopp>\'.$lev1->getName().\'</a>\';\r\n		}\r\n		echo \'\';\r\n	endif;\r\nendforeach;\r\necho \'</div>\';\r\n\r\n?>','','0','20050725231743','','','0','0');
INSERT INTO rex_template VALUES ('7','','04.01 - Warenkorb','<?php\r\n\r\n$anzahl	= 0;\r\n$sum    = 0;\r\n\r\nif($FORM[\'ADDTOWK\'][\'id\']!= \"\"){\r\n\r\n	$_SESSION[\'REX_WK\'][\'id\'][] = $FORM[\'ADDTOWK\'][\'id\'];\r\n	$_SESSION[\'REX_WK\'][\'price\'][] = $FORM[\'ADDTOWK\'][\'price\'];\r\n\r\n}\r\n\r\nif($FORM[\'SUBFROMWK\'][\'id\']!= \"\"){\r\n\r\n	if(is_array($_SESSION[\'REX_WK\'][\'id\'])){\r\n		$hit = \"\";\r\n\r\n		$hit = array_search($FORM[\'SUBFROMWK\'][\'id\'], $_SESSION[\'REX_WK\'][\'id\']);\r\n\r\n		if($hit > -1){\r\n			unset ($_SESSION[\'REX_WK\'][\'id\'][$hit]);\r\n			unset ($_SESSION[\'REX_WK\'][\'price\'][$hit]);\r\n  		}\r\n\r\n 	}\r\n\r\n}\r\n\r\n\r\nif(is_array($_SESSION[\'REX_WK\'])){\r\n\r\n	for($i=0; $i<count($_SESSION[\'REX_WK\'][\'id\']);$i++ ){\r\n\r\n		$sum += current($_SESSION[\'REX_WK\'][\'price\']);\r\n		$anzahl++;\r\n		next($_SESSION[\'REX_WK\'][\'price\']);\r\n\r\n	}\r\n\r\n}\r\n\r\nif($this->getValue(\"article_id\") != 14 && $this->getValue(\"article_id\") != 46):\r\n	echo \"\r\n	<div class=warenkorbhl>Warenkorb</div>\r\n	<div class=warenkorbinhalt>bereits im Warenkorb: \".$anzahl.\" Produkte</div>\r\n	<div class=warenkorbsumme>Summe: \".number_format($sum,2,\".\",\"\").\" EUR</div>\r\n	<div class=warenkorbeinsehen><a href=\".rex_getUrl(14).\">Warenkorb einsehen</a></div>\";\r\n\r\n	//echo var_dump($_SESSION[\'REX_WK\']);\r\n	\r\nendif;\r\n?>\r\n','','0','20050630175113','','','0','0');
INSERT INTO rex_template VALUES ('8','','05.01 - Produktsuche','<table border=0 cellpadding=0 cellspacing=0 width=208 style=\'margin:0px 10px 3px 10px;\'>\r\n<tr>\r\n<form action=\"index.php\" method=\"get\" name=suche>\r\n<input type=hidden name=\"article_id\" value=\"15\" />\r\n	<td class=linktopp style=\"width:33px;padding:0px;\">SUCHE</td>\r\n	<td align=center><input type=text name=FORM[search] value=\"\" style=\'width:114px;\'\r\nonfocus=\'this.style.backgroundColor=\"#e6e6e6\"\' onblur=\'this.style.backgroundColor=\"#fcfcfc\"\'  class=inputtext /></td>\r\n	<td align=right  class=linktopp style=\"width:33px;padding:0px;\"><input type=image src=\"files/but_suche.gif\" border=0 /><a href=\"javascript:document.forms.suche.submit()\" style=\'color:white;text-decoration:none;\'>GO</a></td>\r\n</tr>\r\n</form>\r\n</table>','','0','20050706115556','','','0','0');
