## Redaxo Database Dump Version 3
## Prefix rex_
DROP TABLE IF EXISTS rex_12_search_index;
CREATE TABLE rex_12_search_index ( id int(100) NOT NULL DEFAULT 0  , path varchar(100) NOT NULL  , status tinyint(2) NOT NULL DEFAULT 0  , clang tinyint(2) NOT NULL DEFAULT 0  , online_from int(11) NOT NULL DEFAULT 0  , online_to int(11) NOT NULL DEFAULT 0  , name varchar(255) NOT NULL  , keywords text NOT NULL  , content text NOT NULL  )TYPE=MyISAM;
INSERT INTO rex_12_search_index VALUES ('1','|','1','0','1133218800','1262300400','Home','hahhahahah','BKK-Aktiv-Wochen 2006asaaadf asdfa dfads fadf asdf adfad fadf adf adfa sdf ads 	Hallo und herzlich willkommen bei REDAXO.\r\n\r\n	Diese kleine Demo soll euch zeigen, wie REDAXO arbeitet.\r\n\r\n	Möchtet ihr eine horizontale und eine vertikale Navigation, so setzt im default Template einfach die Variable navTemplateID auf 3.\r\nSoll die Webseite komplett über eine vertikale Navigation verfügen, so setzt die Variable navTemplateID auf 2.\r\nWenn ihr das getan habt, solltet ihr in die CSS-Datei schauen und den entsprechenden Passus löschen. Nein keine Angst die Webseite funktioniert auch so. Nur ist der entsprechende Passus unnötigt und erschwert Euch nur das Programmierer-Leben.\r\n\r\n	Es sind bereits verschiedene Module angelegt worden, die euch frei zur Verfügung stehen. Auf redaxo.de findet ihr unter Downloads weitere Module.\r\n\r\n	Anmerkung: Die hier verwendeten Bilder unterliegen dem Copyright und dienen hier nur der Anschauung. Bitte benutzt eigene Bilder!\r\n\r\n\r\n adfsadfsdfasdfasdfasdfasdfasdf\r\nadf\r\nasdf\r\nasdfasdfadsfasdf&nbsp;\r\n');
INSERT INTO rex_12_search_index VALUES ('2','|','1','0','1133262842','1262300400','News','','Neuigkeiten in und über Sachsen	diese Seite verwendet das Modul &#8220;Teaser&#8221;.\r\n\r\n\r\n Neue Redaxo Version 3.1	Die Seite verwendet die Module &#8220;Externer Link&#8221;, &#8220;Interner Link&#8221; und &#8220;Download&#8221;. \r\n\r\n	Seit heute gibt es eine neue...mehrNeue Demo fertig	Wir haben heute endlich geschafft die neue Demo anzulegen. Für Anregungen und Kritiken sind wir gerne offen. Bitte...mehr');
INSERT INTO rex_12_search_index VALUES ('3','|','0','0','1133262860','1262300400','Über uns','','Das Redaxo Team...	... möchte hier auch an dieser Stelle einmal Danke für die vielen Anregungen, Kritiken, Ideen, Bugmeldungen, Wünsche usw sagen.\r\n\r\n	Es sagen Danke\r\n\r\n	Jan Kristinus [pergopa] &#8211; dergel\r\nwww.pergopa.de\r\n\r\n	Carsten Eckelmann [circle42] &#8211; careck\r\nwww.circle42.com\r\n\r\n	Wolfgang Huttegger [vscope new media] &#8211; vscope\r\nwww.vscope.at\r\n\r\n	Markus Staab [public-4u] &#8211; kills\r\nwww.public-4u.de\r\n\r\n	Peter Wolfrum [goldfischclub] &#8211; goldfisch\r\nwww.goldfischclub.de\r\n\r\n	Dagmar Uttich [mzuri] &#8211; dag\r\nwww.mzuri.de\r\n\r\n	Thomas Blum [blumbeet] &#8211; tbaddade\r\nwww.blumbeet.com\r\n\r\n\r\n ');
INSERT INTO rex_12_search_index VALUES ('4','|','1','0','1133218800','1262300400','Sachsen','','Einiges mehr zu SachsenDresdenPirnaLeipzigMeißen');
INSERT INTO rex_12_search_index VALUES ('5','|','1','0','1133262903','1262300400','Regionen','','Regionen Sachsens	diese Seite verwendet das Modul “Categorylist”.\r\n\r\n	Hier erfahren Sie mehr über die Regionen von Sachsen.\r\n\r\n	Bitte wählen Sie:\r\n\r\n\r\n ElbtalkesselErzgebirgeSächsische SchweizSächsisches Elbland');
INSERT INTO rex_12_search_index VALUES ('6','|','1','0','1133262911','1262300400','Tourismus','','Ja ich möchten den Sachsen-Urlaubskatalog\r\n	\r\n	\r\n		\r\n\r\n		kontaktform\r\n		\r\n		Ihre Angaben\r\n		\r\n				Name:\r\n				\r\n				\r\n		\r\n				Vorname:\r\n				\r\n				\r\n		\r\n				E-Mail:\r\n				\r\n				\r\n		\r\n				Adresse:\r\n				Geben Sie hier bitte Ihre Adresse an!\r\n				\r\n		\r\n				Telefon:\r\n				\r\n				\r\n		\r\n				Anfrage:\r\n				\r\n				\r\n		Wie sind Sie auf uns aufmerksam geworden\r\n		\r\n				Ich habe Sie gefunden in:\r\n				\r\n\r\n    über die Redaxo-Demo\r\n     über Google\r\n     überhaupt nicht\r\n\r\n\r\n		Broschürenbestellung\r\n		\r\n					\r\n					Sächsische Schweiz\r\n					\r\n		\r\n					\r\n					Dresden\r\n					\r\n		\r\n					\r\n					Pirna\r\n					\r\n		\r\n			\r\n		\r\n		\r\n	\r\n	');
INSERT INTO rex_12_search_index VALUES ('7','|','0','0','1133262920','1262300400','Impressum','','Impressum	REDAXO\r\nc/o pergopa\r\nJan Kristinus\r\nLange Straße 31\r\n60311 Frankfurt / Main\r\nwww.redaxo.de\r\n\r\n	Programmierung der Demo\r\nblumbeet &#8211; web.studio\r\n\r\n	Fotos\r\n108pixel\r\nblumbeet &#8211; web.studio\r\n\r\n\r\n ');
INSERT INTO rex_12_search_index VALUES ('8','|','0','0','1133262930','1262300400','Sitemap','','SitemapBenutzer RegistrierungHomeNewsRegionenElbtalkesselErzgebirgeSächsische SchweizSächsisches ElblandTourismusKontaktmeins');
INSERT INTO rex_12_search_index VALUES ('10','|5|','1','0','1133268778','1262300400','Elbtalkessel','','');
INSERT INTO rex_12_search_index VALUES ('9','|5|','1','0','1133268670','1262300400','Sächsische Schweiz','','Die sächsische SchweizSächsische Schweiz	Ich bin Blindtext. \r\n\r\n	Von Geburt an. Es hat lange gedauert, bis ich begriffen habe, was es bedeutet, ein \r\n\r\n	blinder Text \r\n\r\n	zu sein: Man macht keinen Sinn. Man wirkt hier und da aus dem Zusammenhang gerissen. Oft wird man gar nicht erst gelesen. Aber bin ich deshalb ein schlechter Text? Ich weiß, daß ich nie die Chance haben werde, im Stern zu erscheinen. Aber bin ich darum weniger wichtig? Ich bin blind! Aber ich bin gerne Text. Und sollten Sie mich jetzt tatsächlich zu Ende lesen, dann habe ich etwas geschafft, was den meisten &#8220;normalen&#8221; Texten nicht gelingt&#8230;\r\n\r\n\r\n Sächsische Schweiz	I am a dummy copy. \r\n\r\n	And I´ve been a dummy copy since my birth. It took me a long time to realize what it means to be a dummy copy: you make no sense. You stand out now and then by being completely out of context. Often, you aren´t even read at all. But does that make me a bad copy? I know that I´ll never stand a chance of appearing in the Economist. But does that make me any less important? I´m a dummy! But I enjoy being a copy. And should you now decide to carry on reading me to the end, I´ll have managed to achieve something most &#8220;normal&#8221; copies don´t achieve.\r\n\r\n\r\n ');
INSERT INTO rex_12_search_index VALUES ('11','|5|','1','0','1133268792','1262300400','Erzgebirge','','');
INSERT INTO rex_12_search_index VALUES ('12','|5|','1','0','1133268808','1262300400','Sächsisches Elbland','','');
INSERT INTO rex_12_search_index VALUES ('13','|','1','0','1133269045','1262300400','Kontakt','','Nehmen Sie Kontakt auf!\r\n	\r\n	\r\n		\r\n\r\n		kontaktform\r\n		\r\n		\r\n				Name\r\n				\r\n				\r\n		\r\n				Vorname\r\n				\r\n				\r\n		\r\n				Firma\r\n				\r\n				\r\n		\r\n				Straße\r\n				\r\n				\r\n		\r\n				PLZ / Ort\r\n				\r\n				\r\n		\r\n				E-Mail\r\n				\r\n				\r\n		\r\n				Ihre Nachricht\r\n				\r\n				\r\n		\r\n			\r\n		\r\n		\r\n	\r\n	');
INSERT INTO rex_12_search_index VALUES ('14','|2|','1','0','1133275826','1262300400','051130','','Neue Redaxo Version 3.1	Die Seite verwendet die Module &#8220;Externer Link&#8221;, &#8220;Interner Link&#8221; und &#8220;Download&#8221;.\r\n\r\n	Seit heute gibt es eine neue Version des CMS Redaxo. Auch &#8220;Sachsen erleben&#8221; basiert auf dem gleichnamigen Content Management System.\r\n\r\n\r\n Hier gibt es den Download der neusten Versionverwendete Blindtextezurück zur Übersicht');
INSERT INTO rex_12_search_index VALUES ('15','|2|','1','0','1133276114','1262300400','051129','','Neue Demo fertig	Wir haben heute endlich geschafft die neue Demo anzulegen. Für Anregungen und Kritiken sind wir gerne offen. Bitte postet dazu eure Meinungen in das Forum unter Wunschliste. Falls Ihr einen Fehler entdeckt, bitte meldet diesen im Bug-Forum. Hilfe bekommt ihr im Forum oder aber auch im IRC Channel (Chat).\r\n\r\n	Vielen Dank das\r\n\r\n	Redaxo Team\r\n\r\n\r\n zurück zur Übersicht');
INSERT INTO rex_12_search_index VALUES ('16','|4|','1','0','1133278956','1262300400','Dresden','','Dresden - Die BarockstadtFrauenkirche	Die Frauenkirche\r\n\r\n	Lorem ipsum dolor sit amet, consectetuer adipiscing elit, sed diam nonummy nibh euismod tincidunt ut laoreet dolore magna aliquam erat volutpat. Ut wisi enim ad minim veniam, quis nostrud exerci tation ullamcorper suscipit lobortis nisl ut aliquip ex ea commodo consequat. \r\n\r\n\r\n Semperoper	Die Semperoper\r\n\r\n	Lorem ipsum dolor sit amet, consectetuer adipiscing elit, sed diam nonummy nibh euismod tincidunt ut laoreet dolore magna aliquam erat volutpat. Ut wisi enim ad minim veniam, quis nostrud exerci tation ullamcorper suscipit lobortis nisl ut aliquip ex ea commodo consequat. \r\n\r\n\r\n\r\n Zwinger	Der Zwinger\r\n\r\n	Lorem ipsum dolor sit amet, consectetuer adipiscing elit, sed diam nonummy nibh euismod tincidunt ut laoreet dolore magna aliquam erat volutpat. Ut wisi enim ad minim veniam, quis nostrud exerci tation ullamcorper suscipit lobortis nisl ut aliquip ex ea commodo consequat. \r\n\r\n\r\n ');
INSERT INTO rex_12_search_index VALUES ('17','|4|','1','0','1133278962','1262300400','Pirna','','Pirna - Das Tor zur Sächsischen SchweizStadt Pirna	Der Blick von oben\r\n\r\n	Ich bin Blindtext. Von Geburt an. Es hat lange gedauert, bis ich begriffen habe, was es bedeutet, ein blinder Text zu sein: Man macht keinen Sinn. Man wirkt hier und da aus dem Zusammenhang gerissen. Oft wird man gar nicht erst gelesen. Aber bin ich deshalb ein schlechter Text? Ich weiß, daß ich nie die Chance haben werde, im Stern zu erscheinen. Aber bin ich darum weniger wichtig? Ich bin blind! Aber ich bin gerne Text. Und sollten Sie mich jetzt tatsächlich zu Ende lesen, dann habe ich etwas geschafft, was den meisten &#8220;normalen&#8221; Texten nicht gelingt&#8230;\r\n\r\n\r\n Blick von der Königsnase	Ein Blick nach aussen\r\n\r\n	Ich bin Blindtext. Von Geburt an. Es hat lange gedauert, bis ich begriffen habe, was es bedeutet, ein blinder Text zu sein: Man macht keinen Sinn. Man wirkt hier und da aus dem Zusammenhang gerissen. Oft wird man gar nicht erst gelesen. Aber bin ich deshalb ein schlechter Text? Ich weiß, daß ich nie die Chance haben werde, im Stern zu erscheinen. Aber bin ich darum weniger wichtig? Ich bin blind! Aber ich bin gerne Text. Und sollten Sie mich jetzt tatsächlich zu Ende lesen, dann habe ich etwas geschafft, was den meisten &#8220;normalen&#8221; Texten nicht gelingt&#8230;\r\n\r\n\r\n ');
INSERT INTO rex_12_search_index VALUES ('18','|4|','1','0','1133278969','1262300400','Leipzig','','');
INSERT INTO rex_12_search_index VALUES ('19','|4|','1','0','1133278985','1262300400','Meißen','','');
INSERT INTO rex_12_search_index VALUES ('22','|','1','0','1143389719','1262300400','Benutzer Registrierung','','  \r\n  Anmeldung\r\n  \r\n    \r\n    Benutzername:\r\n    \r\n    Email Adresse:\r\n    \r\n    Vorname:\r\n    \r\n    Nachname:\r\n    \r\n    \r\n  \r\nFORMation Formular');
INSERT INTO rex_12_search_index VALUES ('21','|','0','0','1143389702','1262300400','Benutzer Registrierung','','');
INSERT INTO rex_12_search_index VALUES ('23','|','1','0','1144519581','1262300400','meins','','\r\n\r\nNr\r\n\r\n \r\n 1.\r\n \r\n \r\n \r\n \r\n \r\n 2.\r\n \r\n \r\n \r\n \r\n \r\n 3.\r\n \r\n \r\n \r\n \r\n \r\n 4.\r\n \r\n \r\n \r\n \r\n \r\n 5.\r\n \r\n \r\n \r\n \r\n');
DROP TABLE IF EXISTS rex_13_glossar;
CREATE TABLE rex_13_glossar ( short_id int(10) unsigned NOT NULL  auto_increment, shortcut varchar(255) NOT NULL  , description varchar(255) NULL  , language int(1) NULL DEFAULT 0  , casesense tinyint(1) NULL DEFAULT 0  , PRIMARY KEY(short_id))TYPE=MyISAM;
INSERT INTO rex_13_glossar VALUES ('1','z.B.','zum Beispiel','1','1');
INSERT INTO rex_13_glossar VALUES ('2','e.V.','eingetragener Verein','1','1');
INSERT INTO rex_13_glossar VALUES ('3','Email','elektronische Post','2','0');
INSERT INTO rex_13_glossar VALUES ('4','d.h.','das heisst','1','1');
INSERT INTO rex_13_glossar VALUES ('5','bzw.','beziehungsweise','1','1');
INSERT INTO rex_13_glossar VALUES ('6','usw.','und so weiter','1','1');
INSERT INTO rex_13_glossar VALUES ('7','PC','Personal Computer','1','1');
INSERT INTO rex_13_glossar VALUES ('8','FC','Fussball Club','1','1');
INSERT INTO rex_13_glossar VALUES ('9','Dr.','Doktor','1','1');
INSERT INTO rex_13_glossar VALUES ('10','Ca.','Cirka','1','1');
INSERT INTO rex_13_glossar VALUES ('11','Sa.','Samstag','1','1');
INSERT INTO rex_13_glossar VALUES ('12','So.','Sonntag','1','1');
INSERT INTO rex_13_glossar VALUES ('13','Std.','Stunde','1','1');
INSERT INTO rex_13_glossar VALUES ('14','St.','Sankt','1','1');
INSERT INTO rex_13_glossar VALUES ('15','ggf.','gegebenenfalls','1','1');
INSERT INTO rex_13_glossar VALUES ('16','Tel.','Telefon','1','1');
INSERT INTO rex_13_glossar VALUES ('17','KFZ','Kraftfahrzeug','1','1');
INSERT INTO rex_13_glossar VALUES ('18','CD','Compact Disk','1','1');
INSERT INTO rex_13_glossar VALUES ('19','VW','Volkswagen','1','1');
INSERT INTO rex_13_glossar VALUES ('20','u.a.','unter anderem','1','1');
INSERT INTO rex_13_glossar VALUES ('21','ha.','Hektar','1','1');
INSERT INTO rex_13_glossar VALUES ('22','km','Kilometer','1','1');
INSERT INTO rex_13_glossar VALUES ('23','BITV','Verordnung zur barrierefreien Informationstechnik','1','1');
INSERT INTO rex_13_glossar VALUES ('24','Homepage','Internetseite','2','1');
INSERT INTO rex_13_glossar VALUES ('25','Team','Gemeinschaft','2','1');
INSERT INTO rex_13_glossar VALUES ('26','Training','Übung','1','1');
INSERT INTO rex_13_glossar VALUES ('27','Browser','Medium um Internetseiten darzustellen','2','1');
INSERT INTO rex_13_glossar VALUES ('28','Hobbies','Freizeitgestaltung','1','1');
INSERT INTO rex_13_glossar VALUES ('29','Links','Adressen von Internetseiten','2','1');
INSERT INTO rex_13_glossar VALUES ('30','Outdoor','Draussen im Freien','2','1');
INSERT INTO rex_13_glossar VALUES ('31','Regie','Anleitung','2','1');
INSERT INTO rex_13_glossar VALUES ('32','Layout','Darstellung','2','1');
INSERT INTO rex_13_glossar VALUES ('33','Chat','Kommunikation via Internet','2','1');
INSERT INTO rex_13_glossar VALUES ('34','Newsletter','Rundbrief von Neuigkeiten','2','1');
INSERT INTO rex_13_glossar VALUES ('35','Webseite','Internetseite','2','1');
INSERT INTO rex_13_glossar VALUES ('36','Public','Öffentlichkeit','2','1');
INSERT INTO rex_13_glossar VALUES ('37','Recycling','Wiedereinführung in einen Kreislauf','1','1');
INSERT INTO rex_13_glossar VALUES ('38','Containern','Aufbewahrungsbehälter','1','1');
INSERT INTO rex_13_glossar VALUES ('39','Cowboy','Kuhhirte, Überwiegend zu Pferde unterwegs','2','1');
INSERT INTO rex_13_glossar VALUES ('40','Louis-seize','aus der Zeit von Louis, König aus Frankreich, der einen speziellen Stil darstellt','2','1');
INSERT INTO rex_13_glossar VALUES ('41','Windows','Fenster','2','1');
INSERT INTO rex_13_glossar VALUES ('42','MAC','Personal Computer der Firma Apple','2','1');
INSERT INTO rex_13_glossar VALUES ('43','Explorer','Auswahlfenster','2','1');
INSERT INTO rex_13_glossar VALUES ('44','Return','Zurück zum letzten Punkt','2','1');
INSERT INTO rex_13_glossar VALUES ('45','Screenreader','Bildschirmlesegerät','2','1');
INSERT INTO rex_13_glossar VALUES ('46','Web','Abkürzung für Internet','2','1');
INSERT INTO rex_13_glossar VALUES ('47','Accessibility','Bezeichnung für gute Bedienbarkeit','0','1');
INSERT INTO rex_13_glossar VALUES ('48','World','Welt','2','1');
INSERT INTO rex_13_glossar VALUES ('49','Wide','weite','2','1');
INSERT INTO rex_13_glossar VALUES ('50','Stylesheets','Datei um das Aussehen einer Internetseite zu beschreiben','2','1');
INSERT INTO rex_13_glossar VALUES ('51','JavaScript','Programmiersprache','2','1');
INSERT INTO rex_13_glossar VALUES ('52','Textbrowser','Medium um textbasierte Seiten im Internet darzustellen','2','1');
INSERT INTO rex_13_glossar VALUES ('53','Code','Quelldateien einer Programmiersprache','2','1');
DROP TABLE IF EXISTS rex_13_glossar_lang;
CREATE TABLE rex_13_glossar_lang ( lang_id int(10) unsigned NOT NULL  auto_increment, lang_name varchar(255) NOT NULL  , lang_short varchar(4) NOT NULL  , PRIMARY KEY(lang_id))TYPE=MyISAM;
INSERT INTO rex_13_glossar_lang VALUES ('1','Deutsch','dt');
INSERT INTO rex_13_glossar_lang VALUES ('2','Englisch','en');
INSERT INTO rex_13_glossar_lang VALUES ('3','Französisch','fr');
DROP TABLE IF EXISTS rex_2_group;
CREATE TABLE rex_2_group ( id int(11) NOT NULL  auto_increment, name varchar(255) NOT NULL  , extras text NOT NULL  , PRIMARY KEY(id))TYPE=MyISAM;
DROP TABLE IF EXISTS rex_2_u_g;
CREATE TABLE rex_2_u_g ( id int(11) NOT NULL  auto_increment, user_id int(11) NOT NULL DEFAULT 0  , group_id int(11) NOT NULL DEFAULT 0  , PRIMARY KEY(id))TYPE=MyISAM;
INSERT INTO rex_2_u_g VALUES ('1','15','2');
INSERT INTO rex_2_u_g VALUES ('2','15','4');
INSERT INTO rex_2_u_g VALUES ('3','15','5');
INSERT INTO rex_2_u_g VALUES ('4','16','2');
INSERT INTO rex_2_u_g VALUES ('5','16','4');
INSERT INTO rex_2_u_g VALUES ('6','16','5');
INSERT INTO rex_2_u_g VALUES ('7','17','2');
INSERT INTO rex_2_u_g VALUES ('8','17','4');
INSERT INTO rex_2_u_g VALUES ('9','17','5');
INSERT INTO rex_2_u_g VALUES ('10','18','2');
INSERT INTO rex_2_u_g VALUES ('11','18','4');
INSERT INTO rex_2_u_g VALUES ('12','18','5');
DROP TABLE IF EXISTS rex_2_user;
CREATE TABLE rex_2_user ( id int(11) NOT NULL  auto_increment, user_login varchar(255) NOT NULL  , user_password varchar(255) NOT NULL  , user_name varchar(255) NOT NULL  , user_firstname varchar(255) NOT NULL  , user_gender char(1) NOT NULL  , user_birthdate varchar(255) NOT NULL  , user_eyecolor varchar(255) NOT NULL  , user_haircolor varchar(255) NOT NULL  , user_street varchar(255) NOT NULL  , user_plz varchar(255) NOT NULL  , user_town varchar(255) NOT NULL  , user_phone varchar(255) NOT NULL  , user_mobile varchar(255) NOT NULL  , user_email varchar(255) NOT NULL  , user_icq varchar(255) NOT NULL  , user_aim varchar(255) NOT NULL  , user_msn varchar(255) NOT NULL  , user_skype varchar(255) NOT NULL  , user_private_data_public int(11) NOT NULL DEFAULT 0  , company_name varchar(255) NOT NULL  , company_department varchar(255) NOT NULL  , company_operating_field varchar(255) NOT NULL  , company_street varchar(255) NOT NULL  , company_plz varchar(255) NOT NULL  , company_town varchar(255) NOT NULL  , company_phone varchar(255) NOT NULL  , company_mobile varchar(255) NOT NULL  , company_email varchar(255) NOT NULL  , company_data_public int(11) NOT NULL DEFAULT 0  , personally_positive_characteristics text NOT NULL  , personally_negaitve_characteristics text NOT NULL  , personally_hobby text NOT NULL  , personally_favorite_place text NOT NULL  , personally_slogan text NOT NULL  , personally_data_public int(11) NOT NULL DEFAULT 0  , info_newsletter int(11) NOT NULL DEFAULT 0  , info_mail int(11) NOT NULL DEFAULT 0  , user_status int(11) NOT NULL DEFAULT 0  , user_typ int(11) NOT NULL DEFAULT 0  , user_file1 varchar(255) NOT NULL  , user_file2 varchar(255) NOT NULL  , login_activation int(11) NOT NULL DEFAULT 0  , activation_key varchar(255) NOT NULL  , PRIMARY KEY(id))TYPE=MyISAM;
INSERT INTO rex_2_user VALUES ('1','tb','tb','','','w','','','','','','','','','','','','','','1','','','','','','','','','','1','','','','','','1','0','0','1','2','','','1','');
INSERT INTO rex_2_user VALUES ('5','staabm','','staab','markus','','','','','','','','','','kills@online.de','','','','','0','','','','','','','','','','0','','','','','','0','0','0','0','0','','','0','de303b118cc21eaa4d346eefa198daca');
INSERT INTO rex_2_user VALUES ('4','staabm','','staab','markus','','','','','','','','','','kills@online.de','','','','','0','','','','','','','','','','0','','','','','','0','0','0','0','0','','','0','6e8bba9dd0a19494fb2ab8937f13a323');
INSERT INTO rex_2_user VALUES ('6','staabm','','staab','markus','','','','','','','','','','kills@online.de','','','','','0','','','','','','','','','','0','','','','','','0','0','0','0','0','','','0','01441e654c8db08faa7c47d1ea724171');
INSERT INTO rex_2_user VALUES ('7','staabm','','staab','markus','','','','','','','','','','kills@online.de','','','','','0','','','','','','','','','','0','','','','','','0','0','0','0','0','','','0','039df41b7d273bf050657752e186f014');
INSERT INTO rex_2_user VALUES ('8','staabm','','staab','markus','','','','','','','','','','kills@online.de','','','','','0','','','','','','','','','','0','','','','','','0','0','0','0','0','','','0','cf98927a522111b9bf81ca0136d278b7');
INSERT INTO rex_2_user VALUES ('9','staabm','','staab','markus','','','','','','','','','','kills@online.de','','','','','0','','','','','','','','','','0','','','','','','0','0','0','0','0','','','0','a58ca64e9172145343bb741cc8f28a87');
INSERT INTO rex_2_user VALUES ('10','staabm','','staab','markus','','','','','','','','','','kills@online.de','','','','','0','','','','','','','','','','0','','','','','','0','0','0','0','0','','','0','a730e3219c1228ccb6f05820a6038344');
INSERT INTO rex_2_user VALUES ('11','staabm','','staab','markus','','','','','','','','','','kills@online.de','','','','','0','','','','','','','','','','0','','','','','','0','0','0','0','0','','','1','b3b9442737f74e3e83655f8400e3b7df');
INSERT INTO rex_2_user VALUES ('12','staabm','','Staab','Markus','','','','','','','','','','kills@online.de','','','','','0','','','','','','','','','','0','','','','','','0','0','0','0','0','','','0','8b10678ffc584addd2a38079735a03cf');
INSERT INTO rex_2_user VALUES ('13','kills','6b4adc24','staab','markus','','','','','','','','','','kills@online.de1','','','','','0','','','','','','','','','','0','','','','','','0','0','0','0','0','','','0','1d5fd6a800f60b1676d37bd8bae2024f');
INSERT INTO rex_2_user VALUES ('14','kills2','79378a9a','staab','markus','','','','','','','','','','kills@online.de12','','','','','0','','','','','','','','','','0','','','','','','0','0','0','0','0','','','0','12102dbf69d4712ae26271f7ab928bad');
INSERT INTO rex_2_user VALUES ('15','markus','823c0fb5','Staab','Markus','','','','','','','','','','markus@ab.de','','','','','0','','','','','','','','','','0','','','','','','0','0','0','1','2','','','0','9200c87f88fed22248005a57af51e9f7');
INSERT INTO rex_2_user VALUES ('16','markus1','6ccffaed','Staab1','Markus1','','','','','','','','','','markus@ab.dedd','','','','','0','','','','','','','','','','0','','','','','','0','0','0','1','2','','','0','83427f1aeabd02d8c8012fa7f69781bc');
INSERT INTO rex_2_user VALUES ('17','markus12','be31da30','Staab12','Markus12','','','','','','','','','','markus@ab.decd','','','','','0','','','','','','','','','','0','','','','','','0','0','0','1','1','','','1','6617f34b1782670c39e9d0cb3652a40b');
INSERT INTO rex_2_user VALUES ('18','adam','cdadf0c6','eva','adam','','','','','','','','','','adam@eva.de','','','','','0','','','','','','','','','','0','','','','','','0','0','0','1','1','','','1','9b818d4d592477d74f583ea0396016ed');
DROP TABLE IF EXISTS rex_38_icons;
CREATE TABLE rex_38_icons ( icon_id int(10) NOT NULL  auto_increment, icon_type int(10) NOT NULL DEFAULT 0  , icon_group int(10) NOT NULL DEFAULT 0  , icon_name varchar(50) NOT NULL  , icon_show tinyint(1) NOT NULL DEFAULT 0  , icon_sepa tinyint(1) NOT NULL DEFAULT 0  , icon_aTag varchar(30) NOT NULL  , icon_eTag varchar(30) NOT NULL  , icon_aKey varchar(10) NOT NULL  , icon_title varchar(255) NOT NULL  , icon_image varchar(255) NOT NULL  , PRIMARY KEY(icon_id))TYPE=MyISAM;
INSERT INTO rex_38_icons VALUES ('1','1','101','bold','0','0','**','**&nbsp;','f','|**Text**|','bold.png');
INSERT INTO rex_38_icons VALUES ('2','1','101','strong','1','0','*','*&nbsp;','w','|*Text*|','strong.png');
INSERT INTO rex_38_icons VALUES ('3','1','101','italic','0','0','__','__&nbsp;','i','|__Text__|','italic.png');
INSERT INTO rex_38_icons VALUES ('4','1','101','emphasis','1','0','_','_&nbsp;','e','|_Text_|','emphasis.png');
INSERT INTO rex_38_icons VALUES ('5','1','101','delete','1','0','-','-&nbsp;','x','|-Text-|','delete.png');
INSERT INTO rex_38_icons VALUES ('6','1','101','insert','1','0','+','+&nbsp;','v','|+Text+|','insert.png');
INSERT INTO rex_38_icons VALUES ('7','1','102','h1','1','0','#n#nh1.&nbsp;','#n#n','1','|h1. Text|','headline_1.png');
INSERT INTO rex_38_icons VALUES ('8','1','102','h2','1','0','#n#nh2.&nbsp;','#n#n','2','|h2. Text|','headline_2.png');
INSERT INTO rex_38_icons VALUES ('9','1','102','h3','1','0','#n#nh3.&nbsp;','#n#n','3','|h3. Text|','headline_3.png');
INSERT INTO rex_38_icons VALUES ('10','1','102','h4','1','0','#n#nh4.&nbsp;','#n#n','4','|h4. Text|','headline_4.png');
INSERT INTO rex_38_icons VALUES ('11','1','102','h5','1','0','#n#nh5.&nbsp;','#n#n','5','|h5. Text|','headline_5.png');
INSERT INTO rex_38_icons VALUES ('12','1','102','h6','1','0','#n#nh6.&nbsp;','#n#n','6','|h6. Text|','headline_6.png');
INSERT INTO rex_38_icons VALUES ('13','1','103','float_left','1','0','#n#np(flleft).&nbsp;','#n#n','l','|p(flleft). Text|','float_left.png');
INSERT INTO rex_38_icons VALUES ('14','1','103','float_right','1','0','#n#np(flright).&nbsp;','#n#n','r','|p(flright). Text|','float_right.png');
INSERT INTO rex_38_icons VALUES ('15','1','103','align_left','1','0','#n#np<.&nbsp;','#n#n','g','|p<. Text|','align_left.png');
INSERT INTO rex_38_icons VALUES ('16','1','103','align_center','1','0','#n#np=.&nbsp;','#n#n','m','|p=. Text|','align_center.png');
INSERT INTO rex_38_icons VALUES ('17','1','103','align_right','1','0','#n#np>.&nbsp;','#n#n','h','|p>. Text|','align_right.png');
INSERT INTO rex_38_icons VALUES ('18','1','103','align_justify','1','0','#n#np<>.&nbsp;','#n#n','j','|p<>. Text|','align_justify.png');
INSERT INTO rex_38_icons VALUES ('19','1','104','bullet_list','1','0','#n*&nbsp;','#n','b','|* Text|','list_bullets.png');
INSERT INTO rex_38_icons VALUES ('20','1','104','numeric_list','1','0','#n#&nbsp;','#n','n','|# Text|','list_numbers.png');
INSERT INTO rex_38_icons VALUES ('21','1','105','superscript','0','0','^','^','7','|^Text^|','superscript.png');
INSERT INTO rex_38_icons VALUES ('22','1','105','subscript','0','0','~','~','8','|~Text~|','subscript.png');
INSERT INTO rex_38_icons VALUES ('23','1','106','table','1','0','','','t','','table.png');
INSERT INTO rex_38_icons VALUES ('24','1','107','acronym','1','0','','','a','|ABC(Always Be Closing)|','acronym.png');
INSERT INTO rex_38_icons VALUES ('25','1','107','code','0','0','#n@','@#n#n','c','|@Text@|','code.png');
INSERT INTO rex_38_icons VALUES ('26','1','107','blockquote','0','0','#n#nbq.&nbsp;','#n#n','q','|bq. Text|','quote.png');
INSERT INTO rex_38_icons VALUES ('27','1','107','cite','0','0','??','??','z','|??Text??|','quote.png');
INSERT INTO rex_38_icons VALUES ('28','1','107','footnote','0','0','','[ZAHL]#n#n#nfnZAHL.&nbsp;','u','|[n]|','footnote.png');
INSERT INTO rex_38_icons VALUES ('29','1','108','image','1','0','','','i','|!Image Url!|','image.png');
INSERT INTO rex_38_icons VALUES ('30','1','108','image_link','1','0','','','o','|!Image Url!:Url|','image_link.png');
INSERT INTO rex_38_icons VALUES ('31','1','109','link_intern','1','0','','','9','|&#8243;Text(Title)&#8243;:redaxo://aid|','linkintern.png');
INSERT INTO rex_38_icons VALUES ('32','1','109','link_extern','1','0','','','0','|&#8243;Text(Title)&#8243;:Url|','linkextern.png');
INSERT INTO rex_38_icons VALUES ('33','2','201','no-break space','1','0','','&#160;','','No-Break Space','');
INSERT INTO rex_38_icons VALUES ('34','2','201','ampersand','0','0','','&#38;','','Ampersand','');
INSERT INTO rex_38_icons VALUES ('35','2','202','&curren;','0','0','','&#164;','','currency_sign','');
INSERT INTO rex_38_icons VALUES ('36','2','202','cent','0','0','','&#162;','','cent','');
INSERT INTO rex_38_icons VALUES ('37','2','202','euro','0','0','','&#8364;','','euro','');
INSERT INTO rex_38_icons VALUES ('38','2','202','pound','0','0','','&#163;','','pound','');
INSERT INTO rex_38_icons VALUES ('39','2','202','yen','0','0','','&#165;','','yen','');
INSERT INTO rex_38_icons VALUES ('40','2','203','copy','1','0','','&#169;','','copyright','');
INSERT INTO rex_38_icons VALUES ('41','2','203','registered','1','0','','&#174;','','registered','');
INSERT INTO rex_38_icons VALUES ('42','2','203','trademark','1','0','','&#8482;','','trademark','');
INSERT INTO rex_38_icons VALUES ('43','2','203','per-mille-sign','1','0','','&#8240;','','per_mille_sign','');
INSERT INTO rex_38_icons VALUES ('44','2','204','micro','0','0','','&#181;','','micro','');
INSERT INTO rex_38_icons VALUES ('45','2','204','middle-dot','1','0','','&#183;','','middle_dot','');
INSERT INTO rex_38_icons VALUES ('46','2','204','three-dot-leader','1','0','','&#8230;','','three_dot_leader','');
INSERT INTO rex_38_icons VALUES ('47','2','204','minutes','0','0','','&#8242;','','minutes','');
INSERT INTO rex_38_icons VALUES ('48','2','204','seconds','0','0','','&#8243;','','seconds','');
INSERT INTO rex_38_icons VALUES ('49','2','205','paragraph','0','0','','&#182;','','pilcrow','');
INSERT INTO rex_38_icons VALUES ('50','2','205','&iexcl;','0','0','','&#161;','','inverted_exclamation_mark','');
INSERT INTO rex_38_icons VALUES ('51','2','205','&iquest;','0','0','','&#191;','','inverted_question_mark','');
INSERT INTO rex_38_icons VALUES ('52','2','205','quotation-mark','1','0','','&#34;','','quotation_mark','');
INSERT INTO rex_38_icons VALUES ('53','2','205','&lsaquo;','1','0','','&#8249;','','single_left-pointing_angle_quotation_mark','');
INSERT INTO rex_38_icons VALUES ('54','2','205','&rsaquo;','1','0','','&#8250;','','single_right-pointing_angle_quotation_mark','');
INSERT INTO rex_38_icons VALUES ('55','2','205','&laquo;','1','0','','&#171;','','left_pointing_guillemet','');
INSERT INTO rex_38_icons VALUES ('56','2','205','&raquo;','1','0','','&#187;','','right_pointing_guillemet','');
INSERT INTO rex_38_icons VALUES ('57','2','205','&lsquo;','0','0','','&#8216;','','left_single_quotation_mark','');
INSERT INTO rex_38_icons VALUES ('58','2','205','&rsquo;','0','0','','&#8217;','','right_single_quotation_mark','');
INSERT INTO rex_38_icons VALUES ('59','2','205','&sbquo;','0','0','','&#8218;','','single_low-9_quotation_mark','');
INSERT INTO rex_38_icons VALUES ('60','2','205','&ldquo;','0','0','','&#8220;','','left_double_quotation_mark','');
INSERT INTO rex_38_icons VALUES ('61','2','205','&rdquo;','0','0','','&#8221;','','right_double_quotation_mark','');
INSERT INTO rex_38_icons VALUES ('62','2','205','&bdquo;','0','0','','&#8222;','','double_low-9_quotation_mark','');
INSERT INTO rex_38_icons VALUES ('63','2','205','&#8226;','1','0','','&#8226;','','double_high-reversed-9_quotation_mark','');
INSERT INTO rex_38_icons VALUES ('64','2','205','&bull;','1','0','','&#8226;','','bullet','');
INSERT INTO rex_38_icons VALUES ('65','2','206','dash','0','0','','&#45;','','dash','');
INSERT INTO rex_38_icons VALUES ('66','2','206','&not;','0','0','','&#172;','','not_sign','');
INSERT INTO rex_38_icons VALUES ('67','2','206','&shy;','0','0','','&#173;','','soft_hyphen','');
INSERT INTO rex_38_icons VALUES ('68','2','206','&#8208;','0','0','','&#8208;','','hyphen','');
INSERT INTO rex_38_icons VALUES ('69','2','206','&#8209;','0','0','','&#8209;','','no_break_hyphen','');
INSERT INTO rex_38_icons VALUES ('70','2','206','&#8210;','0','0','','&#8210;','','figure_dash','');
INSERT INTO rex_38_icons VALUES ('71','2','206','&ndash;','0','0','','&#8211;','','en_dash','');
INSERT INTO rex_38_icons VALUES ('72','2','206','&mdash;','0','0','','&#8212;','','em_dash','');
INSERT INTO rex_38_icons VALUES ('73','2','206','&#8213;','0','0','','&#8213;','','horizontal_bar','');
INSERT INTO rex_38_icons VALUES ('74','2','207','section','0','0','','&#167;','','section','');
INSERT INTO rex_38_icons VALUES ('75','2','207','ess-zed','0','0','','&#223;','','ess-zed','');
INSERT INTO rex_38_icons VALUES ('76','2','208','&lt;','0','0','','&#60;','','less-than_sign','');
INSERT INTO rex_38_icons VALUES ('77','2','208','&gt;','0','0','','&#62;','','greater-than_sign','');
INSERT INTO rex_38_icons VALUES ('78','2','208','&le;','1','0','','&#8804;','','less-than_or_equal_to','');
INSERT INTO rex_38_icons VALUES ('79','2','208','&ge;','1','0','','&#8805;','','greater-than_or_equal_to','');
INSERT INTO rex_38_icons VALUES ('80','2','209','&macr;','0','0','','&#175;','','macron','');
INSERT INTO rex_38_icons VALUES ('81','2','209','&oline;','0','0','','&#8254;','','overline','');
INSERT INTO rex_38_icons VALUES ('82','2','209','&brvbar;','0','0','','&#166;','','broken_bar','');
INSERT INTO rex_38_icons VALUES ('83','2','210','&uml;','0','0','','&#168;','','diaeresis','');
INSERT INTO rex_38_icons VALUES ('84','2','210','&circ;','0','0','','&#710;','','circumflex_accent','');
INSERT INTO rex_38_icons VALUES ('85','2','210','&tilde;','0','0','','&#732;','','small_tilde','');
INSERT INTO rex_38_icons VALUES ('86','2','210','&deg;','0','0','','&#176;','','degree_sign','');
INSERT INTO rex_38_icons VALUES ('87','2','211','&minus;','1','0','','&#8722;','','minus_sign','');
INSERT INTO rex_38_icons VALUES ('88','2','211','&plusmn;','1','0','','&#177;','','plus-minus_sign','');
INSERT INTO rex_38_icons VALUES ('89','2','211','&divide;','1','0','','&#247;','','division_sign','');
INSERT INTO rex_38_icons VALUES ('90','2','211','&frasl;','1','0','','&#8260;','','fraction_slash','');
INSERT INTO rex_38_icons VALUES ('91','2','211','&times;','1','0','','&#215;','','multiplication_sign','');
INSERT INTO rex_38_icons VALUES ('92','2','212','&sup1;','0','0','','&#185;','','superscript_one','');
INSERT INTO rex_38_icons VALUES ('93','2','212','&sup2;','0','0','','&#178;','','superscript_two','');
INSERT INTO rex_38_icons VALUES ('94','2','212','&sup3;','0','0','','&#179;','','superscript_three','');
INSERT INTO rex_38_icons VALUES ('95','2','213','&frac14;','1','0','','&#188;','','fraction_one_quarter','');
INSERT INTO rex_38_icons VALUES ('96','2','213','&frac12;','1','0','','&#189;','','fraction_one_half','');
INSERT INTO rex_38_icons VALUES ('97','2','213','&frac34;','1','0','','&#190;','','fraction_three_quarters','');
INSERT INTO rex_38_icons VALUES ('98','3','301','zoomin','1','0','','','+','','zoom_in.png');
INSERT INTO rex_38_icons VALUES ('99','3','301','zoomout','1','0','','','-','','zoom_out.png');
DROP TABLE IF EXISTS rex_43_artist_con_group;
CREATE TABLE rex_43_artist_con_group ( id int(10) NOT NULL  auto_increment, con_artist_group_id varchar(10) NOT NULL  , con_artist_id varchar(255) NOT NULL  , PRIMARY KEY(id))TYPE=MyISAM;
INSERT INTO rex_43_artist_con_group VALUES ('1','1','|1|2|');
INSERT INTO rex_43_artist_con_group VALUES ('2','2','|3|4|');
DROP TABLE IF EXISTS rex_43_artists;
CREATE TABLE rex_43_artists ( artist_id int(10) NOT NULL  auto_increment, artist_firstname varchar(255) NOT NULL  , artist_lastname varchar(255) NOT NULL  , artist_nickname varchar(255) NOT NULL  , artist_street varchar(255) NOT NULL  , artist_zip varchar(255) NOT NULL  , artist_city varchar(255) NOT NULL  , artist_phone varchar(30) NOT NULL  , artist_mobile varchar(30) NOT NULL  , artist_image varchar(255) NOT NULL  , artist_aboutme text NOT NULL  , artist_birthday varchar(255) NOT NULL  , artist_sex varchar(255) NOT NULL  , artist_married varchar(255) NOT NULL  , artist_woman varchar(255) NOT NULL  , artist_man varchar(255) NOT NULL  , artist_zodiacsign varchar(255) NOT NULL  , artist_favourite_food text NOT NULL  , artist_favourite_drink text NOT NULL  , artist_favourite_book text NOT NULL  , artist_favourite_music text NOT NULL  , artist_favourite_sport text NOT NULL  , artist_history text NOT NULL  , PRIMARY KEY(artist_id))TYPE=MyISAM;
INSERT INTO rex_43_artists VALUES ('1','Holger','Blum','Blumi','Schillerstraße 6','01705','Freital','','','','','','','','','','','','','','','','');
INSERT INTO rex_43_artists VALUES ('2','Hans-Jörg','Hombsch','Hans-Jürschen','','','','','','','','','','','','','','','','','','','');
INSERT INTO rex_43_artists VALUES ('3','G.','Wiegand','','','','','','','','','','','','','','','','','','','','');
INSERT INTO rex_43_artists VALUES ('4','F.','Meutzner','','','','','','','','','','','','','','','','','','','','');
INSERT INTO rex_43_artists VALUES ('5','Günter','Wamser','','','','','','','','','','','','','','','','','','','','');
INSERT INTO rex_43_artists VALUES ('6','Hartmut','Krienitz','','','','','','','','','','','','','','','','','','','','');
INSERT INTO rex_43_artists VALUES ('7','Dirk','Bleyer','','','','','','','','','','','','','','','','','','','','');
INSERT INTO rex_43_artists VALUES ('8','Reiner','Harscher','','','','','','','','','','','','','','','','','','','','');
INSERT INTO rex_43_artists VALUES ('9','Michael','Martin','','','','','','','','','','','','','','','','','','','','');
DROP TABLE IF EXISTS rex_43_artists_groups;
CREATE TABLE rex_43_artists_groups ( artist_group_id int(10) NOT NULL  auto_increment, artist_group_name varchar(255) NOT NULL  , artist_group_image varchar(255) NOT NULL  , PRIMARY KEY(artist_group_id))TYPE=MyISAM;
INSERT INTO rex_43_artists_groups VALUES ('1','Die Bierhähne','');
INSERT INTO rex_43_artists_groups VALUES ('2','G. Wiegand & F. Meutzner','');
DROP TABLE IF EXISTS rex_43_events;
CREATE TABLE rex_43_events ( event_id int(10) NOT NULL  auto_increment, event_venue_id int(10) NOT NULL DEFAULT 0  , event_program_id int(10) NOT NULL DEFAULT 0  , event_price_id int(10) NOT NULL DEFAULT 0  , event_status_id int(10) NOT NULL DEFAULT 0  , event_time int(11) NOT NULL DEFAULT 0  , event_guest_event tinyint(1) NOT NULL DEFAULT 0  , event_premiere tinyint(1) NOT NULL DEFAULT 0  , PRIMARY KEY(event_id))TYPE=MyISAM;
INSERT INTO rex_43_events VALUES ('1','1','2','1','2','1161453600','0','0');
INSERT INTO rex_43_events VALUES ('2','1','2','1','2','1163185200','0','0');
INSERT INTO rex_43_events VALUES ('3','1','2','1','2','1163790000','0','0');
INSERT INTO rex_43_events VALUES ('4','1','4','1','2','1165518000','0','0');
INSERT INTO rex_43_events VALUES ('5','1','4','1','2','1165604400','0','0');
INSERT INTO rex_43_events VALUES ('6','1','4','1','2','1166554800','0','0');
INSERT INTO rex_43_events VALUES ('7','1','4','1','2','1166641200','0','0');
INSERT INTO rex_43_events VALUES ('8','1','4','1','2','1166727600','0','0');
INSERT INTO rex_43_events VALUES ('9','1','4','1','2','1167332400','0','0');
INSERT INTO rex_43_events VALUES ('10','1','4','1','2','1167418800','0','0');
INSERT INTO rex_43_events VALUES ('11','1','4','1','2','1167505200','0','0');
INSERT INTO rex_43_events VALUES ('12','1','2','1','2','1168110000','0','0');
INSERT INTO rex_43_events VALUES ('13','1','3','1','2','1174071600','0','0');
INSERT INTO rex_43_events VALUES ('14','1','3','1','2','1174158000','0','0');
INSERT INTO rex_43_events VALUES ('15','1','3','1','2','1177869600','0','0');
INSERT INTO rex_43_events VALUES ('16','1','3','1','2','1177956000','0','0');
INSERT INTO rex_43_events VALUES ('17','1','3','1','2','1182535200','0','0');
INSERT INTO rex_43_events VALUES ('18','1','3','1','2','1182621600','0','0');
INSERT INTO rex_43_events VALUES ('19','1','5','2','2','1169233200','0','0');
INSERT INTO rex_43_events VALUES ('20','1','6','2','2','1170529200','0','0');
INSERT INTO rex_43_events VALUES ('21','1','7','2','2','1175277600','0','0');
INSERT INTO rex_43_events VALUES ('22','1','8','2','2','1191002400','0','0');
INSERT INTO rex_43_events VALUES ('23','1','9','2','2','1192816800','0','0');
INSERT INTO rex_43_events VALUES ('24','1','10','3','2','1194634800','0','0');
DROP TABLE IF EXISTS rex_43_prices;
CREATE TABLE rex_43_prices ( price_id int(10) NOT NULL  auto_increment, price_name varchar(255) NOT NULL  , price_1 varchar(30) NOT NULL  , price_2 varchar(30) NOT NULL  , price_3 varchar(30) NOT NULL  , price_4 varchar(30) NOT NULL  , PRIMARY KEY(price_id))TYPE=MyISAM;
INSERT INTO rex_43_prices VALUES ('1','19,90 - 18,50 - 19,90 - 18,50','Rank - 19,90','Rank - 18,50','Parkett - 19,90','Parkett - 18,50');
INSERT INTO rex_43_prices VALUES ('2','8,50 - 7,50 - 8,50 - 7,50','Rank - 8,50','Rank - 7,50','Parkett - 8,50','Parkett - 7,50');
INSERT INTO rex_43_prices VALUES ('3','10,50 - 8,50 - 10,50 - 8,50','Rank - 10,50','Rank - 8,50','Parkett - 10,50','Parkett - 8,50');
DROP TABLE IF EXISTS rex_43_programs;
CREATE TABLE rex_43_programs ( program_id int(10) NOT NULL  auto_increment, program_artist_group_id int(10) NOT NULL DEFAULT 0  , program_artist_id int(10) NOT NULL DEFAULT 0  , program_name varchar(255) NOT NULL  , program_longtext text NOT NULL  , program_shorttext text NOT NULL  , program_image text NOT NULL  , program_status tinyint(1) NOT NULL DEFAULT 0  , PRIMARY KEY(program_id))TYPE=MyISAM;
INSERT INTO rex_43_programs VALUES ('1','1','0','Die Bierhähne als Ich-Ag','Die BIERHÄHNE© … stellen fest, im Leben der beiden gibt es nicht immer das Beste - \"Flaschenbier, Frauen, Ferien…etc\", denn alles kostet Euros. Schade. Man braucht also Geld, um sich das Beste leisten zu können. Durch langes Liegen auf dem Sofa, versuchen siereich zu werden. Keiner glaubt`s, doch es hilft. Fernsehgucken ist ein vorzüglicher Ratgeber. Angesteckt von der Werbung entschließen sich die Bierhähne, in die Showbranche einzusteigen und gründen eine ICH-AG. „Blumi`s“ und „Hans-Jürschen`s“ Köpfe qualmen, denn bei ihrem ersten Auftrag geraten sie in die Zwickmühle und stehen vor der lebenswichtigen Entscheidung: \"Nicht mehr Bier trinken, dafür aber unendlich viel Geld verdienen.\" Oder gibt es da nicht die Möglichkeit: \"Unendlich viel Geld verdienen und gleichzeitig…?\" \r\nWas tun, sprach Zeus, die Götter sind besoffen? Oder ist es \"Hellfried Pilsator\", der Weltmeister im Bierathlon? Vielleicht könnte er in den \"Schöpfungsprozess\" der ICH-AG mit einsteigen…','Die BIERHÄHNE© … stellen fest, im Leben der beiden gibt es nicht immer das Beste - \"Flaschenbier, Frauen, Ferien…etc\", denn ...','','1');
INSERT INTO rex_43_programs VALUES ('2','1','0','Die Bierhähne als Strohwitwer','Die Bierhennen der BIERHÄHNE© sind plötzlich völlig unerwartet in den Urlaub gefahren. Was bleibt? \"Männer allein zu Hause\" oder man kann es auch schlicht und einfach \"Chaos\" nennen. Plötzlich stellen sich den Bierhähnen Fragen wie:\r\n\"Wer holt das Futter? Wer legt die Eier hin? Wer macht das Nest? …\" Was bringt den Bierhähnen die Abwesenheit ihrer Bierhennen: Freibier, Freude, Finanzen durch Flaschenpfand, Fahrerlaubnisentzug, Fußball, Frauen … gewissermaßen alles, jedes Wort, was mit \"F\" anfängt?','Die Bierhennen der BIERHÄHNE© sind plötzlich völlig unerwartet in den Urlaub gefahren. Was bleibt?','','1');
INSERT INTO rex_43_programs VALUES ('3','1','0','Die Bierhähne in der Rumpelkammer','...wer kennt sie nicht, aus dem Fernsehen oder von daheeme.\r\nDen eigentlich nicht genutzten Ort, wo alles reinfliegt – vor allem wenn Besuch kommt - und wo alles das, was man für die Wohnung gekauft hat, sich in der Rumpelkammer wiederfindet. Doch irgendwann, zum Beispiel wenn nischt im Fernsehen kommt oder bei Entrumpelungen, stöbert man in der Rumpelkammer und hält plötzlich Gegenstände in der Hand, die einen Geistesblitz verursachen und an irgendwas erinnern. So geht es auch Blumi und Hans-Jürschen. So richtig rumpelt`s wenn Hellfried Pilsator, der Weltmeister im Bierathlon, die Kammer betritt. Der kann anfassen was er will, schon sprudelts irgendwie aus ihm heraus... Spaß, Gaudi, Humor, Unsinn, Blödsinn...doch alles mit Geist. Naja, manchmal mit einem\r\nHochprozentigen ...','...wer kennt sie nicht, aus dem Fernsehen oder von daheeme.','','1');
INSERT INTO rex_43_programs VALUES ('4','1','0','Weihnachten mit den Bierhähnen','Wer träumt nicht von einem stillen, ruhigen, friedvollen Weihnachtsfest? Kerzen erleuchten den Raum und die Stimmung ist von Liebe und Zuneigung geprägt. Oh wie wäre dies schön.\r\nAber erstens kommt es meistens anders und zweitens als man denkt. Die Bierhähne bringen Ihre Art von \"Weihnachten in Familie\" auf die Bühne. Vom Kartoffelsalat bis Weihnachtsbaum, von Schwiegermutter bis Mürbeteig und vom Entenbraten bis Geschenkpapier, alles wird von den beiden Weihnachtskugeln Blumi und Hans-Jürschn organisiert, produziert und schikaniert. Selbst am Heiligabend bleibt keine Glühweintasse durch Hellfried Pilsator, der Weltmeister im Bierathlon, trocken.\r\nDie Vierte abendfüllende Show der Bierhähne verspricht wieder ein Angriff auf die Lachmuskeln und das auch noch in der besinnlichen Weihnachtszeit…… Na dann \"Schöne Bescherung\".','Wer träumt nicht von einem stillen, ruhigen, friedvollen Weihnachtsfest? Kerzen erleuchten den Raum und die ...','','1');
INSERT INTO rex_43_programs VALUES ('5','2','0','Sächsische Himalaya Expedition - Dhaulagiri 8167m','Zwei Erstbesteigungen im Himalaya und der dramatische Kampf um den siebenthöchsten Berg der Erde, der mit einem Erfolg endete.\r\n\r\nMit fazinierenden Bildern und Filmsequenzen wird über diese außergewöhnliche Unternehmung berichtet. Dazu mußten über 2000 Dias und 16 Stunden Filmmaterial gesichtet werden.\r\n\r\nKnapp 2 Montae dauerte die Arbeit an dem Vortrag.','Eine Film-Dia-Show der zwei Erstbesteigungen im Himalaya und der dramatische Kampf um den siebenthöchsten Berg der Erde, der mit einem Erfolg endete.','','1');
INSERT INTO rex_43_programs VALUES ('6','0','5','Von Feuerland nach Alaska - Der Abenteurer unterwegs mit Pferd und Hund','leer','leer','','1');
INSERT INTO rex_43_programs VALUES ('7','0','6','Irland','leer','leer','','1');
INSERT INTO rex_43_programs VALUES ('8','0','7','Neuseeland (Leicavision)','leer','leer','','1');
INSERT INTO rex_43_programs VALUES ('9','0','8','Kanada / Norwegen - Panoramashow','leer','3 Leinwände, 12 Meter, 10 Projektoren, Leicavision','','1');
INSERT INTO rex_43_programs VALUES ('10','0','9','Die Wüsten der Erde\" - Leicavision','leer','Mit dem Motorrad durch alle Wüsten unserer Erde\r\n','','1');
DROP TABLE IF EXISTS rex_43_status;
CREATE TABLE rex_43_status ( status_id int(10) NOT NULL  auto_increment, status_name varchar(255) NOT NULL  , status_color varchar(7) NOT NULL  , PRIMARY KEY(status_id))TYPE=MyISAM;
INSERT INTO rex_43_status VALUES ('1','ausverkauft','#f8c2c2');
INSERT INTO rex_43_status VALUES ('2','reservieren','#cff8c2');
DROP TABLE IF EXISTS rex_43_templates;
CREATE TABLE rex_43_templates ( template_id int(10) NOT NULL  auto_increment, template_name varchar(255) NOT NULL  , template_venue_id int(10) NOT NULL DEFAULT 0  , template_program_id int(10) NOT NULL DEFAULT 0  , template_price_id int(10) NOT NULL DEFAULT 0  , PRIMARY KEY(template_id))TYPE=MyISAM;
DROP TABLE IF EXISTS rex_43_venues;
CREATE TABLE rex_43_venues ( venue_id int(10) NOT NULL  auto_increment, venue_name varchar(255) NOT NULL  , venue_address varchar(255) NOT NULL  , venue_street varchar(255) NOT NULL  , venue_zip varchar(255) NOT NULL  , venue_city varchar(255) NOT NULL  , venue_land varchar(255) NOT NULL  , venue_website varchar(255) NOT NULL  , venue_phone varchar(255) NOT NULL  , venue_fax varchar(255) NOT NULL  , PRIMARY KEY(venue_id))TYPE=MyISAM;
INSERT INTO rex_43_venues VALUES ('1','Kulturhaus Bischofswerda','','Platz des Volkes 1','01877','Bischofswerda','','http://bischofswerda-kulturhaus.de','','');
DROP TABLE IF EXISTS rex_9_gbook;
CREATE TABLE rex_9_gbook ( id int(10) unsigned NOT NULL  auto_increment, status tinyint(1) NOT NULL DEFAULT 1  , author varchar(255) NOT NULL  , message text NOT NULL  , url varchar(255) NOT NULL  , email varchar(255) NOT NULL  , city varchar(255) NOT NULL  , created int(11) NULL  , reply text NOT NULL  , PRIMARY KEY(id))TYPE=MyISAM;
INSERT INTO rex_9_gbook VALUES ('1','0','Markus Staab','test2','http://www.google.de','abc@bc.de','kl°°kahl','1148772863','');
INSERT INTO rex_9_gbook VALUES ('2','1','Markus Staab','test','http://www.google.de','abc@bc.de','kl°°kahl','1148773668','');
DROP TABLE IF EXISTS rex_action;
CREATE TABLE rex_action ( id int(11) NOT NULL  auto_increment, name varchar(255) NOT NULL  , action text NOT NULL  , prepost tinyint(4) NOT NULL DEFAULT 0  , sadd tinyint(4) NOT NULL DEFAULT 0  , sedit tinyint(4) NOT NULL DEFAULT 0  , sdelete tinyint(4) NOT NULL DEFAULT 0  , PRIMARY KEY(id))TYPE=MyISAM;
INSERT INTO rex_action VALUES ('1','rexname','<?\r\n\r\n$newname = \"\";\r\nfor ($c=0;$c<99;$c++) {\r\n	$newname .= $rexname[$c].\"~~\";\r\n}\r\n\r\nif ($REX_ACTION[VALUE][1] != \"\") {\r\n	$rexname = split(\"~~\",$REX_ACTION[VALUE][1]);\r\n}\r\nelse {\r\n	$REX_ACTION[VALUE][1] = $newname;\r\n}\r\n\r\n?>','0','1','1','0');
INSERT INTO rex_action VALUES ('2','rexname','<?\r\n\r\n$newname = \"\";\r\nfor ($c=0;$c<99;$c++) {\r\n	$newname .= $rexname[$c].\"~~\";\r\n}\r\n\r\nif ($REX_ACTION[VALUE][1] != \"\") {\r\n	$rexname = split(\"~~\",$REX_ACTION[VALUE][1]);\r\n}\r\nelse {\r\n	$REX_ACTION[VALUE][1] = $newname;\r\n}\r\n\r\n?>','1','1','1','0');
DROP TABLE IF EXISTS rex_article;
CREATE TABLE rex_article ( pid int(11) NOT NULL  auto_increment, id int(11) NOT NULL DEFAULT 0  , re_id int(11) NOT NULL DEFAULT 0  , name varchar(255) NOT NULL  , catname varchar(255) NOT NULL  , cattype int(11) NOT NULL DEFAULT 0  , catprior int(11) NOT NULL DEFAULT 0  , alias varchar(255) NOT NULL  , description text NOT NULL  , attribute text NOT NULL  , file text NOT NULL  , type_id int(11) NOT NULL DEFAULT 1  , teaser tinyint(4) NOT NULL DEFAULT 0  , startpage tinyint(1) NOT NULL DEFAULT 0  , prior int(11) NOT NULL DEFAULT 0  , path varchar(255) NOT NULL  , status tinyint(1) NOT NULL DEFAULT 0  , online_from int(11) NOT NULL DEFAULT 0  , online_to int(11) NOT NULL DEFAULT 0  , createdate int(11) NOT NULL DEFAULT 0  , updatedate int(11) NOT NULL DEFAULT 0  , keywords text NOT NULL  , template_id int(11) NOT NULL DEFAULT 0  , clang int(11) NOT NULL DEFAULT 0  , createuser varchar(255) NOT NULL  , updateuser varchar(255) NOT NULL  , fe_user text NOT NULL  , fe_group text NOT NULL  , fe_ext text NOT NULL  , PRIMARY KEY(pid))TYPE=MyISAM;
INSERT INTO rex_article VALUES ('1','1','0','Home','Home','0','1','','','','','1','0','1','1','|','1','1133262837','1262300400','1133262837','1150981726','','1','0','thomas','admin','','','');
INSERT INTO rex_article VALUES ('2','2','0','News','News','0','4','','','','','1','0','1','1','|','1','1133262842','1262300400','1133262842','1143716008','','1','0','thomas','thomas','','','');
INSERT INTO rex_article VALUES ('3','3','0','Über uns','Über uns','0','3','','','','','1','0','1','1','|','1','1133262860','1262300400','1133262860','1133312595','','1','0','thomas','thomas','','','');
INSERT INTO rex_article VALUES ('4','4','0','Sachsen','Sachsen','0','5','','','','','1','0','1','1','|','1','1133262892','1262300400','1133262892','1133280003','','1','0','thomas','thomas','','','');
INSERT INTO rex_article VALUES ('5','5','0','Regionen','Regionen','0','6','','','','','1','0','1','1','|','1','1133262903','1262300400','1133262903','1133277514','','1','0','thomas','thomas','','','');
INSERT INTO rex_article VALUES ('6','6','0','Tourismus','Tourismus','0','7','','','','','1','0','1','1','|','1','1133262911','1262300400','1133262911','1133314199','','1','0','thomas','dergel','','','');
INSERT INTO rex_article VALUES ('7','7','0','Impressum','Impressum','0','9','','','','','1','0','1','1','|','0','1133262920','1262300400','1133262920','1133297599','','1','0','thomas','thomas','','','');
INSERT INTO rex_article VALUES ('8','8','0','Sitemap','Sitemap','0','10','','','','','1','0','1','1','|','0','1133262930','1262300400','1133262930','1133286369','','1','0','thomas','thomas','','','');
INSERT INTO rex_article VALUES ('10','10','5','Elbtalkessel','Elbtalkessel','0','1','','','','','1','0','1','1','|5|','1','1133268778','1262300400','1133268778','1133268817','','1','0','thomas','thomas','','','');
INSERT INTO rex_article VALUES ('9','9','5','Sächsische Schweiz','Sächsische Schweiz','0','3','','','','','1','0','1','1','|5|','1','1133268670','1262300400','1133268670','1133271737','','1','0','thomas','thomas','','','');
INSERT INTO rex_article VALUES ('11','11','5','Erzgebirge','Erzgebirge','0','2','','','','','1','0','1','1','|5|','1','1133268792','1262300400','1133268792','1133269055','','1','0','thomas','thomas','','','');
INSERT INTO rex_article VALUES ('12','12','5','Sächsisches Elbland','Sächsisches Elbland','0','4','','','','','1','0','1','1','|5|','1','1133268808','1262300400','1133268808','1133268819','','1','0','thomas','thomas','','','');
INSERT INTO rex_article VALUES ('13','13','0','Kontakt','Kontakt','0','8','','','','','1','0','1','1','|','1','1133269045','1262300400','1133269045','1133314179','','1','0','thomas','dergel','','','');
INSERT INTO rex_article VALUES ('14','14','2','051130','051130','0','0','','','','','1','0','0','3','|2|','1','1133275826','1262300400','1133275826','1143715803','','1','0','thomas','thomas','','','');
INSERT INTO rex_article VALUES ('15','15','2','051129','051129','0','0','','','','','1','0','0','2','|2|','1','1133276114','1262300400','1133276114','1133300275','','1','0','thomas','thomas','','','');
INSERT INTO rex_article VALUES ('16','16','4','Dresden','Dresden','0','1','','','','','1','0','1','1','|4|','1','1133278956','1262300400','1133278956','1133295503','','1','0','thomas','kills','','','');
INSERT INTO rex_article VALUES ('17','17','4','Pirna','Pirna','0','2','','','','','1','0','1','1','|4|','1','1133278962','1262300400','1133278962','1133296337','','1','0','thomas','kills','','','');
INSERT INTO rex_article VALUES ('18','18','4','Leipzig','Leipzig','0','3','','','','','1','0','1','1','|4|','1','1133278969','1262300400','1133278969','1133278972','','1','0','thomas','thomas','','','');
INSERT INTO rex_article VALUES ('19','19','4','Meißen','Meißen','0','4','','','','','1','0','1','1','|4|','1','1133278985','1262300400','1133278985','1133278988','','1','0','thomas','thomas','','','');
INSERT INTO rex_article VALUES ('20','20','0','Über diese Demo','Über diese Demo','0','2','','','','','1','0','1','1','|','1','1143716002','1262300400','1143716002','1143716132','','1','0','thomas','thomas','','','');
INSERT INTO rex_article VALUES ('21','1','0','Home','Home','0','1','','','','','1','0','1','1','|','0','1133262837','1262300400','1133262837','1150981726','','1','1','thomas','admin','','','');
INSERT INTO rex_article VALUES ('22','2','0','News','News','0','4','','','','','1','0','1','1','|','0','1133262842','1262300400','1133262842','1143716008','','1','1','thomas','thomas','','','');
INSERT INTO rex_article VALUES ('23','3','0','Über uns','Über uns','0','3','','','','','1','0','1','1','|','0','1133262860','1262300400','1133262860','1133312595','','1','1','thomas','thomas','','','');
INSERT INTO rex_article VALUES ('24','4','0','Sachsen','Sachsen','0','5','','','','','1','0','1','1','|','0','1133262892','1262300400','1133262892','1133280003','','1','1','thomas','thomas','','','');
INSERT INTO rex_article VALUES ('25','5','0','Regionen','Regionen','0','6','','','','','1','0','1','1','|','0','1133262903','1262300400','1133262903','1133277514','','1','1','thomas','thomas','','','');
INSERT INTO rex_article VALUES ('26','6','0','Tourismus','Tourismus','0','7','','','','','1','0','1','1','|','0','1133262911','1262300400','1133262911','1133314199','','1','1','thomas','dergel','','','');
INSERT INTO rex_article VALUES ('27','7','0','Impressum','Impressum','0','9','','','','','1','0','1','1','|','0','1133262920','1262300400','1133262920','1133297599','','1','1','thomas','thomas','','','');
INSERT INTO rex_article VALUES ('28','8','0','Sitemap','Sitemap','0','10','','','','','1','0','1','1','|','0','1133262930','1262300400','1133262930','1133286369','','1','1','thomas','thomas','','','');
INSERT INTO rex_article VALUES ('29','10','5','Elbtalkessel','Elbtalkessel','0','1','','','','','1','0','1','1','|5|','0','1133268778','1262300400','1133268778','1133268817','','1','1','thomas','thomas','','','');
INSERT INTO rex_article VALUES ('30','9','5','Sächsische Schweiz','Sächsische Schweiz','0','3','','','','','1','0','1','1','|5|','0','1133268670','1262300400','1133268670','1133271737','','1','1','thomas','thomas','','','');
INSERT INTO rex_article VALUES ('31','11','5','Erzgebirge','Erzgebirge','0','2','','','','','1','0','1','1','|5|','0','1133268792','1262300400','1133268792','1133269055','','1','1','thomas','thomas','','','');
INSERT INTO rex_article VALUES ('32','12','5','Sächsisches Elbland','Sächsisches Elbland','0','4','','','','','1','0','1','1','|5|','0','1133268808','1262300400','1133268808','1133268819','','1','1','thomas','thomas','','','');
INSERT INTO rex_article VALUES ('33','13','0','Kontakt','Kontakt','0','8','','','','','1','0','1','1','|','0','1133269045','1262300400','1133269045','1133314179','','1','1','thomas','dergel','','','');
INSERT INTO rex_article VALUES ('34','14','2','051130','051130','0','0','','','','','1','0','0','3','|2|','0','1133275826','1262300400','1133275826','1143715803','','1','1','thomas','thomas','','','');
INSERT INTO rex_article VALUES ('35','15','2','051129','051129','0','0','','','','','1','0','0','2','|2|','0','1133276114','1262300400','1133276114','1133300275','','1','1','thomas','thomas','','','');
INSERT INTO rex_article VALUES ('36','16','4','Dresden','Dresden','0','1','','','','','1','0','1','1','|4|','0','1133278956','1262300400','1133278956','1133295503','','1','1','thomas','kills','','','');
INSERT INTO rex_article VALUES ('37','17','4','Pirna','Pirna','0','2','','','','','1','0','1','1','|4|','0','1133278962','1262300400','1133278962','1133296337','','1','1','thomas','kills','','','');
INSERT INTO rex_article VALUES ('38','18','4','Leipzig','Leipzig','0','3','','','','','1','0','1','1','|4|','0','1133278969','1262300400','1133278969','1133278972','','1','1','thomas','thomas','','','');
INSERT INTO rex_article VALUES ('39','19','4','Meißen','Meißen','0','4','','','','','1','0','1','1','|4|','0','1133278985','1262300400','1133278985','1133278988','','1','1','thomas','thomas','','','');
INSERT INTO rex_article VALUES ('40','20','0','Über diese Demo','Über diese Demo','0','2','','','','','1','0','1','1','|','0','1143716002','1262300400','1143716002','1143716132','','1','1','thomas','thomas','','','');
DROP TABLE IF EXISTS rex_article_slice;
CREATE TABLE rex_article_slice ( id int(11) NOT NULL  auto_increment, clang int(11) NOT NULL DEFAULT 0  , ctype int(11) NOT NULL DEFAULT 0  , re_article_slice_id int(11) NOT NULL DEFAULT 0  , value1 text NOT NULL  , value2 text NOT NULL  , value3 text NOT NULL  , value4 text NOT NULL  , value5 text NOT NULL  , value6 text NOT NULL  , value7 text NOT NULL  , value8 text NOT NULL  , value9 text NOT NULL  , value10 text NOT NULL  , value11 text NOT NULL  , value12 text NOT NULL  , value13 text NOT NULL  , value14 text NOT NULL  , value15 text NOT NULL  , value16 text NOT NULL  , value17 text NOT NULL  , value18 text NOT NULL  , value19 text NOT NULL  , value20 text NOT NULL  , file1 varchar(255) NOT NULL  , file2 varchar(255) NOT NULL  , file3 varchar(255) NOT NULL  , file4 varchar(255) NOT NULL  , file5 varchar(255) NOT NULL  , file6 varchar(255) NOT NULL  , file7 varchar(255) NOT NULL  , file8 varchar(255) NOT NULL  , file9 varchar(255) NOT NULL  , file10 varchar(255) NOT NULL  , filelist1 text NOT NULL  , filelist2 text NOT NULL  , filelist3 text NOT NULL  , filelist4 text NOT NULL  , filelist5 text NOT NULL  , filelist6 text NOT NULL  , filelist7 text NOT NULL  , filelist8 text NOT NULL  , filelist9 text NOT NULL  , filelist10 text NOT NULL  , link1 int(11) NOT NULL DEFAULT 0  , link2 int(11) NOT NULL DEFAULT 0  , link3 int(11) NOT NULL DEFAULT 0  , link4 int(11) NOT NULL DEFAULT 0  , link5 int(11) NOT NULL DEFAULT 0  , link6 int(11) NOT NULL DEFAULT 0  , link7 int(11) NOT NULL DEFAULT 0  , link8 int(11) NOT NULL DEFAULT 0  , link9 int(11) NOT NULL DEFAULT 0  , link10 int(11) NOT NULL DEFAULT 0  , linklist1 text NOT NULL  , linklist2 text NOT NULL  , linklist3 text NOT NULL  , linklist4 text NOT NULL  , linklist5 text NOT NULL  , linklist6 text NOT NULL  , linklist7 text NOT NULL  , linklist8 text NOT NULL  , linklist9 text NOT NULL  , linklist10 text NOT NULL  , php text NOT NULL  , html text NOT NULL  , article_id int(11) NOT NULL DEFAULT 0  , modultyp_id int(11) NOT NULL DEFAULT 0  , createdate int(11) NOT NULL DEFAULT 0  , updatedate int(11) NOT NULL DEFAULT 0  , createuser varchar(255) NOT NULL  , updateuser varchar(255) NOT NULL  , PRIMARY KEY(id,re_article_slice_id,article_id,modultyp_id))TYPE=MyISAM;
INSERT INTO rex_article_slice VALUES ('1','0','0','0','Sitemap','h1','','','','','','','','','','','','','','','','','','','','','','','','','','','','','','','','','','','','','','','0','0','0','0','0','0','0','0','0','0','','','','','','','','','','','','','8','2','1133263073','1133263073','thomas','thomas');
INSERT INTO rex_article_slice VALUES ('2','0','0','1','','','','','','','','','','','','','','','','','','','','','','','','','','','','','','','','','','','','','','','','','0','0','0','0','0','0','0','0','0','0','','','','','','','','','','','','','8','11','1133263079','1133263079','thomas','thomas');
INSERT INTO rex_article_slice VALUES ('41','0','0','0','Nehmen Sie Kontakt auf!','h1','','','','','','','','','','','','','','','','','','','','','','','','','','','','','','','','','','','','','','','0','0','0','0','0','0','0','0','0','0','','','','','','','','','','','','','13','2','1133310533','1133310533','thomas','thomas');
INSERT INTO rex_article_slice VALUES ('4','0','0','0','Regionen Sachsens','h1','','','','','','','','','','','','','','','','','','','','','','','','','','','','','','','','','','','','','','','0','0','0','0','0','0','0','0','0','0','','','','','','','','','','','','','5','2','1133270513','1133270513','thomas','thomas');
INSERT INTO rex_article_slice VALUES ('5','0','0','4','diese Seite verwendet das *Modul “Categorylist”*.\r\n\r\nHier erfahren Sie mehr über die Regionen von Sachsen.\r\n\r\n*Bitte wählen Sie:*','','','','','','','','l','','','','','','','','','','','','','','','','','','','','','','','','','','','','','','','','0','0','0','0','0','0','0','0','0','0','','','','','','','','','','','','','5','1','1133270550','1133277514','thomas','thomas');
INSERT INTO rex_article_slice VALUES ('6','0','0','5','','','','','','','','','','','','','','','','','','','','','','','','','','','','','','','','','','','','','','','','','0','0','0','0','0','0','0','0','0','0','','','','','','','','','','','','','5','10','1133270556','1133270556','thomas','thomas');
INSERT INTO rex_article_slice VALUES ('7','0','0','0','Die sächsische Schweiz','h1','','','','','','','','','','','','','','','','','','','','','','','','','','','','','','','','','','','','','','','0','0','0','0','0','0','0','0','0','0','','','','','','','','','','','','','9','2','1133271027','1133271027','thomas','thomas');
INSERT INTO rex_article_slice VALUES ('8','0','0','7','h2. Ich bin Blindtext. \r\n\r\nVon Geburt an. Es hat lange gedauert, bis ich begriffen habe, was es bedeutet, ein \r\n\r\nh2. blinder Text \r\n\r\nzu sein: Man macht *keinen Sinn*. Man wirkt hier und da aus dem Zusammenhang gerissen. Oft wird man gar nicht erst gelesen. Aber bin ich deshalb ein schlechter Text? Ich weiß, daß ich nie die Chance haben werde, im Stern zu erscheinen. Aber bin ich darum weniger wichtig? Ich bin blind! Aber ich bin gerne Text. Und sollten Sie mich jetzt tatsächlich zu Ende lesen, dann habe ich etwas geschafft, was den meisten \"normalen\" Texten nicht gelingt...','Sächsische Schweiz','Sächsische Schweiz','','','','','','l','','','','','','','','','','','','saechs_schweiz_01.jpg','','','','','','','','','','','','','','','','','','','','0','0','0','0','0','0','0','0','0','0','','','','','','','','','','','','','9','1','1133271062','1133271707','thomas','thomas');
INSERT INTO rex_article_slice VALUES ('9','0','0','8','h2. I am a dummy copy. \r\n\r\nAnd I´ve been a dummy copy since my birth. It took me a long time to realize what it means to be a dummy copy: you make no sense. You stand out now and then by being completely out of context. Often, you aren´t even read at all. But does that make me a bad copy? I know that I´ll never stand a chance of appearing in the Economist. But does that make me any less important? I´m a dummy! But I enjoy being a copy. And should you now decide to carry on reading me to the end, I´ll have managed to achieve something most \"normal\" copies don´t achieve.','Sächsische Schweiz','Sächsische Schweiz','','','','','','r','','','','','','','','','','','','saechs_schweiz_01.jpg','','','','','','','','','','','','','','','','','','','','0','0','0','0','0','0','0','0','0','0','','','','','','','','','','','','','9','1','1133271737','1133271737','thomas','thomas');
INSERT INTO rex_article_slice VALUES ('10','0','0','0','Neuigkeiten in und über Sachsen','h1','','','','','','','','','','','','','','','','','','','','','','','','','','','','','','','','','','','','','','','0','0','0','0','0','0','0','0','0','0','','','','','','','','','','','','','2','2','1133273288','1133273288','thomas','thomas');
INSERT INTO rex_article_slice VALUES ('11','0','0','20','3','20','','','','','','','','','','','','','','','','','','','','','','','','','','','','','','','','','','','','','','','0','0','0','0','0','0','0','0','0','0','','','','','','','','','','','','','2','7','1133273301','1133273301','thomas','thomas');
INSERT INTO rex_article_slice VALUES ('12','0','0','0','Das Redaxo Team...','h1','','','','','','','','','','','','','','','','','','','','','','','','','','','','','','','','','','','','','','','0','0','0','0','0','0','0','0','0','0','','','','','','','','','','','','','3','2','1133273757','1133312595','thomas','thomas');
INSERT INTO rex_article_slice VALUES ('13','0','0','12','... möchte hier auch an dieser Stelle einmal Danke für die vielen Anregungen, Kritiken, Ideen, Bugmeldungen, Wünsche usw sagen.\r\n\r\nh2. Es sagen Danke\r\n\r\n*Jan Kristinus* [pergopa] - dergel\r\n\"www.pergopa.de\":http://pergopa.de\r\n\r\n*Carsten Eckelmann* [circle42] - careck\r\n\"www.circle42.com\":http://carsten.circle42.com\r\n\r\n*Wolfgang Huttegger* [vscope new media] - vscope\r\n\"www.vscope.at\":http://vscope.at\r\n\r\n*Markus Staab* [public-4u] - kills\r\n\"www.public-4u.de\":http://public-4u.de\r\n\r\n*Peter Wolfrum* [goldfischclub] - goldfisch\r\n\"www.goldfischclub.de\":http://goldfischclub.de\r\n\r\n*Dagmar Uttich* [mzuri] - dag\r\n\"www.mzuri.de\":http://mzuri.de\r\n\r\n*Thomas Blum* [blumbeet] - tbaddade\r\n\"www.blumbeet.com\":http://blumbeet.com','','','','','','','','l','','','','','','','','','','','','','','','','','','','','','','','','','','','','','','','','0','0','0','0','0','0','0','0','0','0','','','','','','','','','','','','','3','1','1133274542','1133312580','thomas','thomas');
INSERT INTO rex_article_slice VALUES ('14','0','0','15','Die Seite verwendet die *Module \"Externer Link\", \"Interner Link\" und \"Download\"*.\r\n\r\nSeit heute gibt es eine neue Version des CMS Redaxo. Auch \"Sachsen erleben\" basiert auf dem gleichnamigen Content Management System.','','','','','','','','l','','','','','','','','','','','','','','','','','','','','','','','','','','','','','','','','0','0','0','0','0','0','0','0','0','0','','','','','','','','','','','','','14','1','1133275901','1133295909','thomas','kills');
INSERT INTO rex_article_slice VALUES ('15','0','0','0','Neue Redaxo Version 3.2','h1','','','','','','','','','','','','','','','','','','','','','','','','','','','','','','','','','','','','','','','0','0','0','0','0','0','0','0','0','0','','','','','','','','','','','','','14','2','1133275917','1143715803','thomas','thomas');
INSERT INTO rex_article_slice VALUES ('16','0','0','26','zurück zur Übersicht','','','','','','','','','','','','','','','','','','','','','','','','','','','','','','','','','','','','','','','','2','0','0','0','0','0','0','0','0','0','','','','','','','','','','','','','14','5','1133276005','1133276005','thomas','thomas');
INSERT INTO rex_article_slice VALUES ('17','0','0','14','http://redaxo.de/3-0-downloadredaxode.html','Hier gibt es den Download der neusten Version','','','','','','','','','','','','','','','','','','','','','','','','','','','','','','','','','','','','','','','0','0','0','0','0','0','0','0','0','0','','','','','','','','','','','','','14','4','1133276058','1133278320','thomas','thomas');
INSERT INTO rex_article_slice VALUES ('18','0','0','0','Neue Demo fertig','h1','','','','','','','','','','','','','','','','','','','','','','','','','','','','','','','','','','','','','','','0','0','0','0','0','0','0','0','0','0','','','','','','','','','','','','','15','2','1133276127','1133276127','thomas','thomas');
INSERT INTO rex_article_slice VALUES ('19','0','0','18','Wir haben heute endlich geschafft die neue Demo anzulegen. Für Anregungen und Kritiken sind wir gerne offen. Bitte postet dazu eure Meinungen in das \"Forum unter Wunschliste.\":http://forum.redaxo.de/viewforum.php?f=5 Falls Ihr einen Fehler entdeckt, bitte meldet diesen im \"Bug-Forum.\":http://forum.redaxo.de/viewforum.php?f=6 Hilfe bekommt ihr im \"Forum\":http://forum.redaxo.de oder aber auch im \"IRC Channel (Chat).\":http://forum.redaxo.de/viewtopic.php?t=298\r\n\r\nVielen Dank das\r\n\r\nRedaxo Team','','','','','','','','l','','','','','','','','','','','','','','','','','','','','','','','','','','','','','','','','0','0','0','0','0','0','0','0','0','0','','','','','','','','','','','','','15','1','1133276524','1133300275','thomas','thomas');
INSERT INTO rex_article_slice VALUES ('20','0','0','10','diese Seite verwendet das *Modul \"Teaser\"*.','','','','','','','','l','','','','','','','','','','','','','','','','','','','','','','','','','','','','','','','','0','0','0','0','0','0','0','0','0','0','','','','','','','','','','','','','2','1','1133276900','1133277474','thomas','thomas');
INSERT INTO rex_article_slice VALUES ('21','0','0','19','zurück zur Übersicht','','','','','','','','','','','','','','','','','','','','','','','','','','','','','','','','','','','','','','','','2','0','0','0','0','0','0','0','0','0','','','','','','','','','','','','','15','5','1133276937','1133276937','thomas','thomas');
INSERT INTO rex_article_slice VALUES ('22','0','0','0','Geschafft. Die Demo läuft.','h1','','','','','','','','','','','','','','','','','','','','','','','','','','','','','','','','','','','','','','','0','0','0','0','0','0','0','0','0','0','','','','','','','','','','','','','1','2','1133277000','1150981726','thomas','admin');
INSERT INTO rex_article_slice VALUES ('24','0','0','0','Impressum','h1','','','','','','','','','','','','','','','','','','','','','','','','','','','','','','','','','','','','','','','0','0','0','0','0','0','0','0','0','0','','','','','','','','','','','','','7','2','1133277585','1133277585','thomas','thomas');
INSERT INTO rex_article_slice VALUES ('25','0','0','24','*REDAXO*\r\nc/o pergopa\r\nJan Kristinus\r\nLange Straße 31\r\n60311 Frankfurt / Main\r\n\"www.redaxo.de\":http://redaxo.de\r\n\r\n*Programmierung der Demo*\r\n\"blumbeet - web.studio\":http://blumbeet.com\r\n\r\n*Fotos*\r\n\"108pixel\":http://108pixel.net\r\n\"blumbeet - web.studio\":http://blumbeet.com','','','','','','','','l','','','','','','','','','','','','','','','','','','','','','','','','','','','','','','','','0','0','0','0','0','0','0','0','0','0','','','','','','','','','','','','','7','1','1133277827','1133297599','thomas','thomas');
INSERT INTO rex_article_slice VALUES ('26','0','0','17','verwendete Blindtexte','','','','2005','11','29','2014','11','29','','','','','','','','','','','blindtext.pdf','','','','','','','','','','','','','','','','','','','','0','0','0','0','0','0','0','0','0','0','','','','','','','','','','','','','14','6','1133278254','1133311966','thomas','thomas');
INSERT INTO rex_article_slice VALUES ('27','0','0','0','Einiges mehr zu Sachsen','h1','','','','','','','','','','','','','','','','','','','','','','','','','','','','','','','','','','','','','','','0','0','0','0','0','0','0','0','0','0','','','','','','','','','','','','','4','2','1133278931','1133278931','thomas','thomas');
INSERT INTO rex_article_slice VALUES ('36','0','0','27','','','','','','','','','','','','','','','','','','','','','','','','','','','','','','','','','','','','','','','','','0','0','0','0','0','0','0','0','0','0','','','','','','','','','','','','','4','10','1133280003','1133280003','thomas','thomas');
INSERT INTO rex_article_slice VALUES ('29','0','0','0','Dresden - Die Barockstadt','h1','','','','','','','','','','','','','','','','','','','','','','','','','','','','','','','','','','','','','','','0','0','0','0','0','0','0','0','0','0','','','','','','','','','','','','','16','2','1133279006','1133279006','thomas','thomas');
INSERT INTO rex_article_slice VALUES ('30','0','0','29','h2. Die Frauenkirche\r\n\r\nLorem ipsum dolor sit amet, consectetuer adipiscing elit, sed diam nonummy nibh euismod tincidunt ut laoreet dolore magna aliquam erat volutpat. Ut wisi enim ad minim veniam, quis nostrud exerci tation ullamcorper suscipit lobortis nisl ut aliquip ex ea commodo consequat. ','Frauenkirche','Frauenkirche','','','','','','l','','','','','','','','','','','','frauenkirche.jpg','','','','','','','','','','','','','','','','','','','','0','0','0','0','0','0','0','0','0','0','','','','','','','','','','','','','16','1','1133279526','1133279614','thomas','thomas');
INSERT INTO rex_article_slice VALUES ('31','0','0','30','h2. Die Semperoper\r\n\r\nLorem ipsum dolor sit amet, consectetuer adipiscing elit, sed diam nonummy nibh euismod tincidunt ut laoreet dolore magna aliquam erat volutpat. Ut wisi enim ad minim veniam, quis nostrud exerci tation ullamcorper suscipit lobortis nisl ut aliquip ex ea commodo consequat. \r\n','Semperoper','Semperoper','','','','','','r','','','','','','','','','','','','semperoper.jpg','','','','','','','','','','','','','','','','','','','','0','0','0','0','0','0','0','0','0','0','','','','','','','','','','','','','16','1','1133279601','1133279601','thomas','thomas');
INSERT INTO rex_article_slice VALUES ('32','0','0','31','h2. Der Zwinger\r\n\r\nLorem ipsum dolor sit amet, consectetuer adipiscing elit, sed diam nonummy nibh euismod tincidunt ut laoreet dolore magna aliquam erat volutpat. Ut wisi enim ad minim veniam, quis nostrud exerci tation ullamcorper suscipit lobortis nisl ut aliquip ex ea commodo consequat. ','Zwinger','Zwinger','','','','','','l','','','','','','','','','','','','zwinger.jpg','','','','','','','','','','','','','','','','','','','','0','0','0','0','0','0','0','0','0','0','','','','','','','','','','','','','16','1','1133279707','1133295503','thomas','kills');
INSERT INTO rex_article_slice VALUES ('33','0','0','0','Pirna - Das Tor zur Sächsischen Schweiz','h1','','','','','','','','','','','','','','','','','','','','','','','','','','','','','','','','','','','','','','','0','0','0','0','0','0','0','0','0','0','','','','','','','','','','','','','17','2','1133279779','1133279779','thomas','thomas');
INSERT INTO rex_article_slice VALUES ('34','0','0','33','h2. Der Blick von oben\r\n\r\nIch bin Blindtext. Von Geburt an. Es hat lange gedauert, bis ich begriffen habe, was es bedeutet, ein blinder Text zu sein: Man macht keinen Sinn. Man wirkt hier und da aus dem Zusammenhang gerissen. Oft wird man gar nicht erst gelesen. Aber bin ich deshalb ein schlechter Text? Ich weiß, daß ich nie die Chance haben werde, im Stern zu erscheinen. Aber bin ich darum weniger wichtig? Ich bin blind! Aber ich bin gerne Text. Und sollten Sie mich jetzt tatsächlich zu Ende lesen, dann habe ich etwas geschafft, was den meisten \"normalen\" Texten nicht gelingt...','Stadt Prina','Stadt Pirna','','','','','','l','','','','','','','','','','','','pirna.jpg','','','','','','','','','','','','','','','','','','','','0','0','0','0','0','0','0','0','0','0','','','','','','','','','','','','','17','1','1133279841','1133296337','thomas','kills');
INSERT INTO rex_article_slice VALUES ('35','0','0','34','h2. Ein Blick nach aussen\r\n\r\nIch bin Blindtext. Von Geburt an. Es hat lange gedauert, bis ich begriffen habe, was es bedeutet, ein blinder Text zu sein: Man macht keinen Sinn. Man wirkt hier und da aus dem Zusammenhang gerissen. Oft wird man gar nicht erst gelesen. Aber bin ich deshalb ein schlechter Text? Ich weiß, daß ich nie die Chance haben werde, im Stern zu erscheinen. Aber bin ich darum weniger wichtig? Ich bin blind! Aber ich bin gerne Text. Und sollten Sie mich jetzt tatsächlich zu Ende lesen, dann habe ich etwas geschafft, was den meisten \"normalen\" Texten nicht gelingt...','Blick von der Königsnase','Blick von der Königsnase','','','','','','l','','','','','','','','','','','','pirna_aussicht.jpg','','','','','','','','','','','','','','','','','','','','0','0','0','0','0','0','0','0','0','0','','','','','','','','','','','','','17','1','1133279900','1133279922','thomas','thomas');
INSERT INTO rex_article_slice VALUES ('39','0','0','38','tbaddade@gmx.de','Redaxo Demo','headline|Ihre Angaben|\r\ntext|Name:|1|\r\ntext|Vorname:|1|\r\ntext|E-Mail:|1|\r\ntextarea|Adresse:|1|Geben Sie hier bitte Ihre Adresse an!|\r\ntext|Telefon:|1|\r\ntextarea|Anfrage:|1|\r\n\r\nheadline|Wie sind Sie auf uns aufmerksam geworden|\r\nselect|Ich habe Sie gefunden in:|1||über die Redaxo-Demo; über Google; überhaupt nicht|\r\n\r\nheadline|Broschürenbestellung\r\ncheckbox|Sächsische Schweiz\r\ncheckbox|Dresden\r\ncheckbox|Pirna','Neue Mail von der Demo','Hallo,\r\n\r\nes wurde ein Urlaubskatalog von Sachsen bestellt.','Vielen Dank für Ihre Bestellung. Wir werden Ihren Auftrag sofort bearbeiten.\r\n\r\nViele Grüße das\r\n\r\nRedaxo Team','absenden','','','','','','','','','','','','','','','','','','','','','','','','','','','','','','','','','','0','0','0','0','0','0','0','0','0','0','','','','','','','','','','','','','6','13','1133286703','1133314199','thomas','dergel');
INSERT INTO rex_article_slice VALUES ('38','0','0','0','Ja ich möchten den Sachsen-Urlaubskatalog','h1','','','','','','','','','','','','','','','','','','','','','','','','','','','','','','','','','','','','','','','0','0','0','0','0','0','0','0','0','0','','','','','','','','','','','','','6','2','1133286396','1133301204','thomas','thomas');
INSERT INTO rex_article_slice VALUES ('40','0','0','41','tbaddade@gmx.de','Redaxo Demo','text|Name|1|\r\ntext|Vorname|1|\r\ntext|Firma|\r\ntext|Straße|\r\ntext|PLZ / Ort|\r\ntext|E-Mail|1|\r\ntextarea|Ihre Nachricht|1|','Redaxo Demo - Kontaktformular','Das Formular wurde ausgefüllt.','Danke für Ihre Nachricht. Wir werden uns in kürze mit Ihnen in Verbindung setzen.\r\n\r\ndas REDAXO Team','senden','','','','','','','','','','','','','','','','','','','','','','','','','','','','','','','','','','0','0','0','0','0','0','0','0','0','0','','','','','','','','','','','','','13','13','1133310329','1133314179','thomas','dergel');
INSERT INTO rex_article_slice VALUES ('42','0','0','22','Hallo und herzlich willkommen bei REDAXO.\r\n\r\nDiese kleine Demo soll euch zeigen, wie REDAXO arbeitet.\r\n\r\nh2. hilfreiche und nützliche Links\r\n\r\n* die \"Dokumentation\":http://www.redaxo.de/4-0-doku-redaxo-de.html zu Redaxo\r\n* das \"Forum\":http://forum.redaxo.de/ für spezielle Fragen\r\n* \"Exporte und andere Demos\":http://www.redaxo.de/16-0-exportedemos.html\r\n* \"Module\":http://www.redaxo.de/17-0-module.html geben der Webseite einen Inhalt\r\n* \"Addons\":http://www.redaxo.de/18-0-addons.html erweitern den Funktionsumfang\r\n\r\n*Anmerkung:* Die hier verwendeten Bilder unterliegen dem Copyright und dienen hier nur der Anschauung. *Bitte benutzt eigene Bilder!*','','','','','','','','l','','','','','','','','','','','','','','','','','','','','','','','','','','','','','','','','0','0','0','0','0','0','0','0','0','0','','','','','','','','','','','','','1','1','1143715966','1143715966','thomas','thomas');
INSERT INTO rex_article_slice VALUES ('43','0','0','0','Über diese Demo','h1','','','','','','','','','','','','','','','','','','','','','','','','','','','','','','','','','','','','','','','0','0','0','0','0','0','0','0','0','0','','','','','','','','','','','','','20','2','1143716120','1143716120','thomas','thomas');
INSERT INTO rex_article_slice VALUES ('44','0','0','43','h2. Navigation\r\n\r\nMöchtet ihr eine *horizontale und eine vertikale Navigation*, so setzt im default Template einfach die Variable *navTemplateID auf 3*.\r\nSoll die Webseite komplett über eine *vertikale Navigation* verfügen, so setzt die Variable *navTemplateID auf 2*.\r\nWenn ihr das getan habt, solltet ihr in die *CSS-Datei schauen* und den *entsprechenden Passus löschen*. Nein keine Angst die Webseite funktioniert auch so. Nur ist der entsprechende Passus unnötigt und erschwert Euch nur das Programmierer-Leben.\r\n\r\n\r\nWeitere Navigationen gibt es im Download auf \"redaxo.de(direkt zum Downloadarchiv der Navigationen)\":http://www.redaxo.de/19-0-templates.html?cat_id=2','','','','','','','','l','','','','','','','','','','','','','','','','','','','','','','','','','','','','','','','','0','0','0','0','0','0','0','0','0','0','','','','','','','','','','','','','20','1','1143716132','1143716132','thomas','thomas');
DROP TABLE IF EXISTS rex_article_type;
CREATE TABLE rex_article_type ( type_id int(11) NOT NULL  auto_increment, name varchar(255) NOT NULL  , description text NOT NULL  , PRIMARY KEY(type_id))TYPE=MyISAM;
INSERT INTO rex_article_type VALUES ('1','Standard','Zugriff für alle');
DROP TABLE IF EXISTS rex_clang;
CREATE TABLE rex_clang ( id int(11) NOT NULL DEFAULT 0  , name varchar(255) NOT NULL  , PRIMARY KEY(id))TYPE=MyISAM;
INSERT INTO rex_clang VALUES ('0','deutsch');
INSERT INTO rex_clang VALUES ('1','englisch');
DROP TABLE IF EXISTS rex_file;
CREATE TABLE rex_file ( file_id int(11) NOT NULL  auto_increment, re_file_id int(11) NOT NULL DEFAULT 0  , category_id int(11) NOT NULL DEFAULT 0  , filetype varchar(255) NOT NULL  , filename varchar(255) NOT NULL  , originalname varchar(255) NOT NULL  , filesize varchar(255) NOT NULL  , width int(11) NOT NULL DEFAULT 0  , height int(11) NOT NULL DEFAULT 0  , title varchar(255) NOT NULL  , description text NOT NULL  , copyright varchar(255) NOT NULL  , createdate int(11) NOT NULL DEFAULT 0  , updatedate int(11) NOT NULL DEFAULT 0  , createuser varchar(255) NOT NULL  , updateuser varchar(255) NOT NULL  , PRIMARY KEY(file_id))TYPE=MyISAM;
INSERT INTO rex_file VALUES ('1','0','1','text/css','main.css','/tmp/phpYKprAb','10605','0','0','Main','','','1133266959','1144423393','thomas','thomas');
INSERT INTO rex_file VALUES ('2','0','1','image/jpeg','bg_header.jpg','/tmp/phpR87U6I','26071','1600','130','BG Header','','','1133266970','1133312446','thomas','thomas');
INSERT INTO rex_file VALUES ('3','0','1','image/jpeg','bg_content.jpg','bg_content.jpg','950','1600','30','BG Content','','','1133266986','1133266986','thomas','thomas');
INSERT INTO rex_file VALUES ('4','0','1','image/jpeg','bg_body.jpg','bg_body.jpg','3387','1600','130','BG Body','','','1133267913','1133267913','thomas','thomas');
INSERT INTO rex_file VALUES ('5','0','2','image/jpeg','saechs_schweiz_01.jpg','/tmp/phpRs7t0x','10876','0','0','Sächsische Schweiz','','','1133271059','1133314581','thomas','dergel');
INSERT INTO rex_file VALUES ('6','0','2','image/jpeg','briefkasten.jpg','C:DOKUME~1ThomasLOKALE~1Tempphp10.tmp','13307','0','0','Briefkasten','','','1133276496','1133314549','thomas','dergel');
INSERT INTO rex_file VALUES ('8','0','2','image/jpeg','frauenkirche.jpg','C:DOKUME~1ThomasLOKALE~1Tempphp1F.tmp','9828','0','0','Frauenkirche','','blumbeet.com','1133279501','1133314560','thomas','dergel');
INSERT INTO rex_file VALUES ('9','0','2','image/jpeg','semperoper.jpg','C:DOKUME~1ThomasLOKALE~1Tempphp21.tmp','9500','0','0','Semperoper','','blumbeet.com','1133279564','1133314545','thomas','dergel');
INSERT INTO rex_file VALUES ('10','0','2','image/jpeg','zwinger.jpg','C:DOKUME~1ThomasLOKALE~1Tempphp23.tmp','8973','0','0','Zwinger','','blumbeet.com','1133279690','1133314564','thomas','dergel');
INSERT INTO rex_file VALUES ('11','0','2','image/jpeg','pirna.jpg','C:DOKUME~1ThomasLOKALE~1Tempphp25.tmp','11171','0','0','Pirna','','blumbeet.com','1133279799','1133314569','thomas','dergel');
INSERT INTO rex_file VALUES ('12','0','2','image/jpeg','pirna_aussicht.jpg','C:DOKUME~1ThomasLOKALE~1Tempphp27.tmp','10050','0','0','Pirna Aussicht','','blumbeet.com','1133279891','1133314574','thomas','dergel');
INSERT INTO rex_file VALUES ('14','0','3','application/pdf','blindtext.pdf','blindtext.pdf','6246','0','0','Blindtext','','','1133311952','1133314359','thomas','thomas');
INSERT INTO rex_file VALUES ('16','0','1','image/png','donate.png','donate.png','2030','120','58','Donate','','','1144423254','1144423254','thomas','thomas');
DROP TABLE IF EXISTS rex_file_category;
CREATE TABLE rex_file_category ( id int(11) NOT NULL  auto_increment, name varchar(255) NOT NULL  , re_id int(11) NOT NULL DEFAULT 0  , path varchar(255) NOT NULL  , hide tinyint(4) NOT NULL DEFAULT 0  , createdate int(11) NOT NULL DEFAULT 0  , updatedate int(11) NOT NULL DEFAULT 0  , createuser varchar(255) NOT NULL  , updateuser varchar(255) NOT NULL  , PRIMARY KEY(id,name))TYPE=MyISAM;
INSERT INTO rex_file_category VALUES ('1','CSS','0','|','0','1133266929','1133314323','thomas','thomas');
INSERT INTO rex_file_category VALUES ('2','Fotos','0','|','0','1133314329','1133314329','thomas','thomas');
INSERT INTO rex_file_category VALUES ('3','PDFs','0','|','0','1133314337','1133314337','thomas','thomas');
DROP TABLE IF EXISTS rex_help;
CREATE TABLE rex_help ( id int(11) NOT NULL  auto_increment, page varchar(255) NOT NULL  , name varchar(255) NOT NULL  , description text NOT NULL  , comment text NOT NULL  , lang varchar(255) NOT NULL  , PRIMARY KEY(id))TYPE=MyISAM;
DROP TABLE IF EXISTS rex_module_action;
CREATE TABLE rex_module_action ( id int(11) NOT NULL  auto_increment, module_id int(11) NOT NULL DEFAULT 0  , action_id int(11) NOT NULL DEFAULT 0  , PRIMARY KEY(id))TYPE=MyISAM;
INSERT INTO rex_module_action VALUES ('1','12','1');
INSERT INTO rex_module_action VALUES ('2','12','2');
DROP TABLE IF EXISTS rex_modultyp;
CREATE TABLE rex_modultyp ( id int(11) NOT NULL  auto_increment, label varchar(255) NOT NULL  , name varchar(255) NOT NULL  , category_id int(11) NOT NULL DEFAULT 0  , ausgabe text NOT NULL  , bausgabe text NOT NULL  , eingabe text NOT NULL  , func text NOT NULL  , php_enable tinyint(1) NOT NULL DEFAULT 0  , html_enable tinyint(1) NOT NULL DEFAULT 0  , perm_category text NOT NULL  , createuser varchar(255) NOT NULL  , updateuser varchar(255) NOT NULL  , createdate int(11) NOT NULL DEFAULT 0  , updatedate int(11) NOT NULL DEFAULT 0  , PRIMARY KEY(id,category_id,php_enable,html_enable))TYPE=MyISAM;
INSERT INTO rex_modultyp VALUES ('1','','01 - Text und/oder Bild [textile]','0','<?\r\n//	Ausrichtung des Bildes \r\nif (\"REX_VALUE[9]\" == \"l\") $float = \"flLeft\";\r\nif (\"REX_VALUE[9]\" == \"r\") $float = \"flRight\";\r\n\r\n\r\n//	Wenn Bild eingefuegt wurde, Code schreiben \r\n$file = \"\";\r\nif (\"REX_FILE[1]\" != \"\") $file = \'<div class=\"image \'.$float.\'\"><img src=\"\'.$REX[\'HTDOCS_PATH\'].\'files/REX_FILE[1]\" title=\"\'.\"REX_VALUE[2]\".\'\" alt=\"\'.\"REX_VALUE[2]\".\'\" /><p>\'.\"REX_VALUE[3]\".\'</p></div>\';\r\n\r\n\r\n//	Fliesstext \r\n$input =<<< EOT\r\nREX_HTML_VALUE[1]\r\nEOT;\r\n$textile = new Textile; \r\n$text = \"\";\r\nif (\"REX_VALUE[1]\" != \"\") $text = $textile->TextileThis($input);\r\n\r\n\r\n$text = str_replace(\"###\",\"&#x20;\",$text);\r\n\r\n\r\nprint $file.$text;\r\n\r\n?>','','<?php\r\n//---MODULE BY----------------------\r\n//-- blumbeet - web.studio\r\n//-- Thomas Blum\r\n//-- www.blumbeet.com\r\n//----------------------------------\r\n?>\r\n\r\n<strong>Fliesstext</strong>:<br />\r\n<textarea name=\"VALUE[1]\" cols=\"80\" rows=\"10\" class=\"inp100\">REX_HTML_VALUE[1]</textarea>\r\n<br /><br />\r\n\r\n\r\n<strong>Artikelfoto</strong>:<br />\r\nREX_MEDIA_BUTTON[1]\r\n<?\r\nif (\"REX_FILE[1]\" != \"\") {\r\n        echo \"<br/><strong>Vorschau</strong>:<br/>\";\r\n	echo \"<img src=\".$REX[HTDOCS_PATH].\"/files/REX_FILE[1]><br />\";\r\n}\r\n\r\n?>\r\n\r\n<br/>\r\n<strong>Title des Fotos</strong>:<br />\r\n<input type=\"text\" name=\"VALUE[2]\" value=\"REX_VALUE[2]\" size=\"80\" class=\"inp100\" />\r\n<br /><br />\r\n\r\n<strong>Bildunterschrift</strong>:<br />\r\n<input type=\"text\" name=\"VALUE[3]\" value=\"REX_VALUE[3]\" size=\"80\" class=\"inp100\" />\r\n<br /><br />\r\n\r\n<strong>Ausrichtung des Artikelfotos</strong>:<br />\r\n<select name=\"VALUE[9]\" class=\"inp100\">\r\n	<option value=\'l\' <? if (\"REX_VALUE[9]\" == \'l\') echo \'selected\'; ?>>links vom Text</option>\r\n	<option value=\'r\' <? if (\"REX_VALUE[9]\" == \'r\') echo \'selected\'; ?>>rechts vom Text</option>\r\n</select><br />\r\n<br />\r\n<br />\r\n<strong>Anleitung / Hinweise</strong>:\r\n<table class=\"warning\">\r\n<tr>\r\n	<th style=\"width:200px;\"><strong>Beschreibung</strong></th>\r\n	<th><strong>Eingabe</strong></th>\r\n</tr>\r\n<tr>\r\n	<td><h1>Überschrift</h1></td>\r\n	<td>h1. Überschrift (Leerzeile vor und nach der Eingabe)</td>\r\n</tr>\r\n<tr>\r\n	<td><h2>Unter-überschrift</h2></td>\r\n	<td>h2. Überschrift (Leerzeile vor und nach der Eingabe)</td>\r\n</tr>\r\n<tr>\r\n	<td><strong>fetter Text</strong></td>\r\n	<td>*fetter Text*</td>\r\n</tr>\r\n<tr>\r\n	<td><i>kursiver Text</i></td>\r\n	<td>__kursiver Text__</td>\r\n</tr>\r\n<tr>\r\n	<td><del>gestrichener Text</del></td>\r\n	<td>-gestrichener Text-</td>\r\n</tr>\r\n<tr>\r\n	<td>geordnete Liste mit Zahlen</td>\r\n	<td># Listenpunkt</td>\r\n</tr>\r\n<tr>\r\n	<td>ungeordnete Liste mit Zeichen</td>\r\n	<td>* Listenpunkt</td>\r\n</tr>\r\n<tr>\r\n	<td>Link (intern)</td>\r\n	<td>\"Hier gehts zum Impressum\":redaxo://5</td>\r\n</tr>\r\n<tr>\r\n	<td>Link (extern)</td>\r\n	<td>\"Hier geht es zu unserem Partner\":http://pergopa.de</td>\r\n</tr>\r\n</table>','','0','0','','','','0','0');
INSERT INTO rex_modultyp VALUES ('2','','01 - Headline','0','<REX_VALUE[2]>REX_VALUE[1]</REX_VALUE[2]>','','&Uuml;berschrift:<br />\r\n<input type=\"text\" size=\"50\" name=\"VALUE[1]\" value=\"REX_VALUE[1]\" />\r\n<select name=\"VALUE[2]\" >\r\n<?php\r\nforeach (array(\"h1\",\"h2\",\"h3\",\"h4\",\"h5\",\"h6\") as $value) {\r\n	echo \'<option value=\"\'.$value.\'\" \';\r\n	\r\n	if ( \"REX_VALUE[2]\"==\"$value\" ) {\r\n		echo \'selected=\"selected\" \';\r\n	}\r\n	echo \'>\'.$value.\'</option>\';\r\n}\r\n?>\r\n</select>','','0','0','','','','0','0');
INSERT INTO rex_modultyp VALUES ('3','','02 - Bild','0','<?\r\n\r\nif (\"REX_FILE[1]\" != \"\") {\r\n	print \'<img src=\"\'.$REX[\'HTDOCS_PATH\'].\'files/\'.\"REX_FILE[1]\".\'\" alt=\"\'.\"REX_VALUE[1]\".\'\" title=\"\'.\"REX_VALUE[1]\".\'\" />\';\r\n}\r\n?>','','Titel des Bildes:<br /> \r\n<input type=text size=80 name=VALUE[1] value=\"REX_VALUE[1]\"><br /><br />\r\n\r\nREX_MEDIA_BUTTON[1]\r\n<?\r\n\r\nif (\"REX_FILE[1]\" != \"\") {\r\n	print \'<img src=\"\'.$REX[\'HTDOCS_PATH\'].\'files/\'.\"REX_FILE[1]\".\'\" alt=\"\'.\"REX_VALUE[1]\".\'\" title=\"\'.\"REX_VALUE[1]\".\'\" />\';\r\n}\r\n?>','','0','0','','','','0','0');
INSERT INTO rex_modultyp VALUES ('4','','03 - Externer Link','0','<?php\r\nif (\"REX_VALUE[1]\" == \"\") {\r\n	print \'<p>REX_VALUE[2]</p>\';\r\n}\r\nelse {\r\n	print \'<p><a href=\"REX_VALUE[1]\" title=\"REX_VALUE[2]\" alt=\"REX_VALUE[2]\">REX_VALUE[2]</a></p>\';\r\n}\r\n\r\n?>','','vollständige Url:<br /> \r\n<input type=text size=80 name=VALUE[1] value=\"REX_VALUE[1]\"><br /><br />\r\n\r\nLink Text der zu sehen ist:<br /> \r\n<input type=text size=80 name=VALUE[2] value=\"REX_VALUE[2]\"><br /><br />','','0','0','','','','0','0');
INSERT INTO rex_modultyp VALUES ('5','','03 - Interner Link','0','<?php\r\n\r\nif (\"REX_LINK[1]\") {\r\n	print \'<p><a href=\"\'.\"REX_LINK[1]\".\'\" title=\"\'.\"REX_VALUE[1]\".\'\" alt=\"\'.\"REX_VALUE[1]\".\'\">\'.\"REX_VALUE[1]\".\'</a></p>\';\r\n}\r\n\r\n?>','','interner Link:<br /> \r\nREX_LINK_BUTTON[1]<br /><br />\r\n\r\nLink Text der zu sehen ist:<br /> \r\n<input type=text size=80 name=VALUE[1] value=\"REX_VALUE[1]\"><br /><br />\r\n','','0','0','','','','0','0');
INSERT INTO rex_modultyp VALUES ('6','','04 - Download','0','<?php\r\n\r\n$jahr_von = \'REX_VALUE[5]\';\r\n$monat_von = \'REX_VALUE[6]\';\r\n$tag_von = \'REX_VALUE[7]\';\r\n\r\n$jahr_bis = \'REX_VALUE[8]\';\r\n$monat_bis = \'REX_VALUE[9]\';\r\n$tag_bis = \'REX_VALUE[10]\';\r\n\r\nif ( $jahr_von != \'\'\r\n	AND $monat_von != \'\'\r\n	AND $tag_von != \'\'\r\n	AND $jahr_bis != \'\'\r\n	AND $monat_bis != \'\'\r\n	AND $tag_bis != \'\') {\r\n	\r\n	$von = mktime( 0, 0, 0, $monat_von, $tag_von, $jahr_von);\r\n	$bis = mktime( 23, 59, 0, $monat_bis, $tag_bis, $jahr_bis);\r\n	$jetzt = time();\r\n	\r\n	if( $jetzt >= $von && $jetzt <= $bis) {\r\n		if ($REX[\'REDAXO\'] != true) {\r\n	\r\n			if (!function_exists(\'Dateigroesse\')) {\r\n				function Dateigroesse($URL) {\r\n					$Groesse = filesize($URL);\r\n					if($Groesse<1000) {\r\n						return number_format($Groesse, 0, \",\", \".\").\" Bytes\";\r\n					}\r\n					elseif($Groesse<1000000) {\r\n						return number_format($Groesse/1024, 0, \",\", \".\").\" kB\";\r\n					}\r\n					else {\r\n						return number_format($Groesse/1048576, 0, \",\", \".\").\" MB\";\r\n					}\r\n				}\r\n			}\r\n	\r\n			if (!function_exists(\'parse_icon\')) {\r\n				function parse_icon($ext) {\r\n					switch (strtolower($ext)) {\r\n	\r\n					case \'doc\': return \'icon_doc.gif\';\r\n					case \'rtf\': return \'icon_doc.gif\';\r\n					case \'txt\': return \'icon_txt.gif\';\r\n					case \'xls\': return \'icon_xls.gif\';\r\n					case \'csv\': return \'icon_xls.gif\';\r\n					case \'ppt\': return \'icon_ppt.gif\';\r\n					case \'html\': return \'icon_html.gif\';\r\n					case \'htm\': return \'icon_html.gif\';\r\n					case \'php\': return \'icon_script.gif\';\r\n					case \'php3\': return \'icon_script.gif\';\r\n					case \'cgi\': return \'icon_script.gif\';\r\n					case \'pdf\': return \'icon_pdf.gif\';\r\n					case \'rar\': return \'icon_rar.gif\';\r\n					case \'zip\': return \'icon_zip.gif\';\r\n					case \'gz\': return \'icon_gz.gif\';\r\n					case \'jpg\': return \'icon_jpg.gif\';\r\n					case \'gif\': return \'icon_gif.gif\';\r\n					case \'png\': return \'icon_png.gif\';\r\n					case \'bmp\': return \'icon_image.gif\';\r\n					case \'tif\': return \'icon_image.gif\';\r\n					case \'exe\': return \'icon_binary.gif\';\r\n					case \'bin\': return \'icon_binary.gif\';\r\n					case \'avi\': return \'icon_mov.gif\';\r\n					case \'mpg\': return \'icon_mov.gif\';\r\n					case \'moc\': return \'icon_mov.gif\';\r\n					case \'asf\': return \'icon_mov.gif\';\r\n					case \'mp3\': return \'icon_sound.gif\';\r\n					case \'wav\': return \'icon_sound.gif\';\r\n					case \'org\': return \'icon_sound.gif\';\r\n				\r\n					default:\r\n					return \'icon_def.gif\';\r\n					}\r\n				}\r\n			}\r\n			$ext = substr(strrchr(\'REX_FILE[1]\', \'.\'), 1);\r\n			$parsed_icon = $REX[\'HTDOCS_PATH\'].\'/files/\'.parse_icon($ext);\r\n			$ooPic = OOMedia::getMediaByName (\'REX_FILE[1]\');\r\n			$fileDescription = $ooPic->getDescription();\r\n	\r\n			print \'\r\n				<div class=\"download-hdl\"><p>REX_VALUE[1]</p></div>\r\n				<div class=\"download-file\"><p><a href=\"\'.$REX[\'HTDOCS_PATH\'].\'files/REX_FILE[1]\" target=\"_blank\"><img src=\"\'.$parsed_icon.\'\" alt=\"Download\" /></a> REX_FILE[1] - \'.Dateigroesse($REX[\'HTDOCS_PATH\'].\"files/REX_FILE[1]\").\'</p></div>\';\r\n	\r\n			if ($fileDescription != \"\") { \r\n				print \'<div class=\"download-desc\"><p>\'.$fileDescription.\'</p></div>\';\r\n			}\r\n			else {\r\n				print \'<div class=\"download-without-desc\"> </div>\';\r\n			}\r\n		}\r\n		else {\r\n			print \"REX_VALUE[1]REX_VALUE[2]\";\r\n		}\r\n	} /* ende von if( $jetzt >= $von && $jetzt <= $bis)*/\r\n} \r\n?>','','Bezeichnung des Download: \r\n<br><input type=text size=40 name=VALUE[1] value=\"REX_VALUE[1]\"><br /><br />\r\nREX_MEDIA_BUTTON[1]<br>\r\n<strong>Hinweis: Die Beschreibung des Downloads erfolgt im Medienpool!</strong><br />\r\n<br />\r\n<?php\r\n$jahr = date(\'Y\');\r\n$monat = date(\'m\');\r\n$tag = date(\'d\');\r\n\r\n$jahr_von_val = \'REX_VALUE[5]\';\r\n$monat_von_val = \'REX_VALUE[6]\';\r\n$tag_von_val = \'REX_VALUE[7]\';\r\n\r\n$jahr_bis_val = \'REX_VALUE[8]\';\r\n$monat_bis_val = \'REX_VALUE[9]\';\r\n$tag_bis_val = \'REX_VALUE[10]\';\r\n\r\nif ( empty($jahr_von_val)) $jahr_von_val = $jahr;\r\nif ( empty($monat_von_val)) $monat_von_val = $monat;\r\nif ( empty($tag_von_val)) $tag_von_val = $tag;\r\n\r\nif ( empty($jahr_bis_val)) $jahr_bis_val = $jahr +9;\r\nif ( empty($monat_bis_val)) $monat_bis_val = $monat;\r\nif ( empty($tag_bis_val)) $tag_bis_val = $tag;\r\n\r\n?>\r\nOnline von:<select name=\"VALUE[7]\" >\r\n<?php\r\nforeach (range(1,31) as $tag_von) {\r\n   echo \'<option value=\"\'.$tag_von.\'\" \';\r\n   \r\n   if ( $tag_von_val==$tag_von ) {\r\n      echo \'selected=\"selected\" \';\r\n   }\r\n   echo \'>\'.$tag_von.\'</option>\';\r\n}\r\n?>\r\n</select><select name=\"VALUE[6]\" >\r\n<?php\r\nforeach (range(1,12) as $monat_von) {\r\n   echo \'<option value=\"\'.$monat_von.\'\" \';\r\n   \r\n   if ( $monat_von_val==$monat_von ) {\r\n      echo \'selected=\"selected\" \';\r\n   }\r\n   echo \'>\'.$monat_von.\'</option>\';\r\n}\r\n?>\r\n\r\n</select>\r\n<select name=\"VALUE[5]\" >\r\n<?php\r\nforeach (range( $jahr,$jahr+9) as $jahr_von) {\r\n   echo \'<option value=\"\'.$jahr_von.\'\" \';\r\n   \r\n   if ( $jahr_von_val ==$jahr_von ) {\r\n      echo \'selected=\"selected\" \';\r\n   }\r\n   echo \'>\'.$jahr_von.\'</option>\';\r\n}\r\n?>\r\n\r\n</select><br /><br />\r\n\r\nOnline bis:<select name=\"VALUE[10]\" >\r\n<?php\r\nforeach (range(1,31) as $tag_bis) {\r\n   echo \'<option value=\"\'.$tag_bis.\'\" \';\r\n   \r\n   if ( $tag_bis_val==$tag_bis ) {\r\n      echo \'selected=\"selected\" \';\r\n   }\r\n   echo \'>\'.$tag_bis.\'</option>\';\r\n}\r\n?>\r\n</select><select name=\"VALUE[9]\" >\r\n<?php\r\nforeach (range(1,12) as $monat_bis) {\r\n   echo \'<option value=\"\'.$monat_bis.\'\" \';\r\n   \r\n   if ( $monat_bis_val==$monat_bis ) {\r\n      echo \'selected=\"selected\" \';\r\n   }\r\n   echo \'>\'.$monat_bis.\'</option>\';\r\n}\r\n?>\r\n\r\n</select>\r\n<select name=\"VALUE[8]\" >\r\n<?php\r\nforeach (range($jahr,$jahr+9) as $jahr_bis) {\r\n   echo \'<option value=\"\'.$jahr_bis.\'\" \';\r\n   \r\n   if ( $jahr_bis_val==$jahr_bis ) {\r\n      echo \'selected=\"selected\" \';\r\n   }\r\n   echo \'>\'.$jahr_bis.\'</option>\';\r\n}\r\n?>\r\n\r\n</select><br/><br/>\r\n\r\n<?php\r\n\r\nif ( $jahr_von_val != \'\'\r\n     && $monat_von_val != \'\'\r\n     && $tag_von_val != \'\'\r\n     && $jahr_bis_val != \'\'\r\n     && $monat_bis_val != \'\'\r\n     && $tag_bis_val != \'\') {\r\n  $von = mktime( 0, 0, 0, $monat_von_val, $tag_von_val, $jahr_von_val);\r\n  $bis  = mktime( 23, 59, 0, $monat_bis_val, $tag_bis_val, $jahr_bis_val);\r\n  $jetzt = time();\r\n\r\n  if( $jetzt >= $von && $jetzt <= $bis) {\r\n    $state = \'<span style=\"color: #00aa00;\">online</span>\';\r\n  } else {\r\n    $state = \'<span style=\"color: #aa0000;\">offline</span>\';\r\n  }\r\n\r\n  echo \'Download aufgrund der Datumseinstellungen \'.$state;\r\n} \r\n?>','','0','0','','','','0','0');
INSERT INTO rex_modultyp VALUES ('7','','05 - Teaser','0','<?php\r\n\r\n$itemsPerSide = \"REX_VALUE[1]\";\r\n$wordsPerArticle = \"REX_VALUE[2]\";\r\n\r\n// Nur im Frontend\r\n//if (!$REX[\'REDAXO\']):\r\n\r\n// Sortierfunktion\r\nif (!function_exists(sortArticlesByUpdateDate)) {\r\n	function sortArticlesByUpdateDate( $artA, $artB) {\r\n		$createA = $artA->_updatedate;\r\n		$createB = $artB->_updatedate;\r\n\r\n		if ( $createA == $createB) {\r\n			return 0;\r\n		}\r\n\r\n		return $createA > $createB ? -1 : 1;\r\n	}\r\n}\r\n\r\n$start = !empty($_GET[\'start\']) ? (int) $_GET[\'start\'] : 0; // Startitem\r\n$offset = $itemsPerSide; // 10 Items pro Seite\r\n$cats = array( REX_CATEGORY_ID); // alle Kategorien die Du \"indizieren\" willst\r\n\r\n$articles = array();\r\n\r\nforeach ( $cats as $catId) {\r\n  $cat = OOCategory::getCategoryById( $catId);\r\n \r\n  // CatIds die nicht funktionieren aussortieren\r\n  if( $cat === null) {\r\n     continue;\r\n  }\r\n\r\n  $cat_articles = $cat->getArticles( true);\r\n\r\n  foreach ( $cat_articles as $ooarticle) {\r\n     // keine Startartikel anzeigen\r\n    if ( $ooarticle->isStartPage()) {\r\n       continue;\r\n     }\r\n\r\n     // Damit keine Endlosschleife passiert, den Artikel der die Pagination setzt überspringen\r\n     if ( $ooarticle->getId() == REX_ARTICLE_ID) {\r\n        continue;\r\n     }\r\n     $articles[] = $ooarticle;\r\n  }\r\n}\r\n\r\n$articles_length = count( $articles);\r\n\r\n// Sortieren nach Erstellungsdatum\r\nif ( $articles_length > 0) {\r\n\r\n   usort( $articles, \"sortArticlesByUpdateDate\");\r\n}\r\n\r\n$article_list = array_slice( $articles, $start, $offset);\r\n\r\nforeach ( $article_list as $ooarticle) {\r\n	\r\n	if ($ooarticle->isOnline(true)) {\r\n		$articleId = $ooarticle->getId();\r\n\r\n		$article = new article();\r\n		$article->setArticleId( $articleId);\r\n		$articleContent = $article->getArticle();\r\n	\r\n		// Leerzeichen entfernen am Anfang und Ende des Strings\r\n		$articleContent = trim($articleContent);\r\n		\r\n		// Leerzeichen vor </p> einfuegen.\r\n		// Sonst wird das letzte Wort eines Absatzes und das erste Wort \r\n		// des nachfolgenden Absatzes als ein Wort erkannt\r\n		$articleContent = str_replace(\"</p>\", \" </p>\", $articleContent);\r\n		\r\n		// Leerzeichen vor <br /> einfuegen.\r\n		// Sonst wird das letzte Wort einer Zeile und das erste Wort \r\n		// des nachfolgenden Zeile als ein Wort erkannt\r\n		$articleContent = str_replace(\"<br />\", \" <br />\", $articleContent);\r\n		\r\n		$output = \"\";\r\n		$words = explode(\" \",$articleContent);\r\n		$wordsCount = count($words);\r\n	\r\n		if ($wordsCount < $wordsPerArticle) $wEnd = $wordsCount;\r\n		else  $wEnd = $wordsPerArticle;\r\n				\r\n		for ($w=0;$w<$wEnd;$w++) {\r\n			$output .= $words[$w].\" \";\r\n		}\r\n		\r\n		// Leerzeichen entfernen am Anfang und Ende des Strings	\r\n		$output = trim($output);\r\n	\r\n		$isCloseParagraph = substr($output,-4);\r\n		$link = \'<a href=\"\'.rex_getUrl($articleId).\'\">...mehr</a>\';\r\n		$newString = $link.\'</p>\';\r\n	\r\n	\r\n		if ($isCloseParagraph == \'</p>\') {\r\n			$output = substr_replace($output,$newString,-4);\r\n		}\r\n		else {\r\n			$output .= $newString;\r\n		}\r\n	\r\n		print \'<div class=\"teaser\">\'.$output.\'</div>\';\r\n	}\r\n}\r\n\r\n$prevStart = $start - $offset;\r\nif ( $prevStart < 0)\r\n{\r\n   $prevStart = \'\';\r\n}\r\n\r\n$nextStart = $start + $offset;\r\nif ( $nextStart >= $articles_length)\r\n{\r\n   $nextStart = \'\';\r\n}\r\n\r\n$link_format = \'<a href=\"index.php?article_id=REX_ARTICLE_ID&start=%s\">%s</a>\';\r\n\r\n// Vorherige Seite Link\r\nif ( $prevStart !== \'\') {\r\n  $backLink = sprintf( $link_format, $prevStart, \'<< vorherige Seite\');\r\n}\r\n\r\n// Nächste Seite\r\nif ( $nextStart !== \'\') {\r\n  $nextLink = sprintf( $link_format, $nextStart, \'n&auml;chste Seite >>\');\r\n}\r\n\r\nif ($backLink != \"\" AND $nextLink != \"\") {\r\n	print \'<div class=\"teaserNav\"><p>\'.$backLink.\'&nbsp;|&nbsp;\'.$nextLink.\'</p></div>\';\r\n}\r\nelseif ($nextLink != \"\") {\r\n	print \'<div class=\"teaserNav\"><p>\'.$nextLink.\'</p></div>\';\r\n}\r\nelseif ($backLink != \"\") {\r\n	print \'<div class=\"teaserNav\"><p>\'.$backLink.\'</p></div>\';\r\n}\r\n\r\n//endif;\r\n\r\n?>\r\n','','<strong>Anzahl der Artikel pro Seite</strong><br />\r\n<input name=\"VALUE[1]\" value=\"REX_VALUE[1]\" class=\"inp100\" /><br />\r\n<br />\r\n<strong>Anzahl der Wörter pro Artikel</strong><br />\r\n<input name=\"VALUE[2]\" value=\"REX_VALUE[2]\" class=\"inp100\" /><br />','','0','0','','','','0','0');
INSERT INTO rex_modultyp VALUES ('13','','06 - Formular erzeugen','0','<?php\r\n$rex_form_data = <<<End\r\nREX_HTML_VALUE[3]\r\nEnd;\r\n\r\n$mailbody = <<<End\r\nREX_HTML_VALUE[5]\r\nEnd;\r\n\r\n$formname = \"kontaktform\";\r\n$submitlabel = \"REX_VALUE[7]\";\r\n$style = \' style=\"color:#f00;\"\';\r\n\r\n\r\n$formoutput = array();\r\n$warning = array();\r\n$form_elements = array();\r\n$form_elements = explode(\"\\n\", $rex_form_data);\r\n\r\nfor($i=0;$i<count($form_elements);$i++){\r\n\r\n	$element = explode(\"|\", $form_elements[$i]);\r\n	$AFE[$i] = $element;\r\n\r\n	switch($element[0]){\r\n\r\n		case \"headline\":\r\n			$formoutput[] = \'<p>\'.$element[1].\'</p>\';\r\n		break;\r\n\r\n		case \"text\":\r\n			if($FORM[$formname][\"el_\".$i] == \"\" && !$FORM[$formname][$formname.\"send\"]){ \r\n				$FORM[$formname][\"el_\".$i] = trim($element[3]); \r\n			}\r\n		\r\n			if($element[2] == 1 && (trim($FORM[$formname][\"el_\".$i]) == \"\" || trim($FORM[$formname][\"el_\".$i]) == trim($element[3])) && $FORM[$formname][$formname.\"send\"] == 1){ \r\n				$warning[\"el_\".$i] = $style; \r\n			}\r\n			\r\n			$formoutput[] = \'\r\n				<label class=\"text\" \'.$warning[\"el_\".$i].\' for=\"el_\'.$i.\'\" >\'.$element[1].\'</label>\r\n				<input type=\"text\" class=\"text\" name=\"FORM[\'.$formname.\'][el_\'.$i.\']\" id=\"el_\'.$i.\'\" value=\"\'.htmlentities(stripslashes($FORM[$formname][\"el_\".$i])).\'\" /><br />\r\n				\';\r\n		break;\r\n		\r\n		case \"textarea\":\r\n			if($FORM[$formname][\"el_\".$i] == \"\" && !$FORM[$formname][$formname.\"send\"]){ \r\n				$FORM[$formname][\"el_\".$i] = $element[3]; \r\n			}\r\n		\r\n			if($element[2] == 1 && (trim($FORM[$formname][\"el_\".$i]) == \"\" || trim($FORM[$formname][\"el_\".$i]) == trim($element[3])) && $FORM[$formname][$formname.\"send\"] == 1){ \r\n				$warning[\"el_\".$i] = $style; \r\n			}\r\n		\r\n			$formoutput[] = \'\r\n				<label class=\"textarea\" \'.$warning[\"el_\".$i].\' for=\"el_\'.$i.\'\" >\'.$element[1].\'</label>\r\n				<textarea class=\"textarea\" name=\"FORM[\'.$formname.\'][el_\'.$i.\']\" id=\"el_\'.$i.\'\" cols=\"80\" rows=\"10\">\'.htmlentities(stripslashes($FORM[$formname][\"el_\".$i])).\'</textarea><br />\r\n				\';\r\n		break;\r\n	\r\n	\r\n		case \"select\":\r\n\r\n			$SEL = new select();\r\n			$SEL->set_name(\"FORM[\".$formname.\"][el_\".$i.\"]\");\r\n			$SEL->set_id(\"el_\".$i);\r\n			$SEL->set_size(1);\r\n			$SEL->set_style(\' class=\"select\"\');\r\n		\r\n			if($FORM[$formname][\"el_\".$i] == \"\" && !$FORM[$formname][$formname.\"send\"]){ \r\n				$SEL->set_selected($element[3]); } else { $SEL->set_selected($FORM[$formname][\"el_\".$i]); \r\n			}\r\n\r\n			foreach(explode(\";\", trim($element[4])) as $v){\r\n				$SEL->add_option( $v, $v);\r\n			}\r\n		\r\n			if($element[2] == 1 && trim($FORM[$formname][\"el_\".$i] )== \"\" && $FORM[$formname][$formname.\"send\"] == 1){ \r\n				$warning[\"el_\".$i] = $style; \r\n			}\r\n		\r\n			$formoutput[] = \'\r\n				<label class=\"select\" \'.$warning[\"el_\".$i].\' for=\"el_\'.$i.\'\" >\'.$element[1].\'</label>\r\n				\'.$SEL->out().\'<br />\';\r\n		break;\r\n			\r\n		case \"checkbox\":\r\n		\r\n			if(	(trim($FORM[$formname][\"el_\".$i] )== \"1\" ) || ($FORM[$formname][\"el_\".$i] == \"\" && !$FORM[$formname][$formname.\"send\"] && $element[3] == 1)){ \r\n				$checked = \' checked=\"checked\"\'; \r\n				$hidden=\"\";\r\n			} \r\n			else { \r\n				$checked = \"\"; \r\n				$hidden = \'<input type=\"hidden\" name=\"FORM[\'.$formname.\'][el_\'.$i.\']\" value=\"0\" /><br />\'; \r\n			}\r\n\r\n			if($element[2] == 1 && trim($FORM[$formname][\"el_\".$i]) == \"\" && $FORM[$formname][$formname.\"send\"] == 1){ \r\n				$warning[\"el_\".$i] = $style; \r\n			}\r\n		\r\n			$formoutput[] = \r\n					$hidden.\'\r\n					<input type=\"checkbox\" class=\"checkbox\" name=\"FORM[\'.$formname.\'][el_\'.$i.\']\" id=\"el_\'.$i.\'\" value=\"1\" \'.$checked.\' />\r\n					<label class=\"checkbox\" \'.$warning[\"el_\".$i].\' for=\"el_\'.$i.\'\" >\'.$element[1].\'</label><br />\r\n					\';\r\n		break;\r\n	}\r\n}\r\n\r\n$out = \'\r\n	<div id=\"form-module\">\r\n	<form action=\"\'.rex_getUrl($this->getValue(\"article_id\")).\'\" method=\"post\">\r\n		<fieldset>\r\n\r\n		<legend>\'.$formname.\'</legend>\r\n		<input type=\"hidden\" name=\"FORM[\'.$formname.\'][\'.$formname.\'send]\" value=\"1\" />\';\r\n\r\nforeach($formoutput as $v){\r\n	$out .= \'\r\n		<div class=\"element\">\'.$v.\'</div>\';\r\n}\r\n$out .= \'\r\n		<div class=\"element\">\r\n			<input type=\"submit\" name=\"FORM[\'.$formname.\'][\'.$formname.\'submit]\" value=\"\'.$submitlabel.\'\" class=\"submit\" />\r\n		</div>\r\n		</fieldset>\r\n	</form>\r\n	</div>\';\r\n\r\nif($FORM[$formname][$formname.\"send\"] == 1 && count($warning)==0){\r\n	$mail = new PHPMailer();\r\n	$mail->AddAddress(\"REX_VALUE[1]\");\r\n	$mail->From = \"REX_VALUE[2]\";\r\n	$mail->Subject = \"REX_VALUE[4]\";\r\n	\r\n	foreach($FORM[$formname] as $k=>$v){\r\n		if($k != $formname.\"submit\" && $k != $formname.\"send\")\r\n		$mailbody .= $AFE[ereg_replace(\"el_\",\"\",$k)][1].\" \".stripslashes($v).\"\\n\";\r\n	}\r\n	\r\n	$mail->Body = $mailbody;\r\n	$mail->Send();\r\n	\r\n	print \'<div id=\"form-module-thanks\">\'.\"REX_VALUE[6]\".\'</div>\';\r\n\r\n} \r\nelse {\r\n	print $out;\r\n}\r\n?>','','Email geht an:<br />\r\n<input type=\"text\" name=\"VALUE[1]\" value=\"REX_VALUE[1]\" class=\"inp100\" /><br />\r\n<br />\r\nAbsender:<br />\r\n<input type=\"text\" name=\"VALUE[2]\" value=\"REX_VALUE[2]\" class=\"inp100\" /><br />\r\n<br />\r\nSubject:<br />\r\n<input type=\"text\" name=\"VALUE[4]\" value=\"REX_VALUE[4]\" class=\"inp100\" /><br />\r\n<br />\r\nMailbody Prefix:<br />\r\n<textarea name=\"VALUE[5]\" style=\"width:100%;height:100px;\">REX_VALUE[5]</textarea><br />\r\n<br />\r\nSubmitbutton Bezeichnung:<br />\r\n<input type=\"text\" name=\"VALUE[7]\" value=\"REX_VALUE[7]\" class=\"inp100\" /><br />\r\n<br />\r\nDanksagung:<br />\r\n<textarea name=\"VALUE[6]\" style=\"width:100%;height:100px;\">REX_VALUE[6]</textarea><br />\r\n<br />\r\n\r\nFormularbeschreibung:<br />\r\n<textarea name=\"VALUE[3]\" style=\"width:100%;height:180px;\">REX_VALUE[3]</textarea><br />\r\n<br />\r\ntyp|bezeichnung|pflicht|default|value<br /><br />\r\n\r\n<strong>Hinweis</strong>\r\n<table class=\"warning\">\r\n<tr>\r\n	<td style=\"vertical-align:top;\">Typen</td>\r\n	<td>\r\n		text<br />\r\n		textarea<br />\r\n		select -> redaxo;doku;forum<br />\r\n		checkbox<br />\r\n		headline</td>\r\n</tr>\r\n<tr>\r\n	<td style=\"vertical-align:top;\">Bezeichnung</td>\r\n	<td>Feldbezeichnung</td>\r\n</tr>\r\n<tr>\r\n	<td style=\"vertical-align:top;\">Pflicht</td>\r\n	<td>1 sonst 0 oder leer</td>\r\n</tr>\r\n<tr>\r\n	<td style=\"vertical-align:top;\">Default</td>\r\n	<td>Wert der bereits erscheinen wird.<br />\r\n	Beispiel<br />\r\n	Eingabe:<br />\r\n	textarea|Adresse:|1| Geben Sie hier bitte Ihre Adresse an! |<br />\r\n	<br />\r\n	Ausgabe:<br />\r\n	&lt;textarea&gt; Geben Sie hier bitte Ihre Adresse an! &lt;/textarea&gt;\r\n	</td>\r\n</tr>\r\n<tr>\r\n	<td style=\"vertical-align:top;\">Value</td>\r\n	<td></td>\r\n</tr>\r\n</table>','','0','0','','','','0','0');
INSERT INTO rex_modultyp VALUES ('8','','01 - Text [wysiwyg]','0','REX_HTML_VALUE[1]','',' Bitte gib den Text ein der zu Sehen sein soll:<br>\r\n<?php\r\n\r\n$a = new rex_wysiwyg_editor();\r\n$a->buttonrow1 = \"styleselect,separator,bold,italic,separator,bullist,numlist,image\";\r\n$a->buttonrow2 = \"link,linkHack,unlink,insertEmail,separator,removeformat,pasteRichtext,code\";\r\n$a->buttonrow3 = \"tablecontrols, separator, visualaid\";\r\n$a->buttonrow4 = \"rowseparator,formatselect,fontselect,fontsizeselect,forecolor,charmap\";\r\n$a->stylesheet = \"/redaxo3_0/files/text.css\";\r\n$a->content = \"REX_VALUE[1]\";\r\n$a->id = 1;\r\n$a->show();\r\n\r\n?><br>','','0','0','','','','0','0');
INSERT INTO rex_modultyp VALUES ('9','','05 - Articlelist','0','<?\r\n\r\n$cat = OOCategory::getCategoryById($this->getValue(\"category_id\"));\r\n$article = $cat->getArticles();\r\n\r\n\r\nif (is_array($article)) {\r\n	foreach ($article as $var) {\r\n\r\n	$articleId		= $var->getId();\r\n	$articleName		= $var->getName();\r\n	$articleDescription	= $var->getDescription();\r\n	\r\n		if ($var->getValue(_startpage) != 1) {\r\n			echo \'<div class=\"article-list\"><h2>\'.$articleName.\'</h2><p>\'.$articleDescription.\'</p><p><a href=\"\'.rex_getUrl($articleId).\'\">mehr >></a></p></div>\';\r\n		}\r\n	}\r\n}\r\n?>','','','','0','0','','','','0','0');
INSERT INTO rex_modultyp VALUES ('10','','05 - Categorylist','0','<?\r\n$cat = OOCategory::getCategoryById($this->getValue(category_id));\r\n$cats = $cat->getChildren();\r\n\r\nprint \'<ul>\';\r\nif (is_array($cats)) {\r\n	foreach ($cats as $cat) {\r\n\r\n	$catId			= $cat->getId();\r\n	$catName		= $cat->getName();\r\n	\r\n	print \'<li><a href=\"\'.rex_getUrl($catId).\'\">\'.$catName.\'</a></li>\';\r\n	}\r\n}\r\nprint \'</ul>\';\r\n?>','','','','0','0','','','','0','0');
INSERT INTO rex_modultyp VALUES ('11','','07 - sitemap','0','<?php\r\n\r\necho \'<ul class=\"sitemap1st\">\';\r\nforeach (OOCategory::getRootCategories() as $lev1):\r\n	$catId = $lev1->getId();\r\n\r\n	\r\n	if($lev1->isOnline()):\r\n	\r\n		$lev1Size = sizeof($lev1->getChildren());\r\n		\r\n		print \'<li><a href=\"\'.$lev1->getUrl().\'\">\'.$lev1->getName().\'</a>\';\r\n\r\n		$lev1Size = sizeof($lev1->getChildren());\r\n		if($lev1Size != \"0\"):\r\n			echo \'<ul class=\"sitemap2nd\">\';\r\n			foreach ($lev1->getChildren() as $lev2):\r\n\r\n				if ($lev2->isOnline()):\r\n					print \'<li><a href=\"\'.$lev2->getUrl().\'\">\'.$lev2->getName().\'</a></li>\';\r\n				endif;\r\n			endforeach;\r\n			echo \'</ul>\';\r\n		endif;\r\n		\r\n\r\n		echo \'</li>\';		\r\n	endif;\r\nendforeach;\r\necho \'</ul>\';\r\n\r\n?>','','','','0','0','','','','0','0');
DROP TABLE IF EXISTS rex_myshop_orders;
CREATE TABLE rex_myshop_orders ( oid int(100) NOT NULL  auto_increment, uid int(100) NOT NULL DEFAULT 0  , datum int(11) NOT NULL DEFAULT 0  , PRIMARY KEY(oid))TYPE=MyISAM;
INSERT INTO rex_myshop_orders VALUES ('1','3','1151070853');
DROP TABLE IF EXISTS rex_myshop_orders_products;
CREATE TABLE rex_myshop_orders_products ( opid int(11) NOT NULL  auto_increment, pid int(100) NOT NULL DEFAULT 0  , oid int(100) NOT NULL DEFAULT 0  , panzahl int(10) NOT NULL DEFAULT 0  , pname_de varchar(255) NOT NULL  , pname_en varchar(255) NOT NULL  , ppreis varchar(100) NOT NULL  , PRIMARY KEY(opid))TYPE=MyISAM;
INSERT INTO rex_myshop_orders_products VALUES ('1','1','1','2','Cocktail 1 pname de1','Cocktail 2 pname en1','123');
INSERT INTO rex_myshop_orders_products VALUES ('2','2','1','3','Schuhe_de','Schuhe_en','2510');
DROP TABLE IF EXISTS rex_myshop_products;
CREATE TABLE rex_myshop_products ( pid int(100) NOT NULL DEFAULT 0  , cid int(100) NOT NULL DEFAULT 0  , pname_de varchar(255) NOT NULL  , pname_en varchar(255) NOT NULL  , pimage varchar(255) NOT NULL  , ptext_de text NOT NULL  , ptext_en text NOT NULL  )TYPE=MyISAM;
INSERT INTO rex_myshop_products VALUES ('1','1','cocktail_de 1','cocktail_en 1','foo.gif','cocktail1_de Text','cocktail2_de Text');
DROP TABLE IF EXISTS rex_myshop_products_categories;
CREATE TABLE rex_myshop_products_categories ( cid int(100) NOT NULL  auto_increment, catname_de varchar(255) NOT NULL  , catname_en varchar(255) NOT NULL  , PRIMARY KEY(cid))TYPE=MyISAM;
INSERT INTO rex_myshop_products_categories VALUES ('1','Cocktails','');
INSERT INTO rex_myshop_products_categories VALUES ('2','Acessories','');
INSERT INTO rex_myshop_products_categories VALUES ('3','Schuhe','Shoes');
DROP TABLE IF EXISTS rex_myshop_user;
CREATE TABLE rex_myshop_user ( id int(30) NOT NULL  auto_increment, Firmenname1 varchar(30) NOT NULL  , Firmenname2 varchar(30) NOT NULL  , Vorname varchar(255) NOT NULL  , Nachname varchar(255) NOT NULL  , Adresse1 varchar(30) NOT NULL  , Adresse2 varchar(30) NOT NULL  , PLZ varchar(20) NOT NULL  , Stadt varchar(30) NOT NULL  , Land varchar(30) NOT NULL  , Telefon1 varchar(30) NOT NULL  , Telefon2 varchar(30) NOT NULL  , Fax varchar(30) NOT NULL  , Email varchar(30) NOT NULL  , PRIMARY KEY(id))TYPE=MyISAM;
INSERT INTO rex_myshop_user VALUES ('3','vscope','new media','wolfgang','huetteger','Fuhrgasse 4-6','','2201','Gerasdorf','Österreich','+43 699 19 20 17 57','','','office[at]vscope.at');
DROP TABLE IF EXISTS rex_opf_lang;
CREATE TABLE rex_opf_lang ( id int(11) NOT NULL  auto_increment, clang varchar(255) NOT NULL  , name text NOT NULL  , replacename varchar(255) NOT NULL  , PRIMARY KEY(id))TYPE=MyISAM;
DROP TABLE IF EXISTS rex_template;
CREATE TABLE rex_template ( id int(11) NOT NULL  auto_increment, label varchar(255) NOT NULL  , name varchar(255) NOT NULL  , content text NOT NULL  , bcontent text NOT NULL  , active tinyint(1) NOT NULL DEFAULT 0  , date timestamp(14) NULL  , createuser varchar(255) NOT NULL  , updateuser varchar(255) NOT NULL  , createdate int(11) NOT NULL DEFAULT 0  , updatedate int(11) NOT NULL DEFAULT 0  , PRIMARY KEY(id))TYPE=MyISAM;
INSERT INTO rex_template VALUES ('1','','default','<?php\r\n\r\nerror_reporting(E_ALL ^ E_NOTICE); // Notices ausschalten\r\n\r\n//	Setting\r\n////////////////////////////////////////////////////////////////////////////////\r\n$navTemplateId = \"2\";\r\n\r\nini_set(\'arg_separator.output\',  \'&amp;\'); \r\nini_set ( \"arg_separator.output\", \";\");\r\nini_set ( \"url_rewriter.tags\", \"a=href\");\r\n\r\n//	Code\r\n////////////////////////////////////////////////////////////////////////////////\r\n	$article = OOArticle::getArticleById($REX[\'START_ARTICLE_ID\'], $REX[\'CUR_CLANG\']);\r\n	$articleK = $article->getValue(\"_keywords\");\r\n	$articleD = $article->getDescription();\r\n	\r\n	\r\n	\r\n	include $REX[\'INCLUDE_PATH\'].\"/generated/templates/$navTemplateId.template\";\r\n	\r\n	if($this->getValue(\"description\") != \"\") {\r\n		$meta_beschreibung = htmlspecialchars($this->getValue(\"description\"));\r\n	}\r\n	else {\r\n		$meta_beschreibung = htmlspecialchars($articleD);\r\n	}\r\n	\r\n	if($this->getValue(\"keywords\")!= \"\") {\r\n		$meta_suchbegriffe = htmlspecialchars($this->getValue(\"keywords\"));\r\n	} \r\n	else {\r\n		$meta_suchbegriffe = htmlspecialchars($articleK);\r\n	} \r\n?>\r\n<!DOCTYPE html PUBLIC \"-//W3C//DTD XHTML 1.0 Strict//EN\" \"http://www.w3.org/TR/xhtml1/DTD/xhtml1-strict.dtd\">\r\n<html xmlns=\"http://www.w3.org/1999/xhtml\" xml:lang=\"de\" lang=\"de\">\r\n<head>\r\n<meta http-equiv=\"content-type\" content=\"text/html; charset=iso-8859-1\" />\r\n<title><? print $REX[\'SERVERNAME\'].\' | \'.$this->getValue(\"name\"); ?></title>\r\n<meta name=\"keywords\" content=\"<?php print $meta_suchbegriffe; ?>\" />\r\n<meta name=\"description\" content=\"<?php print $meta_beschreibung; ?>\" />\r\n<link rel=\"stylesheet\" type=\"text/css\" href=\"<? echo $REX[\'HTDOCS_PATH\'] ?>files/main.css\" media=\"screen\" />\r\n</head>\r\n<body>\r\n<div><a name=\"top\"></a></div>\r\n<div id=\"website\">\r\n\r\n<!-- start HEADER -->\r\n	<div id=\"header\">\r\n		<div id=\"logo\">\r\n			<a href=\"/index.php\" title=\"Zur&uuml;ck zur Startseite\"><? print $REX[\'SERVERNAME\']; ?></a>\r\n		</div>\r\n		\r\n		<?php\r\n		if ($navHeader != \"\") {\r\n			print \'<div id=\"header-nav\">\'.$navHeader.\'</div>\';\r\n		}\r\n		?>\r\n		\r\n		<div id=\"breadcrumb\"><?php print $breadcrumb; ?></div>\r\n	</div>\r\n<!-- end header -->\r\n\r\n<!-- start #content -->	\r\n	<div id=\"content\">\r\n	<div id=\"content2\">\r\n		<div id=\"navigation\">\r\n			<?php print $navLeftCol; ?>\r\n<div id=\"donate\">\r\n<form action=\"https://www.paypal.com/cgi-bin/webscr\" method=\"post\">\r\n<fieldset>\r\n<input type=\"hidden\" name=\"cmd\" value=\"_s-xclick\" />\r\n<input type=\"image\" src=\"files/donate.png\" name=\"submit\" alt=\"Zahlen Sie mit PayPal - schnell, kostenlos und sicher!\" />\r\n<input type=\"hidden\" name=\"encrypted\" value=\"-----BEGIN PKCS7-----MIIHRwYJKoZIhvcNAQcEoIIHODCCBzQCAQExggEwMIIBLAIBADCBlDCBjjELMAkGA1UEBhMCVVMxCzAJBgNVBAgTAkNBMRYwFAYDVQQHEw1Nb3VudGFpbiBWaWV3MRQwEgYDVQQKEwtQYXlQYWwgSW5jLjETMBEGA1UECxQKbGl2ZV9jZXJ0czERMA8GA1UEAxQIbGl2ZV9hcGkxHDAaBgkqhkiG9w0BCQEWDXJlQHBheXBhbC5jb20CAQAwDQYJKoZIhvcNAQEBBQAEgYB71ZmjIeP0wwPwfg4zCzBguiEWSGjgGCVlllh7zS57yL1bS1oxzzEYp7MWaDI9KS28fBAdrCuQXa2Kfl0SejfqrJ7rqeZy4MBjZ9yOYnmAa4KcU541wK8f4zm5/+qz/NraH4MlqPMxgUPIevjjfjouniA+Y3h0zqjMzoAZwGpMozELMAkGBSsOAwIaBQAwgcQGCSqGSIb3DQEHATAUBggqhkiG9w0DBwQIQwOyoXba7HKAgaCVplS9zpW2AzaOd3O5DdloDkzeDonDYE2D3nQUDIhjDsqrLqYVmr779u+zsd6M+dMSlZM+CmSOXsNvr49Oj+7hxFGokVIupeIKcUahbAHSNKBJQBdnGvvmnpTIp/naRHBTEilihkIfD/hIiLDPmjKjB2fIoXenASAyKFIkdUtUYAvFZTbHdR213MUvQKpbX2kSE6gOyuWROIcRDqPqpxH8oIIDhzCCA4MwggLsoAMCAQICAQAwDQYJKoZIhvcNAQEFBQAwgY4xCzAJBgNVBAYTAlVTMQswCQYDVQQIEwJDQTEWMBQGA1UEBxMNTW91bnRhaW4gVmlldzEUMBIGA1UEChMLUGF5UGFsIEluYy4xEzARBgNVBAsUCmxpdmVfY2VydHMxETAPBgNVBAMUCGxpdmVfYXBpMRwwGgYJKoZIhvcNAQkBFg1yZUBwYXlwYWwuY29tMB4XDTA0MDIxMzEwMTMxNVoXDTM1MDIxMzEwMTMxNVowgY4xCzAJBgNVBAYTAlVTMQswCQYDVQQIEwJDQTEWMBQGA1UEBxMNTW91bnRhaW4gVmlldzEUMBIGA1UEChMLUGF5UGFsIEluYy4xEzARBgNVBAsUCmxpdmVfY2VydHMxETAPBgNVBAMUCGxpdmVfYXBpMRwwGgYJKoZIhvcNAQkBFg1yZUBwYXlwYWwuY29tMIGfMA0GCSqGSIb3DQEBAQUAA4GNADCBiQKBgQDBR07d/ETMS1ycjtkpkvjXZe9k+6CieLuLsPumsJ7QC1odNz3sJiCbs2wC0nLE0uLGaEtXynIgRqIddYCHx88pb5HTXv4SZeuv0Rqq4+axW9PLAAATU8w04qqjaSXgbGLP3NmohqM6bV9kZZwZLR/klDaQGo1u9uDb9lr4Yn+rBQIDAQABo4HuMIHrMB0GA1UdDgQWBBSWn3y7xm8XvVk/UtcKG+wQ1mSUazCBuwYDVR0jBIGzMIGwgBSWn3y7xm8XvVk/UtcKG+wQ1mSUa6GBlKSBkTCBjjELMAkGA1UEBhMCVVMxCzAJBgNVBAgTAkNBMRYwFAYDVQQHEw1Nb3VudGFpbiBWaWV3MRQwEgYDVQQKEwtQYXlQYWwgSW5jLjETMBEGA1UECxQKbGl2ZV9jZXJ0czERMA8GA1UEAxQIbGl2ZV9hcGkxHDAaBgkqhkiG9w0BCQEWDXJlQHBheXBhbC5jb22CAQAwDAYDVR0TBAUwAwEB/zANBgkqhkiG9w0BAQUFAAOBgQCBXzpWmoBa5e9fo6ujionW1hUhPkOBakTr3YCDjbYfvJEiv/2P+IobhOGJr85+XHhN0v4gUkEDI8r2/rNk1m0GA8HKddvTjyGw/XqXa+LSTlDYkqI8OwR8GEYj4efEtcRpRYBxV8KxAW93YDWzFGvruKnnLbDAF6VR5w/cCMn5hzGCAZowggGWAgEBMIGUMIGOMQswCQYDVQQGEwJVUzELMAkGA1UECBMCQ0ExFjAUBgNVBAcTDU1vdW50YWluIFZpZXcxFDASBgNVBAoTC1BheVBhbCBJbmMuMRMwEQYDVQQLFApsaXZlX2NlcnRzMREwDwYDVQQDFAhsaXZlX2FwaTEcMBoGCSqGSIb3DQEJARYNcmVAcGF5cGFsLmNvbQIBADAJBgUrDgMCGgUAoF0wGAYJKoZIhvcNAQkDMQsGCSqGSIb3DQEHATAcBgkqhkiG9w0BCQUxDxcNMDUwNjIxMTY1NDU0WjAjBgkqhkiG9w0BCQQxFgQU5P83YxShHKswnmlhCdsz6bbE39cwDQYJKoZIhvcNAQEBBQAEgYCdsrAxaMzgRLzp3vAZ2uSqUgtp3e324+Rzu8ek1kMB9fEpzWCwTGPKLsb7co/z4vz0V7IXuWVN8mjYMK6aF1u+7utKh21NvSfQzVw9BmlNjacPg1qTXKvJTDumWzxtgrjtEfQHZZav38eRePM+ZhnCvTvJgN84RzAKclAZg35UQw==-----END PKCS7-----\r\n\" />\r\n</fieldset>\r\n</form>\r\n</div>\r\n		</div>\r\n		<div id=\"main\">\r\n					\r\n			<div id=\"main-block\">\r\n			<div id=\"main-block2\">\r\n				<?php\r\n				print $this->getArticle();\r\n				?>\r\n			</div>\r\n			</div>\r\n		</div><!-- end #main -->\r\n		<br class=\"clear\" />\r\n	</div>\r\n	</div>\r\n<!-- end #content -->\r\n\r\n\r\n</div> <!-- end #website -->\r\n\r\n<div class=\"footer\">\r\n<div class=\"footer2\">\r\n	<p class=\"col-left\">&copy; by REDAXO</p>\r\n	<p class=\"col-right\"><a href=\"<?php print rex_getUrl(8); ?>\">Sitemap</a> | <a href=\"<?php print rex_getUrl(7); ?>\">Impressum</a></p>\r\n	<br class=\"clear\" />\r\n</div>\r\n</div>\r\n\r\n</body>\r\nREX_ARTICLE[8]\r\n\r\n</html>','','1','20060622154049','','admin','0','1150983649');
INSERT INTO rex_template VALUES ('2','','navigation - vertical','<?php\r\n// EXPLODE PATH\r\n$PATH = explode(\"|\",$this->getValue(\"path\").$this->getValue(\"article_id\").\"|\");\r\n\r\n// GET CURRENTS\r\n$path1 = $PATH[1];\r\n$path2 = $PATH[2];\r\n$path3 = $PATH[3];\r\n\r\n\r\n/* START 1st level categories */\r\n$navLeftCol .= \'<ul class=\"nav1st\">\';\r\nforeach (OOCategory::getRootCategories() as $lev1) {\r\n		\r\n	if ($lev1->isOnline()):\r\n		if ($lev1->getId() == $path1) {\r\n			$navLeftCol .= \'<li class=\"active\"><a class=\"current\" href=\"\'.$lev1->getUrl().\'\">\'.$lev1->getName().\'</a>\';\r\n			if ($lev1->getId() != \"1\") {\r\n				$sitePath .= \' &#8250;&#8250; <a href=\"\'.$lev1->getUrl().\'\">\'.$lev1->getName().\'</a>\';\r\n			}\r\n			$titlePath .= \' >> \'.$lev1->getName();\r\n		}\r\n		// 1st level - no active link\r\n		else {\r\n			$navLeftCol .= \'<li><a href=\"\'.$lev1->getUrl().\'\">\'.$lev1->getName().\'</a>\';\r\n		}\r\n			\r\n		// 1st level had categories? -> go on \r\n		$lev1Size = sizeof($lev1->getChildren());\r\n	\r\n		if ($lev1Size != \"0\"):\r\n			$navLeftCol .= \'<ul class=\"nav2nd\">\';\r\n\r\n\r\n			// START 2nd level categories \r\n			foreach ($lev1->getChildren() as $lev2):\r\n						\r\n				if ($lev2->isOnline()):\r\n	\r\n				// 2nd level - active link\r\n					if ($lev2->getId() == $path2) {\r\n						$navLeftCol .= \'<li class=\"active\"><a class=\"current\" href=\"\'.$lev2->getUrl().\'\">\'.$lev2->getName().\'</a></li>\';\r\n						$sitePath .= \' &#8250;&#8250; <a href=\"\'.$lev2->getUrl().\'\">\'.$lev2->getName().\'</a>\';\r\n						$titlePath .= \' >> \'.$lev2->getName();\r\n					}\r\n					// 2nd level - no active link\r\n					else {\r\n						$navLeftCol .= \'<li><a href=\"\'.$lev2->getUrl().\'\">\'.$lev2->getName().\'</a></li>\';\r\n					}\r\n			\r\n				endif;			\r\n				\r\n			endforeach;\r\n			// END 2nd level categories \r\n		\r\n			$navLeftCol .= \'</ul>\';\r\n		endif; // END by if ($lev1Size != \"0\"):\r\n		\r\n		$navLeftCol .= \'</li>\';\r\n\r\n	endif; // END by if ($lev1->isOnline()) \r\n}\r\n$navLeftCol .= \'</ul>\';\r\n// END 1st level categories \r\n\r\nif ($REX[\'CUR_CLANG\'] == 1) $breadcrumb = \'You are here: <a href=\"/index.php?clang=1\">Startpage</a> \'.$sitePath;\r\nelse $breadcrumb = \'Sie befinden sich hier: <a href=\"/index.php\">Startseite</a> \'.$sitePath;\r\n\r\n\r\n?>','','0','20051129132916','','','0','0');
INSERT INTO rex_template VALUES ('3','','navigation - horizontal - vertical','<?php\r\n// EXPLODE PATH\r\n$PATH = explode(\"|\",$this->getValue(\"path\").$this->getValue(\"article_id\").\"|\");\r\n\r\n// GET CURRENTS\r\n$path1 = $PATH[1];\r\n$path2 = $PATH[2];\r\n$path3 = $PATH[3];\r\n\r\n\r\n/* START 1st level categories */\r\n$navHeader .= \'<ul class=\"nav1st\">\';\r\nforeach (OOCategory::getRootCategories() as $lev1) {\r\n		\r\n	if ($lev1->isOnline()):\r\n		if ($lev1->getId() == $path1) {\r\n			$navHeader .= \'<li class=\"active\"><a class=\"current\" href=\"\'.$lev1->getUrl().\'\">\'.$lev1->getName().\'</a>\';\r\n			if ($lev1->getId() != \"1\") {\r\n				$sitePath .= \' &#8250;&#8250; <a href=\"\'.$lev1->getUrl().\'\">\'.$lev1->getName().\'</a>\';\r\n			}\r\n			$titlePath .= \' >> \'.$lev1->getName();\r\n		}\r\n		// 2nd level - no active link\r\n		else {\r\n			$navHeader .= \'<li><a href=\"\'.$lev1->getUrl().\'\">\'.$lev1->getName().\'</a>\';\r\n		}\r\n			\r\n		// 1st level had categories? -> go on \r\n		$lev1Size = sizeof($lev1->getChildren());\r\n	\r\n		if ($lev1->getId() == $path1) {\r\n		if ($lev1Size != \"0\"):\r\n			$navLeftCol .= \'<ul class=\"nav2nd\">\';\r\n			$navLeftCol .= \'<li><strong>Unterkategorien</strong></li>\';\r\n\r\n\r\n			// START 2nd level categories \r\n			foreach ($lev1->getChildren() as $lev2):\r\n						\r\n				if ($lev2->isOnline()):\r\n	\r\n				// 2nd level - active link\r\n					if ($lev2->getId() == $path2) {\r\n						$navLeftCol .= \'<li class=\"active\"><a class=\"current\" href=\"\'.$lev2->getUrl().\'\">\'.$lev2->getName().\'</a></li>\';\r\n						$sitePath .= \' &#8250;&#8250; <a href=\"\'.$lev2->getUrl().\'\">\'.$lev2->getName().\'</a>\';\r\n						$titlePath .= \' >> \'.$lev2->getName();\r\n					}\r\n					// 2nd level - no active link\r\n					else {\r\n						$navLeftCol .= \'<li><a href=\"\'.$lev2->getUrl().\'\">\'.$lev2->getName().\'</a></li>\';\r\n					}\r\n			\r\n				endif;			\r\n				\r\n			endforeach;\r\n			// END 2nd level categories \r\n		\r\n			$navLeftCol .= \'</ul>\';\r\n		endif; // END by if ($lev1Size != \"0\"):\r\n		}\r\n		$navHeader .= \'</li>\';\r\n\r\n	endif; // END by if ($lev1->isOnline()) \r\n}\r\n$navHeader .= \'</ul>\';\r\n// END 1st level categories \r\n\r\nif ($REX[\'CUR_CLANG\'] == 1) $breadcrumb = \'You are here: <a href=\"/index.php?clang=1\">Startpage</a> \'.$sitePath;\r\nelse $breadcrumb = \'Sie befinden sich hier: <a href=\"/index.php\">Startseite</a> \'.$sitePath;\r\n\r\n\r\n\r\n?>','','0','20051129150147','','','0','0');
