## Redaxo Database Dump Version 3
## Prefix rex_
DROP TABLE IF EXISTS `rex_62_params`;
CREATE TABLE `rex_62_params` ( `field_id` int(10) unsigned NOT NULL  auto_increment, `title` varchar(255) NULL  , `name` varchar(255) NULL  , `prior` int(10) unsigned NOT NULL  , `attributes` varchar(255) NOT NULL  , `type` int(10) unsigned NULL  , `default` varchar(255) NOT NULL  , `params` varchar(255) NULL  , `validate` varchar(255) NULL  , `createuser` varchar(255) NOT NULL  , `createdate` int(11) NOT NULL  , `updateuser` varchar(255) NOT NULL  , `updatedate` int(11) NOT NULL  , PRIMARY KEY (`field_id`), UNIQUE KEY `name`(`name`)) TYPE=MyISAM;
DROP TABLE IF EXISTS `rex_62_type`;
CREATE TABLE `rex_62_type` ( `id` int(10) unsigned NOT NULL  auto_increment, `label` varchar(255) NULL  , `dbtype` varchar(255) NOT NULL  , `dblength` int(11) NOT NULL  , PRIMARY KEY (`id`)) TYPE=MyISAM;
INSERT INTO `rex_62_type` VALUES ('1','text','varchar','255');
INSERT INTO `rex_62_type` VALUES ('2','textarea','text','0');
INSERT INTO `rex_62_type` VALUES ('3','select','varchar','255');
INSERT INTO `rex_62_type` VALUES ('4','radio','varchar','255');
INSERT INTO `rex_62_type` VALUES ('5','checkbox','varchar','255');
INSERT INTO `rex_62_type` VALUES ('10','date','varchar','255');
INSERT INTO `rex_62_type` VALUES ('11','datetime','varchar','255');
INSERT INTO `rex_62_type` VALUES ('6','REX_MEDIA_BUTTON','varchar','255');
INSERT INTO `rex_62_type` VALUES ('7','REX_MEDIALIST_BUTTON','varchar','255');
INSERT INTO `rex_62_type` VALUES ('8','REX_LINK_BUTTON','varchar','255');
DROP TABLE IF EXISTS `rex_action`;
CREATE TABLE `rex_action` ( `id` int(11) NOT NULL  auto_increment, `name` varchar(255) NOT NULL  , `preview` text NOT NULL  , `presave` text NOT NULL  , `postsave` text NOT NULL  , `previewmode` tinyint(4) NOT NULL DEFAULT 0  , `presavemode` tinyint(4) NOT NULL DEFAULT 0  , `postsavemode` tinyint(4) NOT NULL DEFAULT 0  , `createuser` varchar(255) NOT NULL  , `createdate` int(11) NOT NULL DEFAULT 0  , `updateuser` varchar(255) NOT NULL  , `updatedate` int(11) NOT NULL DEFAULT 0  , `revision` int(11) NULL  , PRIMARY KEY (`id`)) TYPE=MyISAM;
DROP TABLE IF EXISTS `rex_article`;
CREATE TABLE `rex_article` ( `pid` int(11) NOT NULL  auto_increment, `id` int(11) NOT NULL DEFAULT 0  , `re_id` int(11) NOT NULL DEFAULT 0  , `name` varchar(255) NOT NULL  , `catname` varchar(255) NOT NULL  , `catprior` int(11) NOT NULL DEFAULT 0  , `description` text NOT NULL  , `attributes` text NOT NULL  , `file` text NOT NULL  , `startpage` tinyint(1) NOT NULL DEFAULT 0  , `prior` int(11) NOT NULL DEFAULT 0  , `path` varchar(255) NOT NULL  , `status` tinyint(1) NOT NULL DEFAULT 0  , `createdate` int(11) NOT NULL DEFAULT 0  , `updatedate` int(11) NOT NULL DEFAULT 0  , `keywords` text NOT NULL  , `template_id` int(11) NOT NULL DEFAULT 0  , `clang` int(11) NOT NULL DEFAULT 0  , `createuser` varchar(255) NOT NULL  , `updateuser` varchar(255) NOT NULL  , `label` varchar(255) NOT NULL  , `url` text NOT NULL  , `revision` int(11) NULL  , PRIMARY KEY (`pid`)) TYPE=MyISAM;
INSERT INTO `rex_article` VALUES ('1','1','0','Home','Home','1','','','','1','1','|','1','1174332941','1181732140','','1','0','admin07','admin','','','');
INSERT INTO `rex_article` VALUES ('2','2','0','Team','Team','2','','','','1','1','|','1','1174487165','1181732495','','1','0','admin07','admin','','','');
INSERT INTO `rex_article` VALUES ('3','3','0','System','System','3','','','','1','1','|','1','1174487175','1181732593','','1','0','admin07','admin','','','');
INSERT INTO `rex_article` VALUES ('4','4','0','Erste Schritte','Erste Schritte','4','','','','1','1','|','1','1174487184','1181735397','','1','0','admin07','admin','','','');
INSERT INTO `rex_article` VALUES ('5','5','0','FAQ','FAQ','5','','','','1','1','|','1','1174487196','1189526791','','1','0','admin07','rexdemo','','','');
INSERT INTO `rex_article` VALUES ('6','6','0','Kontakt / Impressum','Kontakt / Impressum','6','','','','1','1','|','1','1174487203','1189526660','','1','0','admin07','rexdemo','','','');
INSERT INTO `rex_article` VALUES ('8','8','3','Was ist Redaxo','Was ist Redaxo','1','','','','1','1','|3|','1','1174488327','1181734291','','1','0','admin07','admin','','','');
INSERT INTO `rex_article` VALUES ('9','9','3','Für wen ist Redaxo','Für wen ist Redaxo','2','','','','1','1','|3|','1','1174488348','1181734449','','1','0','admin07','admin','','','');
INSERT INTO `rex_article` VALUES ('10','10','3','Features','Features','3','','','','1','1','|3|','1','1174489132','1181734964','','1','0','admin07','admin','','','');
INSERT INTO `rex_article` VALUES ('11','11','3','Screenshots','Screenshots','4','','','','1','1','|3|','1','1174489141','1189526977','','1','0','admin07','rexdemo','','','');
INSERT INTO `rex_article` VALUES ('12','12','4','Doku','Doku','2','','','','1','1','|4|','1','1174489168','1183458772','','1','0','admin07','rexdemo','','','');
INSERT INTO `rex_article` VALUES ('13','13','4','Wiki','Wiki','3','','','','1','1','|4|','1','1174489174','1181735145','','1','0','admin07','admin','','','');
INSERT INTO `rex_article` VALUES ('14','14','4','Forum','Forum','4','','','','1','1','|4|','1','1174489181','1181735243','','1','0','admin07','admin','','','');
INSERT INTO `rex_article` VALUES ('15','15','5','Was ist das Besondere an Redaxo?','Frage 1','0','','','','0','2','|5|','1','1174489216','1189527221','','1','0','admin07','rexdemo','','','');
INSERT INTO `rex_article` VALUES ('16','16','4','Redaxo','Redaxo','1','','','','1','1','|4|','1','1179325162','1181735049','','1','0','admin','admin','','','');
INSERT INTO `rex_article` VALUES ('17','17','5','Was sollte einen dazu bewegen, REDAXO zu nutzen?','FAQ','0','','','','0','3','|5|','0','1189527244','1189527289','','1','0','rexdemo','rexdemo','','','');
INSERT INTO `rex_article` VALUES ('18','18','5','Wann wird der Einsatz von Redaxo empfohlen?','FAQ','0','','','','0','4','|5|','0','1189527313','1189528341','','1','0','rexdemo','rexdemo','','','');
INSERT INTO `rex_article` VALUES ('19','19','5','Wie viele Internetpräsentationen wurden bereits mit Redaxo erstellt?','FAQ','0','','','','0','5','|5|','0','1189527360','1189527463','','1','0','rexdemo','rexdemo','','','');
INSERT INTO `rex_article` VALUES ('20','20','5','Welche Kenntnisse brauche ich, um mit Redaxo arbeiten zu können?','FAQ','0','','','','0','6','|5|','0','1189527486','1189527520','','1','0','rexdemo','rexdemo','','','');
DROP TABLE IF EXISTS `rex_article_slice`;
CREATE TABLE `rex_article_slice` ( `id` int(11) NOT NULL  auto_increment, `clang` int(11) NOT NULL DEFAULT 0  , `ctype` int(11) NOT NULL DEFAULT 0  , `re_article_slice_id` int(11) NOT NULL DEFAULT 0  , `value1` text NOT NULL  , `value2` text NOT NULL  , `value3` text NOT NULL  , `value4` text NOT NULL  , `value5` text NOT NULL  , `value6` text NOT NULL  , `value7` text NOT NULL  , `value8` text NOT NULL  , `value9` text NOT NULL  , `value10` text NOT NULL  , `value11` text NOT NULL  , `value12` text NOT NULL  , `value13` text NOT NULL  , `value14` text NOT NULL  , `value15` text NOT NULL  , `value16` text NOT NULL  , `value17` text NOT NULL  , `value18` text NOT NULL  , `value19` text NOT NULL  , `value20` text NOT NULL  , `file1` varchar(255) NOT NULL  , `file2` varchar(255) NOT NULL  , `file3` varchar(255) NOT NULL  , `file4` varchar(255) NOT NULL  , `file5` varchar(255) NOT NULL  , `file6` varchar(255) NOT NULL  , `file7` varchar(255) NOT NULL  , `file8` varchar(255) NOT NULL  , `file9` varchar(255) NOT NULL  , `file10` varchar(255) NOT NULL  , `filelist1` text NOT NULL  , `filelist2` text NOT NULL  , `filelist3` text NOT NULL  , `filelist4` text NOT NULL  , `filelist5` text NOT NULL  , `filelist6` text NOT NULL  , `filelist7` text NOT NULL  , `filelist8` text NOT NULL  , `filelist9` text NOT NULL  , `filelist10` text NOT NULL  , `link1` varchar(10) NOT NULL  , `link2` varchar(10) NOT NULL  , `link3` varchar(10) NOT NULL  , `link4` varchar(10) NOT NULL  , `link5` varchar(10) NOT NULL  , `link6` varchar(10) NOT NULL  , `link7` varchar(10) NOT NULL  , `link8` varchar(10) NOT NULL  , `link9` varchar(10) NOT NULL  , `link10` varchar(10) NOT NULL  , `linklist1` text NOT NULL  , `linklist2` text NOT NULL  , `linklist3` text NOT NULL  , `linklist4` text NOT NULL  , `linklist5` text NOT NULL  , `linklist6` text NOT NULL  , `linklist7` text NOT NULL  , `linklist8` text NOT NULL  , `linklist9` text NOT NULL  , `linklist10` text NOT NULL  , `php` text NOT NULL  , `html` text NOT NULL  , `article_id` int(11) NOT NULL DEFAULT 0  , `modultyp_id` int(11) NOT NULL DEFAULT 0  , `createdate` int(11) NOT NULL DEFAULT 0  , `updatedate` int(11) NOT NULL DEFAULT 0  , `createuser` varchar(255) NOT NULL  , `updateuser` varchar(255) NOT NULL  , `revision` int(11) NULL  , PRIMARY KEY (`id`,`re_article_slice_id`,`article_id`,`modultyp_id`)) TYPE=MyISAM;
INSERT INTO `rex_article_slice` VALUES ('1','0','1','0','h1. Internet Professionell lobt REDAXO\r\n\r\n\"Mit kaum einer anderen Redaktionssoftware ist es so mühelos möglich, wirklich valide und barrierefreie Websites zu erstellen. Gerade die extreme Anpassungsfähigkeit an die verschiedenen Bedürfnisse ist eine der großen Stärken dieses Redaktionssystems.\"\r\n\r\n\"Dank des Cachings und des insgesamt sehr schlanken Cores (1,5 MB) sind Redaxo-Websites normalerweise sehr schnell. Im Vergleich zu anderen Content-Management-Systemen beeindruckt bei Redaxo vor allem die Flexibilität und Anpassungsfähigkeit.\"','','','','','','','','','','','','','','','','','','','','','','','','','','','','','','','','','','','','','','','','','','','','','','','','','','','','','','','','','','','','','','1','3','1181732140','0','admin','','');
INSERT INTO `rex_article_slice` VALUES ('2','0','1','0','An dieser Stelle möchten wir auch einmal Danke für die vielen Anregungen, Kritiken, Ideen, Bugmeldungen, Wünsche usw. sagen:','','','','','','','','','','','','','','','','','','','','','','','','','','','','','','','','','','','','','','','','','','','','','','','','','','','','','','','','','','','','','','2','3','1181732193','0','admin','','');
INSERT INTO `rex_article_slice` VALUES ('3','0','1','2','Das Redaxo Team','h1','','','','','','','','','','','','','','','','','','','','','','','','','','','','','','','','','','','','','','','','','','','','','','','','','','','','','','','','','','','','','2','1','1181732232','0','admin','','');
INSERT INTO `rex_article_slice` VALUES ('4','0','1','3','Jan Kristinus [pergopa] – jan\r\n\"www.pergopa.de\":http://www.pergopa.de','Jan Kristinus','','','','','','','l','','','','','','','','','','','','jan.gif','','','','','','','','','','','','','','','','','','','','','','','','','','','','','','','','','','','','','','','','','','2','2','1181732266','0','admin','','');
INSERT INTO `rex_article_slice` VALUES ('5','0','1','4','Markus Staab [public-4u] - kills\r\n\"www.public-4u.de\":http://www.public-4u.de','Markus Staab','','','','','','','l','','','','','','','','','','','','markus.gif','','','','','','','','','','','','','','','','','','','','','','','','','','','','','','','','','','','','','','','','','','2','2','1181732302','0','admin','','');
INSERT INTO `rex_article_slice` VALUES ('6','0','1','7','Wolfgang Huttegger [vscope new media] - vscope\r\n\"www.vscope.at\":http://www.vscope.at','Wolfgang Huttegger','','','','','','','l','','','','','','','','','','','','wolfgang.gif','','','','','','','','','','','','','','','','','','','','','','','','','','','','','','','','','','','','','','','','','','2','2','1181732338','0','admin','','');
INSERT INTO `rex_article_slice` VALUES ('7','0','1','5','Thomas Blum [blumbeet] - tbaddade\r\n\"www.blumbeet.com\":http://www.blumbeet.com','Thomas Blum','','','','','','','l','','','','','','','','','','','','thomas.gif','','','','','','','','','','','','','','','','','','','','','','','','','','','','','','','','','','','','','','','','','','2','2','1181732370','0','admin','','');
INSERT INTO `rex_article_slice` VALUES ('8','0','1','6','Peter Bickel [polarpixel] - pbickel\r\n\"www.polarpixel.de\":http://www.polarpixel.de','Peter Bickel','','','','','','','l','','','','','','','','','','','','team-bild.gif','','','','','','','','','','','','','','','','','','','','','','','','','','','','','','','','','','','','','','','','','','2','2','1181732402','0','admin','','');
INSERT INTO `rex_article_slice` VALUES ('9','0','1','8','GN2-NETWERK - headcrash, beate-g, littledave\r\n\"www.gn2-netwerk.de\":http://www.gn2-netwerk.de/','GN2-NETWERK','','','','','','','l','','','','','','','','','','','','team-bild.gif','','','','','','','','','','','','','','','','','','','','','','','','','','','','','','','','','','','','','','','','','','2','2','1181732433','0','admin','','');
INSERT INTO `rex_article_slice` VALUES ('10','0','1','9','Sandra Hundacker [hundertmorgen] - hundertmorgen\r\n\"www.hundertmorgen.de\":http://www.hundertmorgen.de','Sandra Hundacker','','','','','','','l','','','','','','','','','','','','team-bild.gif','','','','','','','','','','','','','','','','','','','','','','','','','','','','','','','','','','','','','','','','','','2','2','1181732473','0','admin','','');
INSERT INTO `rex_article_slice` VALUES ('11','0','1','10','weitere ...','weitere ...','','','','','','','l','','','','','','','','','','','','team-bild.gif','','','','','','','','','','','','','','','','','','','','','','','','','','','','','','','','','','','','','','','','','','2','2','1181732495','0','admin','','');
INSERT INTO `rex_article_slice` VALUES ('12','0','1','0','','','','','','','','','','','','','','','','','','','','','','','','','','','','','','','','','','','','','','','','','8','','','','','','','','','','','','','','','','','','','','','','3','8','1181732593','0','admin','','');
INSERT INTO `rex_article_slice` VALUES ('13','0','1','0','Was ist Redaxo','h1','','','','','','','','','','','','','','','','','','','','','','','','','','','','','','','','','','','','','','','','','','','','','','','','','','','','','','','','','','','','','8','1','1181732633','0','admin','','');
INSERT INTO `rex_article_slice` VALUES ('15','0','1','13','Ursprünglich ist REDAXO als ein Redaktionssystem konzipiert und entwickelt worden. Tatsächlich lässt sich Redaxo jedoch aufgrund seines Leistungsumfanges für vielfältige Informations Management Lösungen einsetzen.\r\n\r\nBisher sind folgende Features in REDAXO enthalten:\r\n\r\n* Zentralistische Verwaltung mittels einer Client/Serverarchitektur\r\n* Trennung von Content und Layout mittels Templates\r\n* Die Verwaltung von mehrsprachigen Webseiten ist gegeben\r\n* Der Content setzt sich aus verschiedenen Modulen zusammen\r\n* Keine Limitierung bei der Implementierung von Modulen\r\n* Systemunabhängiges, sowie plattformübergreifendes Arbeiten über den Webbrowser\r\n* Linkmanagement\r\n* Keine Einschränkungen bei der Entwicklung von barrierefreiem Webdesign\r\n* Definierung des Publikationsszeitraumes möglich\r\n* Aufnahme von Metadaten für Suchmaschinen möglich\r\n* Integration einer Suchmaschine ist möglich\r\n* Mittels erweiterter Statistikinformationen sind Rückschlüsse auf Userverhalten möglich\r\n* Durch Verzicht auf Freigabeprozesse entfällt Rollenverteilung und aufwändiger Ablauf, aber Rollen und Rechteverteilung ist möglich\r\n* Die multimediale (HTML, XML, PDF, MP3,DOC, etc.) Verwaltung von Inhalten\r\n* Import / Export Funktion ermöglicht Projektsicherung\r\n* Einbindung von Erweiterungen/AddOns für unterschiedlichste Funktionen\r\n* REDAXO passt sich dem eigenen Wissensstand an\r\n* REDAXO basiert auf PHP / MySQL\r\n\r\n\r\n','','','','','','','','','','','','','','','','','','','','','','','','','','','','','','','','','','','','','','','','','','','','','','','','','','','','','','','','','','','','','','8','3','1181734163','1181734291','admin','admin','');
INSERT INTO `rex_article_slice` VALUES ('16','0','1','0','Für wen ist Redaxo','h1','','','','','','','','','','','','','','','','','','','','','','','','','','','','','','','','','','','','','','','','','','','','','','','','','','','','','','','','','','','','','9','1','1181734367','0','admin','','');
INSERT INTO `rex_article_slice` VALUES ('17','0','1','16','*Für Webdesigner*\r\n\r\nmit Kenntnissen in HTML, CSS und PHP-Grundkenntnisse.\r\n\r\n\r\n*Für Autoren ohne technisches Wissen*\r\n\r\nWer Textverarbeitung (Word o.ä.) beherrscht, kann auch mit Redaxo Inhalte online erstellen. Es sind keinerlei Kenntnisse in HTML oder einer anderen (Web-)Programmiersprache erforderlich.\r\n\r\n\r\n*Konfigurierbare Zugriffsbeschränkung*\r\n\r\nDen Benutzern können Rechte zugewiesen werden, wodurch die unerlaubte Veränderung von Inhalten effektiv verhindert werden kann.\r\n\r\n\r\n__(Quelle: http://www.dyco.de/59-0-cms-redaxo.html)__','','','','','','','','','','','','','','','','','','','','','','','','','','','','','','','','','','','','','','','','','','','','','','','','','','','','','','','','','','','','','','9','3','1181734432','1181734449','admin','admin','');
INSERT INTO `rex_article_slice` VALUES ('18','0','1','0','Features','h1','','','','','','','','','','','','','','','','','','','','','','','','','','','','','','','','','','','','','','','','','','','','','','','','','','','','','','','','','','','','','10','1','1181734555','0','admin','','');
INSERT INTO `rex_article_slice` VALUES ('19','0','1','18','*Standortunabhängige Wartung ihrer Seiten*\r\n\r\nREDAXO funktioniert von jedem Internetrechner, der mit einem Browser ausgestattet ist. Sie können Ihre Seiten von jedem Ort, zu jeder Zeit bearbeiten. Durch die Rechteverteilung ist es so auch möglich, dass Mitarbeiter unterschiedlicher Standorte redaktionellen Zugriff auf ihren Bereich der Website erhalten.\r\n\r\n\r\n*Barrierearm und BITV-konform*\r\n\r\nREDAXO erfüllt alle Grundvoraussetzungen, die für eine barrierefreie und BITV-konforme Website notwendig sind. Bei Bedarf passen wir Ihnen REDAXO an die Erfordernisse der Barrierefreiheit (WAI und BITV) an.\r\n\r\n\r\n*Mehrsprachige Websites*\r\n\r\nMit Redaxo können Sie Ihre Produkte und Leistungen mehrsprachig anbieten. Egal, ob englisch, italienisch, französisch, eine Sprache aus dem osteuropäischen oder asiatischen Sprachraum.\r\n\r\n\r\n*Zukunftssicher für Monitor, PDA, Handy und Co*\r\n\r\nREDAXO gehört zur neuen Generation von Content Management Systemen. Durch die Verwendung tabellenloser und skalierbarer Layouts ist es möglich, auch alternative Geräte für die Ausgabe Ihrer Website zu nutzen.\r\n\r\n\r\n*Erhalt der Design-Vorgaben*\r\n\r\nIhre Inhalte und das Design/Layout werden getrennt voneinander gespeichert. Folglich wird der gesamte Inhalt aller Autoren in einem Design konsistent ausgegeben.\r\n\r\n\r\n*Module und Addons*\r\n\r\nErweiterungen können als Module/Addons zum Einsatz kommen. Wie alle guten Content Management Systeme unterstützt auch Redaxo benutzerdefinierte Erweiterungen.\r\n\r\n\r\n*Regelmäßige Aktualisierung Ihrer Seiten*\r\n\r\nFür die Aktualisierung und Pflege Ihrer Inhalte benötigen Sie keinen externen Dienstleister mehr. Änderungen, Erweiterungen, aktuelle Termine/Veranstaltungen, Nachrichten und vieles mehr können so schnell, ohne Umwege und ohne zusätzliche Kosten auf Ihrer Website dargestellt werden.\r\n\r\n\r\n*Regelmäßige Backups*\r\n\r\nÜber die integrierte Import- und Exportfunktion ist eine Projektsicherung jederzeit möglich.\r\n\r\n__(Quelle: http://www.dyco.de/59-0-cms-redaxo.html)__','','','','','','','','','','','','','','','','','','','','','','','','','','','','','','','','','','','','','','','','','','','','','','','','','','','','','','','','','','','','','','10','3','1181734964','0','admin','','');
INSERT INTO `rex_article_slice` VALUES ('20','0','1','0','*Redaxo.de* | \"http://www.redaxo.de\":http://www.redaxo.de\r\nAktuelle Informationen zu den aktuellen Versionen, die Basis-Intallation und Updates erhalten Sie auf der offiziellen Redaxo-Website.','Redaxo','','','','','','','l','','','','','','','','','','','','rex.gif','','','','','','','','','','','','','','','','','','','','','','','','','','','','','','','','','','','','','','','','','','16','2','1181735049','0','admin','','');
INSERT INTO `rex_article_slice` VALUES ('21','0','1','0','*Doku.Redaxo.de* | \"http://doku.redaxo.de\":http://doku.redaxo.de\r\nDie Online-Dokumentation von Redaxo\r\nDie Dokumentation ist in acht Teile gegliedert um so den Redakteur, dem Einsteiger und dem Profi die geeigneten Anlaufstellen zu bieten.\r\n','Doku','','','','','','','l','','','','','','','','','','','','doku.gif','','','','','','','','','','','','','','','','','','','','','','','','','','','','','','','','','','','','','','','','','','12','2','1181735096','1183458772','admin','rexdemo','');
INSERT INTO `rex_article_slice` VALUES ('22','0','1','0','*Wiki3.Redaxo.de* | \"http://Wiki3.redaxo.de\":http://Wiki3.redaxo.de\r\nIm Wiki stehen Ideen und konkrete Beispiele mit Beschreibungen, ohne Prüfung seitens der Entwickler.','Wiki','','','','','','','l','','','','','','','','','','','','wiki.gif','','','','','','','','','','','','','','','','','','','','','','','','','','','','','','','','','','','','','','','','','','13','2','1181735145','0','admin','','');
INSERT INTO `rex_article_slice` VALUES ('23','0','1','0','*Forum.Redaxo.de* | \"http://forum.redaxo.de\":http://forum.redaxo.de\r\nEine der ersten Anlaufstellen für Support, Fragen, Tipps und \"Insider-Wissen\" ist das Forum zu Redaxo.','Forum','','','','','','','l','','','','','','','','','','','','forum.gif','','','','','','','','','','','','','','','','','','','','','','','','','','','','','','','','','','','','','','','','','','14','2','1181735243','0','admin','','');
INSERT INTO `rex_article_slice` VALUES ('24','0','1','26','5','100','','','','','','','','','','','','','','','','','','','','','','','','','','','','','','','','','','','','','','','','','','','','','','','','','','','','','','','','','','','','','4','6','1181735295','0','admin','','');
INSERT INTO `rex_article_slice` VALUES ('26','0','1','28','Links zu Redaxo','h2','','','','','','','','','','','','','','','','','','','','','','','','','','','','','','','','','','','','','','','','','','','','','','','','','','','','','','','','','','','','','4','1','1181735334','1181735380','admin','admin','');
INSERT INTO `rex_article_slice` VALUES ('29','0','1','0','Erste Schritte','h1','','','','','','','','','','','','','','','','','','','','','','','','','','','','','','','','','','','','','','','','','','','','','','','','','','','','','','','','','','','','','4','1','1181735397','0','admin','','');
INSERT INTO `rex_article_slice` VALUES ('30','0','1','0','Nehmen Sie Kontakt auf','h1','','','','','','','','','','','','','','','','','','','','','','','','','','','','','','','','','','','','','','','','','','','','','','','','','','','','','','','','','','','','','6','1','1181735435','0','admin','','');
INSERT INTO `rex_article_slice` VALUES ('35','0','1','30','*REDAXO*\r\nc/o Yakamara GmbH\r\nJan Kristinus\r\nLange Straße 31\r\n60311 Frankfurt / Main\r\n\"www.redaxo.de\":http://redaxo.de\r\n\"www.pergopa.de\":http://pergopa.de\r\n\r\n*Programmierung der Demo / HTML Layout*\r\nSandra Hundacker [hundertmorgen] - hundertmorgen\r\n\"www.hundertmorgen.de\":http://www.hundertmorgen.de\r\n\r\n*Programmierung von Modulen*\r\ndiverse (siehe Module)\r\n\r\n*Fotos*\r\n\"photocase\":http://www.photocase.com\r\n','','','','','','','','','','','','','','','','','','','','','','','','','','','','','','','','','','','','','','','','','','','','','','','','','','','','','','','','','','','','','','6','3','1189526604','1189526660','rexdemo','rexdemo','');
INSERT INTO `rex_article_slice` VALUES ('28','0','1','29','Auf den folgenden Seiten erfahren Sie mehr über die Installation von Redaxo auf dem Webserver Ihrer Wahl.   Überprüfen Sie vor Beginn die Systemvoraussetzungen für Ihr Webpaket und lernen Sie mehr über die ersten Schritte mit einem flexiblen Content-Management-System.','','','','','','','','','','','','','','','','','','','','','','','','','','','','','','','','','','','','','','','','','','','','','','','','','','','','','','','','','','','','','','4','3','1181735372','0','admin','','');
INSERT INTO `rex_article_slice` VALUES ('37','0','1','0','FAQ','h1','','','','','','','','','','','','','','','','','','','','','','','','','','','','','','','','','','','','','','','','','','','','','','','','','','','','','','','','','','','','','5','1','1189526791','0','rexdemo','','');
INSERT INTO `rex_article_slice` VALUES ('38','0','1','36','Redaxo unterscheidet sich von anderen Systemen auf den ersten Blick durch sein sehr schlicht gehaltenes und auf grafische Dekoration verzichtendes Backend. So finden sich auch weniger technikorientierte Anwender schnell in den Funktionen zurecht. Der Administrator kann je nach Bedarf einzelne Funktionen zu- oder abschalten. Dadurch ist Redaxo selbst für Netzauftritte mit wenigen Seiten einsetzbar, ohne durch seine Funktionsfülle den eigentlichen Seiteninhalt zu dominieren. (Quelle: Wikipedia)\r\n\r\n\"zurück\":?article_id=5','','','','','','','','','','','','','','','','','','','','','','','','','','','','','','','','','','','','','','','','','','','','','','','','','','','','','','','','','','','','','','15','3','1189526847','1189527203','rexdemo','rexdemo','');
INSERT INTO `rex_article_slice` VALUES ('34','0','1','37','','','','','','','','','','','','','','','','','','','','','','','','','','','','','','','','','','','','','','','','','','','','','','','','','','','','','','','','','','','','','','','5','5','1181737408','0','rexdemo','','');
INSERT INTO `rex_article_slice` VALUES ('36','0','1','40','Was ist das Besondere an Redaxo?','h2','','','','','','','','','','','','','','','','','','','','','','','','','','','','','','','','','','','','','','','','','','','','','','','','','','','','','','','','','','','','','15','1','1189526739','1189526777','rexdemo','rexdemo','');
INSERT INTO `rex_article_slice` VALUES ('40','0','1','0','FAQ','h1','','','','','','','','','','','','','','','','','','','','','','','','','','','','','','','','','','','','','','','','','','','','','','','','','','','','','','','','','','','','','15','1','1189527221','0','rexdemo','','');
INSERT INTO `rex_article_slice` VALUES ('41','0','1','0','FAQ','h1','','','','','','','','','','','','','','','','','','','','','','','','','','','','','','','','','','','','','','','','','','','','','','','','','','','','','','','','','','','','','17','1','1189527244','1189527244','rexdemo','rexdemo','');
INSERT INTO `rex_article_slice` VALUES ('42','0','1','41','Was sollte einen dazu bewegen, REDAXO zu nutzen?','h2','','','','','','','','','','','','','','','','','','','','','','','','','','','','','','','','','','','','','','','','','','','','','','','','','','','','','','','','','','','','','17','1','1189527244','1189527273','rexdemo','rexdemo','');
INSERT INTO `rex_article_slice` VALUES ('43','0','1','42','Zitat aus dem Forum: „Die nette Community und der gute Support. ;-) “\r\n\r\n\"zurück\":?article_id=5','','','','','','','','','','','','','','','','','','','','','','','','','','','','','','','','','','','','','','','','','','','','','','','','','','','','','','','','','','','','','','17','3','1189527244','1189527289','rexdemo','rexdemo','');
INSERT INTO `rex_article_slice` VALUES ('44','0','1','0','FAQ','h1','','','','','','','','','','','','','','','','','','','','','','','','','','','','','','','','','','','','','','','','','','','','','','','','','','','','','','','','','','','','','18','1','1189527313','1189527313','rexdemo','rexdemo','');
INSERT INTO `rex_article_slice` VALUES ('45','0','1','44','Wann wird der Einsatz von Redaxo empfohlen?','h2','','','','','','','','','','','','','','','','','','','','','','','','','','','','','','','','','','','','','','','','','','','','','','','','','','','','','','','','','','','','','18','1','1189527313','1189527325','rexdemo','rexdemo','');
INSERT INTO `rex_article_slice` VALUES ('46','0','1','45','Die Praxis hat gezeigt, dass Redaxo für Webauftritte bis ca. 2000 Seiten ohne Probleme oder Geschwindigkeitseinbußen einsetzbar ist. Je nach Konzept der Website und den Seiteninhalten können es bei optimaler Planung aber auch mehr werden. (Quelle: Wikipedia)\r\n\r\n\"zurück\":?article_id=5','','','','','','','','','','','','','','','','','','','','','','','','','','','','','','','','','','','','','','','','','','','','','','','','','','','','','','','','','','','','','','18','3','1189527313','1189528341','rexdemo','rexdemo','');
INSERT INTO `rex_article_slice` VALUES ('47','0','1','0','FAQ','h1','','','','','','','','','','','','','','','','','','','','','','','','','','','','','','','','','','','','','','','','','','','','','','','','','','','','','','','','','','','','','19','1','1189527360','1189527360','rexdemo','rexdemo','');
INSERT INTO `rex_article_slice` VALUES ('48','0','1','47','Wie viele Internetpräsentationen wurden bereits mit Redaxo erstellt?','h2','','','','','','','','','','','','','','','','','','','','','','','','','','','','','','','','','','','','','','','','','','','','','','','','','','','','','','','','','','','','','19','1','1189527360','1189527377','rexdemo','rexdemo','');
INSERT INTO `rex_article_slice` VALUES ('49','0','1','48','Es gibt ca. 600 gelistete Referenzen auf der Redaxo-Seite (Stand September 2007). Man kann jedoch davon ausgehen, daß die wirkliche Anzahl von Seiten deutlich größer ist.\r\n\r\n\"zurück\":?article_id=5','','','','','','','','','','','','','','','','','','','','','','','','','','','','','','','','','','','','','','','','','','','','','','','','','','','','','','','','','','','','','','19','3','1189527360','1189527463','rexdemo','rexdemo','');
INSERT INTO `rex_article_slice` VALUES ('50','0','1','0','FAQ','h1','','','','','','','','','','','','','','','','','','','','','','','','','','','','','','','','','','','','','','','','','','','','','','','','','','','','','','','','','','','','','20','1','1189527486','1189527486','rexdemo','rexdemo','');
INSERT INTO `rex_article_slice` VALUES ('51','0','1','50','Welche Kenntnisse brauche ich, um mit Redaxo arbeiten zu können?','h2','','','','','','','','','','','','','','','','','','','','','','','','','','','','','','','','','','','','','','','','','','','','','','','','','','','','','','','','','','','','','20','1','1189527486','1189527504','rexdemo','rexdemo','');
INSERT INTO `rex_article_slice` VALUES ('52','0','1','51','Redaxo basiert auf PHP und Mysql. Kenntnisse in dieser Sprache und im Umgang mit der Datenbank sind zwar zu empfehlen, aber nicht unbedingt erforderlich. Anhand der Demo-Versionen kann man bereits eigene Webseiten erstellen und dabei lernen, das System zu nutzen.\r\n\r\n\"zurück\":?article_id=5','','','','','','','','','','','','','','','','','','','','','','','','','','','','','','','','','','','','','','','','','','','','','','','','','','','','','','','','','','','','','','20','3','1189527486','1189527520','rexdemo','rexdemo','');
DROP TABLE IF EXISTS `rex_article_type`;
CREATE TABLE `rex_article_type` ( `type_id` int(11) NOT NULL  auto_increment, `name` varchar(255) NOT NULL  , `description` text NOT NULL  , PRIMARY KEY (`type_id`)) TYPE=MyISAM;
INSERT INTO `rex_article_type` VALUES ('1','Standard','Zugriff für alle');
DROP TABLE IF EXISTS `rex_clang`;
CREATE TABLE `rex_clang` ( `id` int(11) NOT NULL DEFAULT 0  , `name` varchar(255) NOT NULL  , `revision` int(11) NULL  , PRIMARY KEY (`id`)) TYPE=MyISAM;
INSERT INTO `rex_clang` VALUES ('0','deutsch','');
DROP TABLE IF EXISTS `rex_file`;
CREATE TABLE `rex_file` ( `file_id` int(11) NOT NULL  auto_increment, `re_file_id` int(11) NOT NULL DEFAULT 0  , `category_id` int(11) NOT NULL DEFAULT 0  , `attributes` text NOT NULL  , `filetype` varchar(255) NOT NULL  , `filename` varchar(255) NOT NULL  , `originalname` varchar(255) NOT NULL  , `filesize` varchar(255) NOT NULL  , `width` int(11) NOT NULL DEFAULT 0  , `height` int(11) NOT NULL DEFAULT 0  , `title` varchar(255) NOT NULL  , `description` text NOT NULL  , `copyright` varchar(255) NOT NULL  , `createdate` int(11) NOT NULL DEFAULT 0  , `updatedate` int(11) NOT NULL DEFAULT 0  , `createuser` varchar(255) NOT NULL  , `updateuser` varchar(255) NOT NULL  , `revision` int(11) NULL  , PRIMARY KEY (`file_id`)) TYPE=MyISAM;
INSERT INTO `rex_file` VALUES ('1','0','1','','text/css','main.css','main.css','3869','0','0','main.css','Grundraster Layout','','1174923001','1174923001','admin','admin','');
INSERT INTO `rex_file` VALUES ('2','0','1','','text/css','navigation.css','navigation.css','3970','0','0','navigation.css','Navigationselemente','','1174923036','1174923036','admin','admin','');
INSERT INTO `rex_file` VALUES ('3','0','1','','text/css','content.css','/tmp/phpr2zng1','4487','0','0','content.css','Inhaltselemente global','','1174923063','1189528444','admin','rexdemo','');
INSERT INTO `rex_file` VALUES ('4','0','1','','text/css','start.css','start.css','1326','0','0','start.css','besondere Elemente - Startseite','','1174923094','1174923094','admin','admin','');
INSERT INTO `rex_file` VALUES ('5','0','1','','text/css','default.css','default.css','1512','0','0','default.css','besondere Elemente - Inhaltsseiten','','1174923116','1174923116','admin','admin','');
INSERT INTO `rex_file` VALUES ('6','0','2','','image/jpeg','start_teaser.jpg','start_teaser.jpg','39416','630','217','Teaser Startseite','Teaserbild Startseite','','1174923162','1174923162','admin','admin','');
INSERT INTO `rex_file` VALUES ('7','0','2','','image/jpeg','main_teaser.jpg','main_teaser.jpg','41139','630','220','Teaser Inhaltsseiten','Teaserbild Inhaltsseiten','','1174923186','1174923186','admin','admin','');
INSERT INTO `rex_file` VALUES ('8','0','2','','image/gif','bg_nav.gif','bg_nav.gif','929','208','217','Hintergrund Navigation vertikal','','','1174923222','1174923222','admin','admin','');
INSERT INTO `rex_file` VALUES ('9','0','2','','image/gif','bg_unav.gif','bg_unav.gif','6494','208','172','Hintergrund unterhalb Navigation','','','1174923278','1174923278','admin','admin','');
INSERT INTO `rex_file` VALUES ('10','0','2','','image/gif','bg_header.gif','bg_header.gif','3656','630','137','Hintergrund Header','','','1174923312','1174923312','admin','admin','');
INSERT INTO `rex_file` VALUES ('11','0','2','','image/gif','linie_start_block.gif','linie_start_block.gif','11484','313','245','Hintergrund content start','','','1174923339','1174923412','admin','admin','');
INSERT INTO `rex_file` VALUES ('13','0','2','','image/gif','linie_main_block.gif','linie_main_block.gif','744','3','211','Hintergrund content default (Linie)','','','1174923478','1174923478','admin','admin','');
INSERT INTO `rex_file` VALUES ('14','0','2','','image/gif','start_bg_header.gif','/tmp/phpJrzxKl','7846','630','137','Header Start','','','1174923513','1174923537','admin','admin','');
INSERT INTO `rex_file` VALUES ('15','0','2','','image/gif','redaxo_logo_klein.gif','redaxo_logo_klein.gif','4478','220','80','Logo (Inhaltsseiten)','','','1174923597','1174923597','admin','admin','');
INSERT INTO `rex_file` VALUES ('16','0','2','','image/gif','donate_redaxo.gif','donate_redaxo.gif','1810','120','58','Donate Button','','','1174923614','1174923614','admin','admin','');
INSERT INTO `rex_file` VALUES ('17','0','2','','image/gif','button.gif','button.gif','132','20','60','Rollover Buttons','','','1174923632','1174923632','admin','admin','');
INSERT INTO `rex_file` VALUES ('18','0','4','','image/gif','jan.gif','jan.gif','2730','79','79','Jan','','','1176638716','1176638716','gn2','gn2','');
INSERT INTO `rex_file` VALUES ('19','0','4','','image/gif','markus.gif','markus.gif','2798','79','79','Markus','','','1176638729','1176638729','gn2','gn2','');
INSERT INTO `rex_file` VALUES ('20','0','4','','image/gif','wolfgang.gif','wolfgang.gif','2781','79','79','Wolfgang','','','1176638743','1176638743','gn2','gn2','');
INSERT INTO `rex_file` VALUES ('21','0','4','','image/gif','thomas.gif','thomas.gif','2806','79','79','Thomas','','','1176638759','1176638759','gn2','gn2','');
INSERT INTO `rex_file` VALUES ('22','0','4','','image/gif','team-bild.gif','team-bild.gif','680','79','79','Platzhalter','','','1176638776','1176638776','gn2','gn2','');
INSERT INTO `rex_file` VALUES ('23','0','5','','image/gif','rex.gif','rex.gif','1804','79','79','Redaxo','','','1176744752','1176744752','gn2','gn2','');
INSERT INTO `rex_file` VALUES ('24','0','5','','image/gif','doku.gif','doku.gif','1705','79','79','Doku','','','1176744910','1176744910','gn2','gn2','');
INSERT INTO `rex_file` VALUES ('25','0','5','','image/gif','wiki.gif','wiki.gif','1669','79','79','Wiki','','','1176745021','1176745021','gn2','gn2','');
INSERT INTO `rex_file` VALUES ('26','0','5','','image/gif','forum.gif','forum.gif','1721','79','79','Forum','','','1176745122','1176745122','gn2','gn2','');
DROP TABLE IF EXISTS `rex_file_category`;
CREATE TABLE `rex_file_category` ( `id` int(11) NOT NULL  auto_increment, `name` varchar(255) NOT NULL  , `re_id` int(11) NOT NULL DEFAULT 0  , `path` varchar(255) NOT NULL  , `createdate` int(11) NOT NULL DEFAULT 0  , `updatedate` int(11) NOT NULL DEFAULT 0  , `createuser` varchar(255) NOT NULL  , `updateuser` varchar(255) NOT NULL  , `attributes` text NOT NULL  , `revision` int(11) NULL  , PRIMARY KEY (`id`,`name`)) TYPE=MyISAM;
INSERT INTO `rex_file_category` VALUES ('1','Layout - css','0','|','1174332637','1174922965','admin07','admin','','');
INSERT INTO `rex_file_category` VALUES ('2','Layout - images','0','|','1174922935','1174922954','admin','admin','','');
INSERT INTO `rex_file_category` VALUES ('3','Inhalt - images','0','|','1176638683','1176638683','gn2','gn2','','');
INSERT INTO `rex_file_category` VALUES ('4','Team','3','|3|','1176638698','1176638698','gn2','gn2','','');
INSERT INTO `rex_file_category` VALUES ('5','schritte','3','|3|','1176744700','1176744700','gn2','gn2','','');
DROP TABLE IF EXISTS `rex_help`;
CREATE TABLE `rex_help` ( `id` int(11) NOT NULL  auto_increment, `page` varchar(255) NOT NULL  , `name` varchar(255) NOT NULL  , `description` text NOT NULL  , `comment` text NOT NULL  , `lang` varchar(255) NOT NULL  , PRIMARY KEY (`id`)) TYPE=MyISAM;
DROP TABLE IF EXISTS `rex_module`;
CREATE TABLE `rex_module` ( `id` int(11) NOT NULL  auto_increment, `name` varchar(255) NOT NULL  , `category_id` int(11) NOT NULL DEFAULT 0  , `ausgabe` text NOT NULL  , `eingabe` text NOT NULL  , `createuser` varchar(255) NOT NULL  , `updateuser` varchar(255) NOT NULL  , `createdate` int(11) NOT NULL DEFAULT 0  , `updatedate` int(11) NOT NULL DEFAULT 0  , `attributes` text NOT NULL  , `revision` int(11) NULL  , PRIMARY KEY (`id`,`category_id`)) TYPE=MyISAM;
INSERT INTO `rex_module` VALUES ('1','01 - Text und/oder Bild [textile]','0','<?php\r\n\r\nif(OOAddon::isAvailable(\'textile\'))\r\n{\r\n\r\n//	Ausrichtung des Bildes \r\nif (\"REX_VALUE[9]\" == \"l\") $float = \"flLeft\";\r\nif (\"REX_VALUE[9]\" == \"r\") $float = \"flRight\";\r\n\r\n\r\n//	Wenn Bild eingefuegt wurde, Code schreiben \r\n$file = \"\";\r\nif (\"REX_MEDIA[1]\" != \"\") $file = \'<div class=\"image \'.$float.\'\"><img src=\"\'.$REX[\'HTDOCS_PATH\'].\'files/REX_MEDIA[1]\" title=\"\'.\"REX_VALUE[2]\".\'\" alt=\"\'.\"REX_VALUE[2]\".\'\" /><p>\'.\"REX_VALUE[3]\".\'</p></div>\';\r\n\r\n  $text = \'\';\r\n  if(REX_IS_VALUE[1])\r\n  {\r\n// Diese 3 Zeilen dürfen keine führenden Leerzeichen besitzen!\r\n$text =<<<EOD\r\nREX_HTML_VALUE[1]\r\nEOD;\r\n\r\n    $text = rex_a79_textile($text);\r\n  } \r\n  $text = str_replace(\"###\",\"&#x20;\",$text);\r\n\r\n\r\nprint $file.$text;\r\n\r\n}\r\nelse\r\n{\r\n  echo rex_warning(\'Dieses Modul benötigt das \"textile\" Addon!\');\r\n}\r\n\r\n?>','<?php\r\n//---MODULE BY----------------------\r\n//-- blumbeet - web.studio\r\n//-- Thomas Blum\r\n//-- www.blumbeet.com\r\n//----------------------------------\r\n\r\n\r\nif(OOAddon::isAvailable(\'textile\'))\r\n{\r\n\r\n?>\r\n\r\n<strong>Fliesstext</strong>:<br />\r\n<textarea name=\"VALUE[1]\" cols=\"80\" rows=\"10\" class=\"inp100\">REX_HTML_VALUE[1]</textarea>\r\n<br /><br />\r\n\r\n\r\n<strong>Artikelfoto</strong>:<br />\r\nREX_MEDIA_BUTTON[1]\r\n<?\r\nif (\"REX_FILE[1]\" != \"\") {\r\n        echo \"<br/><strong>Vorschau</strong>:<br/>\";\r\n	echo \"<img src=\".$REX[HTDOCS_PATH].\"/files/REX_FILE[1]><br />\";\r\n}\r\n\r\n?>\r\n\r\n<br/>\r\n<strong>Title des Fotos</strong>:<br />\r\n<input type=\"text\" name=\"VALUE[2]\" value=\"REX_VALUE[2]\" size=\"80\" class=\"inp100\" />\r\n<br /><br />\r\n\r\n<strong>Bildunterschrift</strong>:<br />\r\n<input type=\"text\" name=\"VALUE[3]\" value=\"REX_VALUE[3]\" size=\"80\" class=\"inp100\" />\r\n<br /><br />\r\n\r\n<strong>Ausrichtung des Artikelfotos</strong>:<br />\r\n<select name=\"VALUE[9]\" class=\"inp100\">\r\n	<option value=\'l\' <? if (\"REX_VALUE[9]\" == \'l\') echo \'selected\'; ?>>links vom Text</option>\r\n	<option value=\'r\' <? if (\"REX_VALUE[9]\" == \'r\') echo \'selected\'; ?>>rechts vom Text</option>\r\n</select><br />\r\n<br />\r\n<br />\r\n<?php \r\n\r\nrex_a79_help_overview(); \r\n\r\n}\r\nelse\r\n{\r\n  echo rex_warning(\'Dieses Modul benötigt das \"textile\" Addon!\');\r\n}\r\n\r\n?>','','admin','0','1188929078','','0');
INSERT INTO `rex_module` VALUES ('2','01 - Headline','0','<REX_VALUE[2]>REX_VALUE[1]</REX_VALUE[2]>','&Uuml;berschrift:<br />\r\n<input type=\"text\" size=\"50\" name=\"VALUE[1]\" value=\"REX_VALUE[1]\" />\r\n<select name=\"VALUE[2]\" >\r\n<?php\r\nforeach (array(\"h1\",\"h2\",\"h3\",\"h4\",\"h5\",\"h6\") as $value) {\r\n	echo \'<option value=\"\'.$value.\'\" \';\r\n	\r\n	if ( \"REX_VALUE[2]\"==\"$value\" ) {\r\n		echo \'selected=\"selected\" \';\r\n	}\r\n	echo \'>\'.$value.\'</option>\';\r\n}\r\n?>\r\n</select>','','admin','0','1168608522','','0');
INSERT INTO `rex_module` VALUES ('3','02 - Bild','0','<?\r\n\r\nif (\"REX_FILE[1]\" != \"\") {\r\n	print \'<img src=\"\'.$REX[\'HTDOCS_PATH\'].\'files/\'.\"REX_FILE[1]\".\'\" alt=\"\'.\"REX_VALUE[1]\".\'\" title=\"\'.\"REX_VALUE[1]\".\'\" />\';\r\n}\r\n?>','Titel des Bildes:<br /> \r\n<input type=text size=80 name=VALUE[1] value=\"REX_VALUE[1]\"><br /><br />\r\n\r\nREX_MEDIA_BUTTON[1]\r\n<?\r\n\r\nif (\"REX_FILE[1]\" != \"\") {\r\n	print \'<img src=\"\'.$REX[\'HTDOCS_PATH\'].\'files/\'.\"REX_FILE[1]\".\'\" alt=\"\'.\"REX_VALUE[1]\".\'\" title=\"\'.\"REX_VALUE[1]\".\'\" />\';\r\n}\r\n?>','','','0','0','','0');
INSERT INTO `rex_module` VALUES ('4','03 - Externer Link','0','<?php\r\nif (\"REX_VALUE[1]\" == \"\") {\r\n	print \'<p>REX_VALUE[2]</p>\';\r\n}\r\nelse {\r\n	print \'<p><a href=\"REX_VALUE[1]\" title=\"REX_VALUE[2]\" alt=\"REX_VALUE[2]\">REX_VALUE[2]</a></p>\';\r\n}\r\n\r\n?>','vollständige Url:<br /> \r\n<input type=text size=80 name=VALUE[1] value=\"REX_VALUE[1]\"><br /><br />\r\n\r\nLink Text der zu sehen ist:<br /> \r\n<input type=text size=80 name=VALUE[2] value=\"REX_VALUE[2]\"><br /><br />','','','0','0','','0');
INSERT INTO `rex_module` VALUES ('5','03 - Interner Link','0','<?php\r\n\r\nif (\"REX_LINK[1]\") {\r\n	print \'<p><a href=\"\'.\"REX_LINK[1]\".\'\" title=\"\'.\"REX_VALUE[1]\".\'\" alt=\"\'.\"REX_VALUE[1]\".\'\">\'.\"REX_VALUE[1]\".\'</a></p>\';\r\n}\r\n\r\n?>','interner Link:<br /> \r\nREX_LINK_BUTTON[1]<br /><br />\r\n\r\nLink Text der zu sehen ist:<br /> \r\n<input type=text size=80 name=VALUE[1] value=\"REX_VALUE[1]\"><br /><br />\r\n','','','0','0','','0');
INSERT INTO `rex_module` VALUES ('6','04 - Download','0','<?php\r\n\r\n$jahr_von = \'REX_VALUE[5]\';\r\n$monat_von = \'REX_VALUE[6]\';\r\n$tag_von = \'REX_VALUE[7]\';\r\n\r\n$jahr_bis = \'REX_VALUE[8]\';\r\n$monat_bis = \'REX_VALUE[9]\';\r\n$tag_bis = \'REX_VALUE[10]\';\r\n\r\nif ( $jahr_von != \'\'\r\n	AND $monat_von != \'\'\r\n	AND $tag_von != \'\'\r\n	AND $jahr_bis != \'\'\r\n	AND $monat_bis != \'\'\r\n	AND $tag_bis != \'\') {\r\n	\r\n	$von = mktime( 0, 0, 0, $monat_von, $tag_von, $jahr_von);\r\n	$bis = mktime( 23, 59, 0, $monat_bis, $tag_bis, $jahr_bis);\r\n	$jetzt = time();\r\n	\r\n	if( $jetzt >= $von && $jetzt <= $bis) {\r\n		if ($REX[\'REDAXO\'] != true) {\r\n	\r\n			if (!function_exists(\'Dateigroesse\')) {\r\n				function Dateigroesse($URL) {\r\n					$Groesse = filesize($URL);\r\n					if($Groesse<1000) {\r\n						return number_format($Groesse, 0, \",\", \".\").\" Bytes\";\r\n					}\r\n					elseif($Groesse<1000000) {\r\n						return number_format($Groesse/1024, 0, \",\", \".\").\" kB\";\r\n					}\r\n					else {\r\n						return number_format($Groesse/1048576, 0, \",\", \".\").\" MB\";\r\n					}\r\n				}\r\n			}\r\n	\r\n			if (!function_exists(\'parse_icon\')) {\r\n				function parse_icon($ext) {\r\n					switch (strtolower($ext)) {\r\n	\r\n					case \'doc\': return \'icon_doc.gif\';\r\n					case \'rtf\': return \'icon_doc.gif\';\r\n					case \'txt\': return \'icon_txt.gif\';\r\n					case \'xls\': return \'icon_xls.gif\';\r\n					case \'csv\': return \'icon_xls.gif\';\r\n					case \'ppt\': return \'icon_ppt.gif\';\r\n					case \'html\': return \'icon_html.gif\';\r\n					case \'htm\': return \'icon_html.gif\';\r\n					case \'php\': return \'icon_script.gif\';\r\n					case \'php3\': return \'icon_script.gif\';\r\n					case \'cgi\': return \'icon_script.gif\';\r\n					case \'pdf\': return \'icon_pdf.gif\';\r\n					case \'rar\': return \'icon_rar.gif\';\r\n					case \'zip\': return \'icon_zip.gif\';\r\n					case \'gz\': return \'icon_gz.gif\';\r\n					case \'jpg\': return \'icon_jpg.gif\';\r\n					case \'gif\': return \'icon_gif.gif\';\r\n					case \'png\': return \'icon_png.gif\';\r\n					case \'bmp\': return \'icon_image.gif\';\r\n					case \'tif\': return \'icon_image.gif\';\r\n					case \'exe\': return \'icon_binary.gif\';\r\n					case \'bin\': return \'icon_binary.gif\';\r\n					case \'avi\': return \'icon_mov.gif\';\r\n					case \'mpg\': return \'icon_mov.gif\';\r\n					case \'moc\': return \'icon_mov.gif\';\r\n					case \'asf\': return \'icon_mov.gif\';\r\n					case \'mp3\': return \'icon_sound.gif\';\r\n					case \'wav\': return \'icon_sound.gif\';\r\n					case \'org\': return \'icon_sound.gif\';\r\n				\r\n					default:\r\n					return \'icon_def.gif\';\r\n					}\r\n				}\r\n			}\r\n			$ext = substr(strrchr(\'REX_FILE[1]\', \'.\'), 1);\r\n			$parsed_icon = $REX[\'HTDOCS_PATH\'].\'/files/\'.parse_icon($ext);\r\n			$ooPic = OOMedia::getMediaByName (\'REX_FILE[1]\');\r\n			$fileDescription = $ooPic->getDescription();\r\n	\r\n			print \'\r\n				<div class=\"download-hdl\"><p>REX_VALUE[1]</p></div>\r\n				<div class=\"download-file\"><p><a href=\"\'.$REX[\'HTDOCS_PATH\'].\'files/REX_FILE[1]\" target=\"_blank\"><img src=\"\'.$parsed_icon.\'\" alt=\"Download\" /></a> REX_FILE[1] - \'.Dateigroesse($REX[\'HTDOCS_PATH\'].\"files/REX_FILE[1]\").\'</p></div>\';\r\n	\r\n			if ($fileDescription != \"\") { \r\n				print \'<div class=\"download-desc\"><p>\'.$fileDescription.\'</p></div>\';\r\n			}\r\n			else {\r\n				print \'<div class=\"download-without-desc\"> </div>\';\r\n			}\r\n		}\r\n		else {\r\n			print \"REX_VALUE[1]REX_VALUE[2]\";\r\n		}\r\n	} /* ende von if( $jetzt >= $von && $jetzt <= $bis)*/\r\n} \r\n?>','Bezeichnung des Download: \r\n<br><input type=text size=40 name=VALUE[1] value=\"REX_VALUE[1]\"><br /><br />\r\nREX_MEDIA_BUTTON[1]<br>\r\n<strong>Hinweis: Die Beschreibung des Downloads erfolgt im Medienpool!</strong><br />\r\n<br />\r\n<?php\r\n$jahr = date(\'Y\');\r\n$monat = date(\'m\');\r\n$tag = date(\'d\');\r\n\r\n$jahr_von_val = \'REX_VALUE[5]\';\r\n$monat_von_val = \'REX_VALUE[6]\';\r\n$tag_von_val = \'REX_VALUE[7]\';\r\n\r\n$jahr_bis_val = \'REX_VALUE[8]\';\r\n$monat_bis_val = \'REX_VALUE[9]\';\r\n$tag_bis_val = \'REX_VALUE[10]\';\r\n\r\nif ( empty($jahr_von_val)) $jahr_von_val = $jahr;\r\nif ( empty($monat_von_val)) $monat_von_val = $monat;\r\nif ( empty($tag_von_val)) $tag_von_val = $tag;\r\n\r\nif ( empty($jahr_bis_val)) $jahr_bis_val = $jahr +9;\r\nif ( empty($monat_bis_val)) $monat_bis_val = $monat;\r\nif ( empty($tag_bis_val)) $tag_bis_val = $tag;\r\n\r\n?>\r\nOnline von:<select name=\"VALUE[7]\" >\r\n<?php\r\nforeach (range(1,31) as $tag_von) {\r\n   echo \'<option value=\"\'.$tag_von.\'\" \';\r\n   \r\n   if ( $tag_von_val==$tag_von ) {\r\n      echo \'selected=\"selected\" \';\r\n   }\r\n   echo \'>\'.$tag_von.\'</option>\';\r\n}\r\n?>\r\n</select><select name=\"VALUE[6]\" >\r\n<?php\r\nforeach (range(1,12) as $monat_von) {\r\n   echo \'<option value=\"\'.$monat_von.\'\" \';\r\n   \r\n   if ( $monat_von_val==$monat_von ) {\r\n      echo \'selected=\"selected\" \';\r\n   }\r\n   echo \'>\'.$monat_von.\'</option>\';\r\n}\r\n?>\r\n\r\n</select>\r\n<select name=\"VALUE[5]\" >\r\n<?php\r\nforeach (range( $jahr,$jahr+9) as $jahr_von) {\r\n   echo \'<option value=\"\'.$jahr_von.\'\" \';\r\n   \r\n   if ( $jahr_von_val ==$jahr_von ) {\r\n      echo \'selected=\"selected\" \';\r\n   }\r\n   echo \'>\'.$jahr_von.\'</option>\';\r\n}\r\n?>\r\n\r\n</select><br /><br />\r\n\r\nOnline bis:<select name=\"VALUE[10]\" >\r\n<?php\r\nforeach (range(1,31) as $tag_bis) {\r\n   echo \'<option value=\"\'.$tag_bis.\'\" \';\r\n   \r\n   if ( $tag_bis_val==$tag_bis ) {\r\n      echo \'selected=\"selected\" \';\r\n   }\r\n   echo \'>\'.$tag_bis.\'</option>\';\r\n}\r\n?>\r\n</select><select name=\"VALUE[9]\" >\r\n<?php\r\nforeach (range(1,12) as $monat_bis) {\r\n   echo \'<option value=\"\'.$monat_bis.\'\" \';\r\n   \r\n   if ( $monat_bis_val==$monat_bis ) {\r\n      echo \'selected=\"selected\" \';\r\n   }\r\n   echo \'>\'.$monat_bis.\'</option>\';\r\n}\r\n?>\r\n\r\n</select>\r\n<select name=\"VALUE[8]\" >\r\n<?php\r\nforeach (range($jahr,$jahr+9) as $jahr_bis) {\r\n   echo \'<option value=\"\'.$jahr_bis.\'\" \';\r\n   \r\n   if ( $jahr_bis_val==$jahr_bis ) {\r\n      echo \'selected=\"selected\" \';\r\n   }\r\n   echo \'>\'.$jahr_bis.\'</option>\';\r\n}\r\n?>\r\n\r\n</select><br/><br/>\r\n\r\n<?php\r\n\r\nif ( $jahr_von_val != \'\'\r\n     && $monat_von_val != \'\'\r\n     && $tag_von_val != \'\'\r\n     && $jahr_bis_val != \'\'\r\n     && $monat_bis_val != \'\'\r\n     && $tag_bis_val != \'\') {\r\n  $von = mktime( 0, 0, 0, $monat_von_val, $tag_von_val, $jahr_von_val);\r\n  $bis  = mktime( 23, 59, 0, $monat_bis_val, $tag_bis_val, $jahr_bis_val);\r\n  $jetzt = time();\r\n\r\n  if( $jetzt >= $von && $jetzt <= $bis) {\r\n    $state = \'<span style=\"color: #00aa00;\">online</span>\';\r\n  } else {\r\n    $state = \'<span style=\"color: #aa0000;\">offline</span>\';\r\n  }\r\n\r\n  echo \'Download aufgrund der Datumseinstellungen \'.$state;\r\n} \r\n?>','','','0','0','','0');
INSERT INTO `rex_module` VALUES ('7','05 - Teaser','0','<?php\r\n\r\n$itemsPerSide = \"REX_VALUE[1]\";\r\n$wordsPerArticle = \"REX_VALUE[2]\";\r\n\r\n// Nur im Frontend\r\n//if (!$REX[\'REDAXO\']):\r\n\r\n// Sortierfunktion\r\nif (!function_exists(sortArticlesByUpdateDate)) {\r\n	function sortArticlesByUpdateDate( $artA, $artB) {\r\n		$createA = $artA->_updatedate;\r\n		$createB = $artB->_updatedate;\r\n\r\n		if ( $createA == $createB) {\r\n			return 0;\r\n		}\r\n\r\n		return $createA > $createB ? -1 : 1;\r\n	}\r\n}\r\n\r\n$start = !empty($_GET[\'start\']) ? (int) $_GET[\'start\'] : 0; // Startitem\r\n$offset = $itemsPerSide; // 10 Items pro Seite\r\n$cats = array( REX_CATEGORY_ID); // alle Kategorien die Du \"indizieren\" willst\r\n\r\n$articles = array();\r\n\r\nforeach ( $cats as $catId) {\r\n  $cat = OOCategory::getCategoryById( $catId);\r\n \r\n  // CatIds die nicht funktionieren aussortieren\r\n  if( $cat === null) {\r\n     continue;\r\n  }\r\n\r\n  $cat_articles = $cat->getArticles( true);\r\n\r\n  foreach ( $cat_articles as $ooarticle) {\r\n     // keine Startartikel anzeigen\r\n    if ( $ooarticle->isStartPage()) {\r\n       continue;\r\n     }\r\n\r\n     // Damit keine Endlosschleife passiert, den Artikel der die Pagination setzt überspringen\r\n     if ( $ooarticle->getId() == REX_ARTICLE_ID) {\r\n        continue;\r\n     }\r\n     $articles[] = $ooarticle;\r\n  }\r\n}\r\n\r\n$articles_length = count( $articles);\r\n\r\n// Sortieren nach Erstellungsdatum\r\nif ( $articles_length > 0) {\r\n\r\n   usort( $articles, \"sortArticlesByUpdateDate\");\r\n}\r\n\r\n$article_list = array_slice( $articles, $start, $offset);\r\n\r\nforeach ( $article_list as $ooarticle) {\r\n	\r\n	if ($ooarticle->isOnline(true)) {\r\n		$articleId = $ooarticle->getId();\r\n\r\n		$article = new rex_article();\r\n		$article->setArticleId( $articleId);\r\n		$articleContent = $article->getArticle();\r\n	\r\n		// Leerzeichen entfernen am Anfang und Ende des Strings\r\n		$articleContent = trim($articleContent);\r\n		\r\n		// Leerzeichen vor </p> einfuegen.\r\n		// Sonst wird das letzte Wort eines Absatzes und das erste Wort \r\n		// des nachfolgenden Absatzes als ein Wort erkannt\r\n		$articleContent = str_replace(\"</p>\", \" </p>\", $articleContent);\r\n		\r\n		// Leerzeichen vor <br /> einfuegen.\r\n		// Sonst wird das letzte Wort einer Zeile und das erste Wort \r\n		// des nachfolgenden Zeile als ein Wort erkannt\r\n		$articleContent = str_replace(\"<br />\", \" <br />\", $articleContent);\r\n		\r\n		$output = \"\";\r\n		$words = explode(\" \",$articleContent);\r\n		$wordsCount = count($words);\r\n	\r\n		if ($wordsCount < $wordsPerArticle) $wEnd = $wordsCount;\r\n		else  $wEnd = $wordsPerArticle;\r\n				\r\n		for ($w=0;$w<$wEnd;$w++) {\r\n			$output .= $words[$w].\" \";\r\n		}\r\n		\r\n		// Leerzeichen entfernen am Anfang und Ende des Strings	\r\n		$output = trim($output);\r\n	\r\n		$isCloseParagraph = substr($output,-4);\r\n		$link = \'<a href=\"\'.rex_getUrl($articleId).\'\">...mehr</a>\';\r\n		$newString = $link.\'</p>\';\r\n	\r\n	\r\n		if ($isCloseParagraph == \'</p>\') {\r\n			$output = substr_replace($output,$newString,-4);\r\n		}\r\n		else {\r\n			$output .= $newString;\r\n		}\r\n	\r\n		print \'<div class=\"teaser\">\'.$output.\'</div>\';\r\n	}\r\n}\r\n\r\n$prevStart = $start - $offset;\r\nif ( $prevStart < 0)\r\n{\r\n   $prevStart = \'\';\r\n}\r\n\r\n$nextStart = $start + $offset;\r\nif ( $nextStart >= $articles_length)\r\n{\r\n   $nextStart = \'\';\r\n}\r\n\r\n$link_format = \'<a href=\"index.php?article_id=REX_ARTICLE_ID&start=%s\">%s</a>\';\r\n\r\n// Vorherige Seite Link\r\nif ( $prevStart !== \'\') {\r\n  $backLink = sprintf( $link_format, $prevStart, \'<< vorherige Seite\');\r\n}\r\n\r\n// Nächste Seite\r\nif ( $nextStart !== \'\') {\r\n  $nextLink = sprintf( $link_format, $nextStart, \'n&auml;chste Seite >>\');\r\n}\r\n\r\nif ($backLink != \"\" AND $nextLink != \"\") {\r\n	print \'<div class=\"teaserNav\"><p>\'.$backLink.\'&nbsp;|&nbsp;\'.$nextLink.\'</p></div>\';\r\n}\r\nelseif ($nextLink != \"\") {\r\n	print \'<div class=\"teaserNav\"><p>\'.$nextLink.\'</p></div>\';\r\n}\r\nelseif ($backLink != \"\") {\r\n	print \'<div class=\"teaserNav\"><p>\'.$backLink.\'</p></div>\';\r\n}\r\n\r\n//endif;\r\n\r\n?>\r\n','<strong>Anzahl der Artikel pro Seite</strong><br />\r\n<input name=\"VALUE[1]\" value=\"REX_VALUE[1]\" class=\"inp100\" /><br />\r\n<br />\r\n<strong>Anzahl der Wörter pro Artikel</strong><br />\r\n<input name=\"VALUE[2]\" value=\"REX_VALUE[2]\" class=\"inp100\" /><br />','','','0','0','','0');
INSERT INTO `rex_module` VALUES ('9','05 - Articlelist','0','<?\r\n\r\n$cat = OOCategory::getCategoryById($this->getValue(\"category_id\"));\r\n$article = $cat->getArticles();\r\n\r\n\r\nif (is_array($article)) {\r\n	foreach ($article as $var) {\r\n\r\n	$articleId		= $var->getId();\r\n	$articleName		= $var->getName();\r\n	$articleDescription	= $var->getDescription();\r\n	\r\n		if ($var->getValue(_startpage) != 1) {\r\n			echo \'<div class=\"article-list\"><h2>\'.$articleName.\'</h2><p>\'.$articleDescription.\'</p><p><a href=\"\'.rex_getUrl($articleId).\'\">mehr >></a></p></div>\';\r\n		}\r\n	}\r\n}\r\n?>','','','','0','0','','0');
INSERT INTO `rex_module` VALUES ('10','05 - Categorylist','0','<?\r\n$cat = OOCategory::getCategoryById($this->getValue(category_id));\r\n$cats = $cat->getChildren();\r\n\r\nprint \'<ul>\';\r\nif (is_array($cats)) {\r\n	foreach ($cats as $cat) {\r\n\r\n	$catId			= $cat->getId();\r\n	$catName		= $cat->getName();\r\n	\r\n	print \'<li><a href=\"\'.rex_getUrl($catId).\'\">\'.$catName.\'</a></li>\';\r\n	}\r\n}\r\nprint \'</ul>\';\r\n?>','','','','0','0','','0');
INSERT INTO `rex_module` VALUES ('11','07 - sitemap','0','<?php\r\n\r\necho \'<ul class=\"sitemap1st\">\';\r\nforeach (OOCategory::getRootCategories() as $lev1):\r\n	$catId = $lev1->getId();\r\n\r\n	\r\n	if($lev1->isOnline()):\r\n	\r\n		$lev1Size = sizeof($lev1->getChildren());\r\n		\r\n		print \'<li><a href=\"\'.$lev1->getUrl().\'\">\'.$lev1->getName().\'</a>\';\r\n\r\n		$lev1Size = sizeof($lev1->getChildren());\r\n		if($lev1Size != \"0\"):\r\n			echo \'<ul class=\"sitemap2nd\">\';\r\n			foreach ($lev1->getChildren() as $lev2):\r\n\r\n				if ($lev2->isOnline()):\r\n					print \'<li><a href=\"\'.$lev2->getUrl().\'\">\'.$lev2->getName().\'</a></li>\';\r\n				endif;\r\n			endforeach;\r\n			echo \'</ul>\';\r\n		endif;\r\n		\r\n\r\n		echo \'</li>\';		\r\n	endif;\r\nendforeach;\r\necho \'</ul>\';\r\n\r\n?>','','','admin','0','1181206023','','0');
INSERT INTO `rex_module` VALUES ('12','tinymce','0','<?php\r\nif (REX_IS_VALUE[1])\r\n{\r\n  echo \'<div class=\"section\">\';\r\n  $content =<<<EOD\r\nREX_HTML_VALUE[1]\r\nEOD;\r\n\r\n  if ($REX[\'REDAXO\'])\r\n  {\r\n    $content=str_replace(\'src=\"files/\',\'src=\"../files/\',$content);\r\n    echo \'<link rel=\"stylesheet\" type=\"text/css\" href=\"../files/tinymce/content.css\" />\';\r\n  }\r\n  echo $content;\r\n  echo \'</div>\';\r\n}\r\n?>','<?php\r\n// Diese 3 Zeilen dürfen keine führenden Leerzeichen besitzen!\r\n$value1 =<<<TEXT\r\nREX_VALUE[1]\r\nTEXT;\r\n\r\n$editor1=new rexTiny2Editor();\r\n$editor1->id=1;\r\n$editor1->content=$value1;\r\n$editor1->editorCSS = \"../files/tinymce/content.css\";\r\n$editor1->disable=\"justifyleft,justifycenter,justifyright,justifyfull\";\r\n$editor1->buttons3=\"tablecontrols,separator,search,replace,separator,print\";\r\n$editor1->add_validhtml=\"img[myspecialtag]\";\r\n$editor1->show();\r\n\r\n// Diese 3 Zeilen dürfen keine führenden Leerzeichen besitzen!\r\n$value2 =<<<TEXT\r\nREX_VALUE[2]\r\nTEXT;\r\n\r\n$editor2=new rexTiny2Editor();\r\n$editor2->id=2;\r\n$editor2->content=$value2;\r\n$editor2->show();\r\n?>','admin','admin','1189534503','1189536524','','');
DROP TABLE IF EXISTS `rex_module_action`;
CREATE TABLE `rex_module_action` ( `id` int(11) NOT NULL  auto_increment, `module_id` int(11) NOT NULL DEFAULT 0  , `action_id` int(11) NOT NULL DEFAULT 0  , `revision` int(11) NULL  , PRIMARY KEY (`id`)) TYPE=MyISAM;
DROP TABLE IF EXISTS `rex_template`;
CREATE TABLE `rex_template` ( `id` int(11) NOT NULL  auto_increment, `label` varchar(255) NOT NULL  , `name` varchar(255) NOT NULL  , `content` text NOT NULL  , `active` tinyint(1) NOT NULL DEFAULT 0  , `createuser` varchar(255) NOT NULL  , `updateuser` varchar(255) NOT NULL  , `createdate` int(11) NOT NULL DEFAULT 0  , `updatedate` int(11) NOT NULL DEFAULT 0  , `attributes` text NOT NULL  , PRIMARY KEY (`id`)) TYPE=MyISAM;
INSERT INTO `rex_template` VALUES ('1','','default','<?php\r\n\r\n// Notices ausschalten\r\nerror_reporting(E_ALL ^ E_NOTICE); \r\n\r\n//	Setting\r\n////////////////////////////////////////////////////////////////////////////////\r\n\r\n// Navigation Startseite im vertikalen Block\r\n	if ($REX[\'START_ARTICLE_ID\'] == $this->getValue(\"article_id\")) {\r\n		$navTemplateId = \"3\";\r\n	} \r\n// Navigation Inhaltsseiten horizontal / vertikale	\r\n   else {\r\n		$navTemplateId = \"2\";\r\n   }\r\n\r\n/////////////////////////////////////////\r\n\r\n//	Code\r\n////////////////////////////////////////////////////////////////////////////////\r\n	$article = OOArticle::getArticleById($REX[\'START_ARTICLE_ID\'], $REX[\'CUR_CLANG\']);\r\n	$articleK = $article->getValue(\"_keywords\");\r\n	$articleD = $article->getDescription();\r\n	\r\n	\r\n        $navTemplate = new rex_template($navTemplateId);	\r\n        include $navTemplate->getFile();\r\n	\r\n	if($this->getValue(\"description\") != \"\") {\r\n		$meta_beschreibung = htmlspecialchars($this->getValue(\"description\"));\r\n	}\r\n	else {\r\n		$meta_beschreibung = htmlspecialchars($articleD);\r\n	}\r\n	\r\n	if($this->getValue(\"keywords\")!= \"\") {\r\n		$meta_suchbegriffe = htmlspecialchars($this->getValue(\"keywords\"));\r\n	} \r\n	else {\r\n		$meta_suchbegriffe = htmlspecialchars($articleK);\r\n	} \r\n?>\r\n\r\n<!DOCTYPE html PUBLIC \"-//W3C//DTD XHTML 1.0 Strict//EN\"\r\n	\"http://www.w3.org/TR/xhtml1/DTD/xhtml1-strict.dtd\">\r\n\r\n<html xmlns=\"http://www.w3.org/1999/xhtml\" xml:lang=\"de\" lang=\"de\">\r\n<head>\r\n	<meta http-equiv=\"Content-Type\" content=\"text/html; charset=iso-8859-1\"/>\r\n\r\n	<title><? print $REX[\'SERVERNAME\'].\' | \'.$this->getValue(\"name\"); ?></title>\r\n	<meta name=\"keywords\" content=\"<?php print $meta_suchbegriffe; ?>\" />\r\n	<meta name=\"description\" content=\"<?php print $meta_beschreibung; ?>\" />\r\n\r\n	<link rel=\"stylesheet\" type=\"text/css\" href=\"<? echo $REX[\'HTDOCS_PATH\'] ?>files/main.css\" media=\"screen\" />\r\n	<link rel=\"stylesheet\" type=\"text/css\" href=\"<? echo $REX[\'HTDOCS_PATH\'] ?>files/navigation.css\" media=\"screen\" />\r\n	<link rel=\"stylesheet\" type=\"text/css\" href=\"<? echo $REX[\'HTDOCS_PATH\'] ?>files/content.css\" media=\"screen\" />\r\n	\r\n	<?php \r\n	// Definierte Unterschiede Startseite - Inhaltsseiten\r\n		if ($REX[\'START_ARTICLE_ID\'] == $this->getValue(\"article_id\")) {\r\n			print \'<link rel=\"stylesheet\" type=\"text/css\" href=\"\'.$REX[\'HTDOCS_PATH\'].\'files/start.css\" media=\"screen\" />\';\r\n		} \r\n		else {\r\n			print \'<link rel=\"stylesheet\" type=\"text/css\" href=\"\'.$REX[\'HTDOCS_PATH\'].\'files/default.css\" media=\"screen\" />\';\r\n		}\r\n	?>\r\n	\r\n	<script type=\"text/javascript\" src=\"<? echo $REX[\'HTDOCS_PATH\'] ?>js/standard.js\"></script>\r\n	<script type=\"text/javascript\" src=\"<? echo $REX[\'HTDOCS_PATH\'] ?>js/flashdetect.js\"></script>\r\n</head>\r\n\r\n<body class=\"mainPage\">\r\n	<div>\r\n		<a name=\"top\" id=\"top\"></a>\r\n	</div>\r\n\r\n	<div id=\"site-content\">\r\n		<div id=\"column\">\r\n			\r\n			<!-- start header -->\r\n			<div id=\"header\">\r\n				<div id=\"logo\">\r\n					<a href=\"<? echo $REX[\'HTDOCS_PATH\'] ?>index.php\" title=\"Zur&uuml;ck zur Startseite\">REDAXO Demo</a>\r\n				</div>\r\n				<?php\r\n					if ($navHeader != \"\") {\r\n						print \'<div id=\"nav-header\">\'.$navHeader.\'</div>\';\r\n					}\r\n				?>\r\n			</div><!-- end header -->\r\n			\r\n			<!-- start content -->\r\n			<div id=\"content\">\r\n				<div id=\"main-content\">\r\n					<div id=\"nav\">\r\n					<?php print $navLeftCol; ?>\r\n						<p class=\"copy\">&copy; by <a href=\"http://www.redaxo.de\">REDAXO</a></p>\r\n\r\n						<div id=\"donate\">\r\n							<form action=\"https://www.paypal.com/cgi-bin/webscr\" method=\"post\">\r\n							<fieldset>\r\n							<input type=\"hidden\" name=\"cmd\" value=\"_s-xclick\" />\r\n							<input type=\"image\" src=\"<? echo $REX[\'HTDOCS_PATH\'] ?>files/donate_redaxo.gif\" name=\"submit\" alt=\"Zahlen Sie mit PayPal - schnell, kostenlos und sicher!\" />\r\n							<input type=\"hidden\" name=\"encrypted\" value=\"-----BEGIN PKCS7-----MIIHRwYJKoZIhvcNAQcEoIIHODCCBzQCAQExggEwMIIBLAIBADCBlDCBjjELMAkGA1UEBhMCVVMxCzAJBgNVBAgTAkNBMRYwFAYDVQQHEw1Nb3VudGFpbiBWaWV3MRQwEgYDVQQKEwtQYXlQYWwgSW5jLjETMBEGA1UECxQKbGl2ZV9jZXJ0czERMA8GA1UEAxQIbGl2ZV9hcGkxHDAaBgkqhkiG9w0BCQEWDXJlQHBheXBhbC5jb20CAQAwDQYJKoZIhvcNAQEBBQAEgYB71ZmjIeP0wwPwfg4zCzBguiEWSGjgGCVlllh7zS57yL1bS1oxzzEYp7MWaDI9KS28fBAdrCuQXa2Kfl0SejfqrJ7rqeZy4MBjZ9yOYnmAa4KcU541wK8f4zm5/+qz/NraH4MlqPMxgUPIevjjfjouniA+Y3h0zqjMzoAZwGpMozELMAkGBSsOAwIaBQAwgcQGCSqGSIb3DQEHATAUBggqhkiG9w0DBwQIQwOyoXba7HKAgaCVplS9zpW2AzaOd3O5DdloDkzeDonDYE2D3nQUDIhjDsqrLqYVmr779u+zsd6M+dMSlZM+CmSOXsNvr49Oj+7hxFGokVIupeIKcUahbAHSNKBJQBdnGvvmnpTIp/naRHBTEilihkIfD/hIiLDPmjKjB2fIoXenASAyKFIkdUtUYAvFZTbHdR213MUvQKpbX2kSE6gOyuWROIcRDqPqpxH8oIIDhzCCA4MwggLsoAMCAQICAQAwDQYJKoZIhvcNAQEFBQAwgY4xCzAJBgNVBAYTAlVTMQswCQYDVQQIEwJDQTEWMBQGA1UEBxMNTW91bnRhaW4gVmlldzEUMBIGA1UEChMLUGF5UGFsIEluYy4xEzARBgNVBAsUCmxpdmVfY2VydHMxETAPBgNVBAMUCGxpdmVfYXBpMRwwGgYJKoZIhvcNAQkBFg1yZUBwYXlwYWwuY29tMB4XDTA0MDIxMzEwMTMxNVoXDTM1MDIxMzEwMTMxNVowgY4xCzAJBgNVBAYTAlVTMQswCQYDVQQIEwJDQTEWMBQGA1UEBxMNTW91bnRhaW4gVmlldzEUMBIGA1UEChMLUGF5UGFsIEluYy4xEzARBgNVBAsUCmxpdmVfY2VydHMxETAPBgNVBAMUCGxpdmVfYXBpMRwwGgYJKoZIhvcNAQkBFg1yZUBwYXlwYWwuY29tMIGfMA0GCSqGSIb3DQEBAQUAA4GNADCBiQKBgQDBR07d/ETMS1ycjtkpkvjXZe9k+6CieLuLsPumsJ7QC1odNz3sJiCbs2wC0nLE0uLGaEtXynIgRqIddYCHx88pb5HTXv4SZeuv0Rqq4+axW9PLAAATU8w04qqjaSXgbGLP3NmohqM6bV9kZZwZLR/klDaQGo1u9uDb9lr4Yn+rBQIDAQABo4HuMIHrMB0GA1UdDgQWBBSWn3y7xm8XvVk/UtcKG+wQ1mSUazCBuwYDVR0jBIGzMIGwgBSWn3y7xm8XvVk/UtcKG+wQ1mSUa6GBlKSBkTCBjjELMAkGA1UEBhMCVVMxCzAJBgNVBAgTAkNBMRYwFAYDVQQHEw1Nb3VudGFpbiBWaWV3MRQwEgYDVQQKEwtQYXlQYWwgSW5jLjETMBEGA1UECxQKbGl2ZV9jZXJ0czERMA8GA1UEAxQIbGl2ZV9hcGkxHDAaBgkqhkiG9w0BCQEWDXJlQHBheXBhbC5jb22CAQAwDAYDVR0TBAUwAwEB/zANBgkqhkiG9w0BAQUFAAOBgQCBXzpWmoBa5e9fo6ujionW1hUhPkOBakTr3YCDjbYfvJEiv/2P+IobhOGJr85+XHhN0v4gUkEDI8r2/rNk1m0GA8HKddvTjyGw/XqXa+LSTlDYkqI8OwR8GEYj4efEtcRpRYBxV8KxAW93YDWzFGvruKnnLbDAF6VR5w/cCMn5hzGCAZowggGWAgEBMIGUMIGOMQswCQYDVQQGEwJVUzELMAkGA1UECBMCQ0ExFjAUBgNVBAcTDU1vdW50YWluIFZpZXcxFDASBgNVBAoTC1BheVBhbCBJbmMuMRMwEQYDVQQLFApsaXZlX2NlcnRzMREwDwYDVQQDFAhsaXZlX2FwaTEcMBoGCSqGSIb3DQEJARYNcmVAcGF5cGFsLmNvbQIBADAJBgUrDgMCGgUAoF0wGAYJKoZIhvcNAQkDMQsGCSqGSIb3DQEHATAcBgkqhkiG9w0BCQUxDxcNMDUwNjIxMTY1NDU0WjAjBgkqhkiG9w0BCQQxFgQU5P83YxShHKswnmlhCdsz6bbE39cwDQYJKoZIhvcNAQEBBQAEgYCdsrAxaMzgRLzp3vAZ2uSqUgtp3e324+Rzu8ek1kMB9fEpzWCwTGPKLsb7co/z4vz0V7IXuWVN8mjYMK6aF1u+7utKh21NvSfQzVw9BmlNjacPg1qTXKvJTDumWzxtgrjtEfQHZZav38eRePM+ZhnCvTvJgN84RzAKclAZg35UQw==-----END PKCS7-----\r\n							\" />\r\n							</fieldset>\r\n							</form>\r\n						</div>\r\n					</div>\r\n\r\n					<div id=\"main\">\r\n						<div id=\"main-block\">\r\n							<div id=\"main-teaser\">\r\n								Slogan: Einfach, flexibel, sinnvoll\r\n							</div>\r\n\r\n							<div id=\"main-content-block\">\r\n								<?php\r\n									print \'<p id=\"breadcrumb\">\'.$breadcrumb.\'</p>\';\r\n\r\n									print $this->getArticle();\r\n								?>\r\n							</div>\r\n						</div>\r\n					</div>\r\n					<br class=\"clear\" />\r\n				</div>\r\n			</div><!-- end content -->\r\n\r\n			<div id=\"footer\">\r\n				<p class=\"floatRight\">Redaxo CMS - SIMPLE DEMO | XHTML 1.0 Strict | pictures by <a href=\"http://www.photocase.com\">photocase.com</a></p>\r\n				\r\n				<br class=\"clear\" />\r\n			</div>\r\n		</div>\r\n	</div>\r\n</body>\r\n</html>\r\n','1','admin07','admin','1174332595','1189711390','a:1:{s:5:\"ctype\";a:0:{}}');
INSERT INTO `rex_template` VALUES ('2','','navigation - horizontal - vertical','<?php\r\n// EXPLODE PATH\r\n$PATH = explode(\"|\",$this->getValue(\"path\").$this->getValue(\"article_id\").\"|\");\r\n\r\n// GET CURRENTS\r\n$path1 = $PATH[1];\r\n$path2 = $PATH[2];\r\n$path3 = $PATH[3];\r\n\r\n\r\n/* START 1st level categories */\r\n$navHeader .= \'<ul>\';\r\n$navLeftCol .= \'<div id=\"navheight_horiz_vert\">\';\r\nforeach (OOCategory::getRootCategories() as $lev1) {\r\n		\r\n	if ($lev1->isOnline()):\r\n		if ($lev1->getId() == $path1) {\r\n			$navHeader .= \'<li><a class=\"current\" href=\"\'.$lev1->getUrl().\'\">\'.$lev1->getName().\'</a>\';\r\n			if ($lev1->getId() != \"1\") {\r\n				$sitePath .= \' &#8250;&#8250; <a href=\"\'.$lev1->getUrl().\'\">\'.$lev1->getName().\'</a>\';\r\n			}\r\n			$titlePath .= \' >> \'.$lev1->getName();\r\n		}\r\n		// 2nd level - no active link\r\n		else {\r\n			$navHeader .= \'<li><a href=\"\'.$lev1->getUrl().\'\">\'.$lev1->getName().\'</a>\';\r\n		}\r\n		\r\n			\r\n		// 1st level had categories? -> go on \r\n		$lev1Size = sizeof($lev1->getChildren());\r\n	\r\n		if ($lev1->getId() == $path1) {\r\n		if ($lev1Size != \"0\"):\r\n			$navLeftCol .= \'<ul class=\"nav1st\">\';\r\n			$navLeftCol .= \'<li>\'.$lev1->getName().\'</li>\';\r\n\r\n			$navLeftCol .= \'<ul class=\"nav2nd\">\';\r\n\r\n			// START 2nd level categories \r\n			foreach ($lev1->getChildren() as $lev2):\r\n						\r\n				if ($lev2->isOnline()):\r\n	\r\n				// 2nd level - active link\r\n					if ($lev2->getId() == $path2) {\r\n						$navLeftCol .= \'<li class=\"active\"><a href=\"\'.$lev2->getUrl().\'\">\'.$lev2->getName().\'</a></li>\';\r\n						$sitePath .= \' &#8250;&#8250; <a href=\"\'.$lev2->getUrl().\'\">\'.$lev2->getName().\'</a>\';\r\n						$titlePath .= \' >> \'.$lev2->getName();\r\n					}\r\n					// 2nd level - no active link\r\n					else {\r\n						$navLeftCol .= \'<li><a href=\"\'.$lev2->getUrl().\'\">\'.$lev2->getName().\'</a></li>\';\r\n					}\r\n			\r\n				endif;			\r\n				\r\n			endforeach;\r\n			// END 2nd level categories \r\n			$navLeftCol .= \'</ul>\';\r\n			$navLeftCol .= \'</ul>\';\r\n		endif; // END by if ($lev1Size != \"0\"):\r\n		}\r\n		$navHeader .= \'</li>\';\r\n\r\n	endif; // END by if ($lev1->isOnline()) \r\n}\r\n$navHeader .= \'</ul>\';\r\n$navLeftCol .= \'</div>\';\r\n// END 1st level categories \r\n\r\nif ($REX[\'CUR_CLANG\'] == 1) $breadcrumb = \'You are here: <a href=\"/index.php?clang=1\">Startpage</a> \'.$sitePath;\r\nelse $breadcrumb = \'Sie befinden sich hier: <a href=\"/index.php\">Startseite</a> \'.$sitePath;\r\n\r\n\r\n\r\n?>','0','admin07','admin07','1174333539','1174507994','');
INSERT INTO `rex_template` VALUES ('3','','navigation - vertical','<?php\r\n// EXPLODE PATH\r\n$PATH = explode(\"|\",$this->getValue(\"path\").$this->getValue(\"article_id\").\"|\");\r\n\r\n// GET CURRENTS\r\n$path1 = $PATH[1];\r\n$path2 = $PATH[2];\r\n$path3 = $PATH[3];\r\n\r\n\r\n/* START 1st level categories */\r\n$navLeftCol .= \'<div id=\"navheight_vert\">\';\r\n$navLeftCol .= \'<ul class=\"nav1st\">\';\r\nforeach (OOCategory::getRootCategories() as $lev1) {\r\n		\r\n	if ($lev1->isOnline()):\r\n		if ($lev1->getId() == $path1) {\r\n			$navLeftCol .= \'<li><a class=\"current\" href=\"\'.$lev1->getUrl().\'\">\'.$lev1->getName().\'</a></li>\';\r\n			if ($lev1->getId() != \"1\") {\r\n				$sitePath .= \' &#8250;&#8250; <a href=\"\'.$lev1->getUrl().\'\">\'.$lev1->getName().\'</a></li>\';\r\n			}\r\n			$titlePath .= \' >> \'.$lev1->getName();\r\n		}\r\n		// 1st level - no active link\r\n		else {\r\n			$navLeftCol .= \'<li><a href=\"\'.$lev1->getUrl().\'\">\'.$lev1->getName().\'</a></li>\';\r\n		}\r\n			\r\n		// 1st level had categories? -> go on \r\n		$lev1Size = sizeof($lev1->getChildren());\r\n		\r\n	if ($lev1->getId() == $path1) {\r\n		if ($lev1Size != \"0\"):\r\n			$navLeftCol .= \'<ul class=\"nav2nd\">\';\r\n\r\n\r\n			// START 2nd level categories \r\n			foreach ($lev1->getChildren() as $lev2):\r\n						\r\n				if ($lev2->isOnline()):\r\n	\r\n				// 2nd level - active link\r\n					if ($lev2->getId() == $path2) {\r\n						$navLeftCol .= \'<li class=\"active\"><a href=\"\'.$lev2->getUrl().\'\">\'.$lev2->getName().\'</a></li>\';\r\n						$sitePath .= \' &#8250;&#8250; <a href=\"\'.$lev2->getUrl().\'\">\'.$lev2->getName().\'</a>\';\r\n						$titlePath .= \' >> \'.$lev2->getName();\r\n					}\r\n					// 2nd level - no active link\r\n					else {\r\n						$navLeftCol .= \'<li><a href=\"\'.$lev2->getUrl().\'\">\'.$lev2->getName().\'</a></li>\';\r\n					}\r\n			\r\n				endif;			\r\n				\r\n			endforeach;\r\n			// END 2nd level categories \r\n		\r\n			$navLeftCol .= \'</ul>\';\r\n		endif; // END by if ($lev1Size != \"0\"):\r\n	\r\n	}\r\n	endif; // END by if ($lev1->isOnline()) \r\n}\r\n$navLeftCol .= \'</ul>\';\r\n$navLeftCol .= \'</div>\';\r\n// END 1st level categories \r\n\r\nif ($REX[\'CUR_CLANG\'] == 1) $breadcrumb = \'You are here: <a href=\"/index.php?clang=1\">Startpage</a> \'.$sitePath;\r\nelse $breadcrumb = \'Sie befinden sich hier: <a href=\"/index.php\">Startseite</a> \'.$sitePath;\r\n\r\n\r\n?>','0','admin07','admin07','1174490885','1174507785','');
