## Redaxo Database Dump Version 3.0 
DROP TABLE IF EXISTS rex_4_article;
CREATE TABLE rex_4_article ( id int(11) NULL DEFAULT 0  , clang int(11) NULL DEFAULT 0  , path varchar(255) NULL  , name varchar(255) NULL  , category varchar(255) NULL DEFAULT 0  , description text NULL  , artnr varchar(255) NULL  , mwst float NULL DEFAULT 0  , price float NULL DEFAULT 0  , detaildesc text NULL  , thumbnail varchar(255) NULL  , picture varchar(255) NULL  , prio int(11) NULL DEFAULT 0  , status int(11) NULL DEFAULT 0  )TYPE=MyISAM;
INSERT INTO rex_4_article VALUES ('1','0','','[leer]','|7|','','','0','0','<br />\r\n','','','0','0');
INSERT INTO rex_4_article VALUES ('1','2','','[leer]','|7|','','','0','0','<br />\r\n','','','0','0');
DROP TABLE IF EXISTS rex_5_article_comment;
CREATE TABLE rex_5_article_comment ( id int(11) NOT NULL  auto_increment, user_id int(11) NULL DEFAULT 0  , article_id int(11) NULL DEFAULT 0  , comment text NULL  , stamp int(11) NULL DEFAULT 0  , status tinyint(4) NULL DEFAULT 0  , PRIMARY KEY(id))TYPE=MyISAM;
DROP TABLE IF EXISTS rex_5_board;
CREATE TABLE rex_5_board ( message_id int(11) NOT NULL  auto_increment, re_message_id int(11) NULL DEFAULT 0  , board_id varchar(255) NULL  , user_id int(11) NULL DEFAULT 0  , replies int(11) NULL DEFAULT 0  , last_entry varchar(14) NULL  , subject varchar(255) NULL  , message text NULL  , stamp varchar(14) NULL  , status int(11) NULL DEFAULT 1  , anonymous_user varchar(50) NULL  , PRIMARY KEY(message_id))TYPE=MyISAM;
DROP TABLE IF EXISTS rex_5_session;
CREATE TABLE rex_5_session ( session varchar(50) NOT NULL  , user_id int(11) NULL DEFAULT 0  , name varchar(50) NULL  , stamp int(11) NULL DEFAULT 0  , PRIMARY KEY(session))TYPE=MyISAM;
DROP TABLE IF EXISTS rex_5_user;
CREATE TABLE rex_5_user ( id int(11) NOT NULL  auto_increment, login varchar(255) NULL  , psw varchar(255) NULL  , email varchar(255) NULL  , name varchar(255) NULL  , firstname varchar(255) NULL  , sex char(1) NULL  , singlestatus varchar(25) NULL DEFAULT 0  , street varchar(255) NULL  , zip varchar(5) NULL  , city varchar(255) NULL  , phone varchar(255) NULL  , fax varchar(255) NULL  , mobil varchar(255) NULL  , posx int(11) NULL DEFAULT 0  , posy int(11) NULL DEFAULT 0  , file varchar(255) NULL  , birthday varchar(14) NULL DEFAULT 0  , interests text NULL  , motto text NULL  , ilike text NULL  , aboutme text NULL  , size varchar(255) NULL  , wheight varchar(255) NULL  , color_eyes varchar(255) NULL  , color_hair varchar(255) NULL  , profession varchar(255) NULL  , homepage varchar(255) NULL  , newsletter tinyint(1) NULL DEFAULT 0  , check1 tinyint(1) NULL DEFAULT 0  , check2 tinyint(1) NULL DEFAULT 0  , check3 tinyint(1) NULL DEFAULT 0  , check4 tinyint(1) NULL DEFAULT 0  , amount_profile_viewed int(11) NULL DEFAULT 0  , amount_comments int(11) NULL DEFAULT 0  , amount_board_topics int(11) NULL DEFAULT 0  , amount_board_replies int(11) NULL DEFAULT 0  , amount_mail_inbox int(11) NULL DEFAULT 0  , amount_mail_outbox int(11) NULL DEFAULT 0  , showinfo tinyint(1) NULL DEFAULT 0  , first_login int(11) NULL DEFAULT 0  , last_login int(11) NULL DEFAULT 0  , last_action int(11) NULL DEFAULT 0  , stamp int(11) NULL DEFAULT 0  , status tinyint(4) NULL DEFAULT 1  , PRIMARY KEY(id))TYPE=MyISAM;
DROP TABLE IF EXISTS rex_5_user_comment;
CREATE TABLE rex_5_user_comment ( id int(11) NOT NULL  auto_increment, user_id int(11) NULL DEFAULT 0  , from_user_id int(11) NULL DEFAULT 0  , message text NULL  , stamp varchar(14) NULL  , status tinyint(1) NULL DEFAULT 0  , PRIMARY KEY(id))TYPE=MyISAM;
DROP TABLE IF EXISTS rex_5_user_mail;
CREATE TABLE rex_5_user_mail ( id int(11) NOT NULL  auto_increment, user_id int(11) NULL DEFAULT 0  , from_user_id int(11) NULL DEFAULT 0  , message text NULL  , stamp varchar(14) NULL  , status tinyint(1) NULL DEFAULT 0  , PRIMARY KEY(id))TYPE=MyISAM;
DROP TABLE IF EXISTS rex__gbook;
CREATE TABLE rex__gbook ( id int(10) unsigned NOT NULL  auto_increment, author varchar(255) NULL  , message text NULL  , url varchar(255) NULL  , email varchar(255) NULL  , created timestamp(14) NULL  , PRIMARY KEY(id))TYPE=MyISAM;
DROP TABLE IF EXISTS rex_action;
CREATE TABLE rex_action ( id int(11) NOT NULL  auto_increment, name varchar(255) NULL  , action text NULL  , prepost tinyint(4) NULL DEFAULT 0  , sadd tinyint(4) NULL DEFAULT 0  , sedit tinyint(4) NULL DEFAULT 0  , sdelete tinyint(4) NULL DEFAULT 0  , PRIMARY KEY(id))TYPE=MyISAM;
DROP TABLE IF EXISTS rex_article;
CREATE TABLE rex_article ( pid int(11) NOT NULL  auto_increment, id int(11) NULL DEFAULT 0  , re_id int(11) NULL DEFAULT 0  , name varchar(255) NULL  , catname varchar(255) NULL  , cattype int(11) NULL DEFAULT 0  , catprior int(11) NULL DEFAULT 0  , alias varchar(255) NULL  , description text NULL  , attribute text NULL  , file text NULL  , type_id int(11) NULL DEFAULT 0  , teaser tinyint(4) NULL DEFAULT 0  , startpage tinyint(1) NULL DEFAULT 0  , prior int(11) NULL DEFAULT 0  , path varchar(255) NULL  , status tinyint(1) NULL DEFAULT 0  , online_from int(11) NULL DEFAULT 0  , online_to int(11) NULL DEFAULT 0  , createdate int(11) NULL DEFAULT 0  , updatedate int(11) NULL DEFAULT 0  , keywords text NULL  , template_id int(5) NULL DEFAULT 0  , clang int(11) NULL DEFAULT 0  , createuser varchar(255) NULL  , updateuser varchar(255) NULL  , fe_user text NULL  , fe_group text NULL  , fe_ext text NULL  , PRIMARY KEY(pid))TYPE=MyISAM;
INSERT INTO rex_article VALUES ('1','1','0','home','home','0','1','','','','','0','0','1','1','|','1','1117036984','1262300400','1117036984','1117558481','','1','0','jan','jan','','','');
INSERT INTO rex_article VALUES ('2','1','0','home','home','0','1','','','','','0','0','1','1','|','1','1117036984','1262300400','1117036984','1117558486','','1','2','jan','jan','','','');
INSERT INTO rex_article VALUES ('3','2','0','produkte','produkte','0','2','','','','','0','0','1','1','|','1','1117036987','1262300400','1117036987','1117558243','','1','0','jan','jan','','','');
INSERT INTO rex_article VALUES ('4','2','0','products','products','0','2','','','','','0','0','1','1','|','1','1117036987','1262300400','1117036987','1117558269','','1','2','jan','jan','','','');
INSERT INTO rex_article VALUES ('5','3','0','neuigkeiten','neuigkeiten','0','3','','','','','0','0','1','1','|','1','1117036991','1262300400','1117036991','1117558294','','1','0','jan','jan','','','');
INSERT INTO rex_article VALUES ('6','3','0','news','news','0','3','','','','','0','0','1','1','|','1','1117036991','1262300400','1117036991','1117558287','','1','2','jan','jan','','','');
INSERT INTO rex_article VALUES ('7','4','0','sitemap','sitemap','0','6','','','','','0','0','1','1','|','1','1117557252','1262300400','1117557252','1117559707','','1','0','jan','jan','','','');
INSERT INTO rex_article VALUES ('8','4','0','sitemap','sitemap','0','6','','','','','0','0','1','1','|','1','1117557252','1262300400','1117557252','1117559828','','1','2','jan','jan','','','');
INSERT INTO rex_article VALUES ('9','5','0','kontakt','kontakt','0','5','','','','','0','0','1','1','|','1','1117557259','1262300400','1117557259','1117558301','','1','0','jan','jan','','','');
INSERT INTO rex_article VALUES ('10','5','0','kontakt','contact','0','5','','','','','0','0','1','1','|','1','1117557259','1262300400','1117557259','1117558304','','1','2','jan','jan','','','');
INSERT INTO rex_article VALUES ('11','6','0','impressum','impressum','0','7','','','','','0','0','1','1','|','1','1117557268','1262300400','1117557268','1117558324','','1','0','jan','jan','','','');
INSERT INTO rex_article VALUES ('12','6','0','impressum','inprint','0','7','','','','','0','0','1','1','|','1','1117557268','1262300400','1117557268','1117558321','','1','2','jan','jan','','','');
INSERT INTO rex_article VALUES ('13','7','2','Produkte A','Produkte A','0','1','','','','','0','0','1','1','|2|','1','1117557867','1262300400','1117557867','1117558250','','1','0','jan','jan','','','');
INSERT INTO rex_article VALUES ('14','7','2','Produkte A','Products A','0','1','','','','','0','0','1','1','|2|','1','1117557867','1262300400','1117557867','1117558275','','1','2','jan','jan','','','');
INSERT INTO rex_article VALUES ('15','1','0','home','home','0','1','','','','','0','0','1','1','|','1','1117036984','1262300400','1117036984','1117558481','','1','5','jan','jan','','','');
INSERT INTO rex_article VALUES ('16','2','0','produkte','produkti','0','2','','','','','0','0','1','1','|','1','1117036987','1262300400','1117036987','1117558776','','1','5','jan','jan','','','');
INSERT INTO rex_article VALUES ('17','3','0','neuigkeiten','uusi','0','3','','','','','0','0','1','1','|','1','1117036991','1262300400','1117036991','1117558783','','1','5','jan','jan','','','');
INSERT INTO rex_article VALUES ('18','4','0','sitemap','sitemap','0','6','','','','','0','0','1','1','|','1','1117557252','1262300400','1117557252','1117559843','','1','5','jan','jan','','','');
INSERT INTO rex_article VALUES ('19','5','0','kontakt','kontakti','0','5','','','','','0','0','1','1','|','1','1117557259','1262300400','1117557259','1117558788','','1','5','jan','jan','','','');
INSERT INTO rex_article VALUES ('20','6','0','impressum','impressum','0','7','','','','','0','0','1','1','|','1','1117557268','1262300400','1117557268','1117558324','','1','5','jan','jan','','','');
INSERT INTO rex_article VALUES ('21','7','2','Produkte A','Produkte A','0','1','','','','','0','0','1','1','|2|','1','1117557867','1262300400','1117557867','1117558250','','1','5','jan','jan','','','');
INSERT INTO rex_article VALUES ('22','8','2','Produkte B','Produkte B','0','2','','','','','0','0','1','1','|2|','1','1117559724','1262300400','1117559724','1117559724','','1','0','jan','jan','','','');
INSERT INTO rex_article VALUES ('23','8','2','Produkte B','Produkte B','0','2','','','','','0','0','1','1','|2|','1','1117559724','1262300400','1117559724','1117559724','','1','2','jan','jan','','','');
INSERT INTO rex_article VALUES ('24','8','2','Produkte B','Produkte B','0','2','','','','','0','0','1','1','|2|','1','1117559724','1262300400','1117559724','1117559724','','1','5','jan','jan','','','');
INSERT INTO rex_article VALUES ('25','9','2','Produkte C','Produkte C','0','3','','','','','0','0','1','1','|2|','1','1117559751','1262300400','1117559751','1117559751','','1','0','jan','jan','','','');
INSERT INTO rex_article VALUES ('26','9','2','Produkte C','Produkte C','0','3','','','','','0','0','1','1','|2|','1','1117559751','1262300400','1117559751','1117559751','','1','2','jan','jan','','','');
INSERT INTO rex_article VALUES ('27','9','2','Produkte C','Produkte C','0','3','','','','','0','0','1','1','|2|','1','1117559751','1262300400','1117559751','1117559751','','1','5','jan','jan','','','');
INSERT INTO rex_article VALUES ('28','10','3','Pressenews','Pressenews','0','1','','','','','0','0','1','1','|3|','1','1117559775','1262300400','1117559775','1117559775','','1','0','jan','jan','','','');
INSERT INTO rex_article VALUES ('29','10','3','Pressenews','Pressenews','0','1','','','','','0','0','1','1','|3|','1','1117559775','1262300400','1117559775','1117559775','','1','2','jan','jan','','','');
INSERT INTO rex_article VALUES ('30','10','3','Pressenews','Pressenews','0','1','','','','','0','0','1','1','|3|','1','1117559775','1262300400','1117559775','1117559775','','1','5','jan','jan','','','');
INSERT INTO rex_article VALUES ('31','11','3','Firmeninfos','Firmeninfos','0','2','','','','','0','0','1','1','|3|','1','1117559782','1262300400','1117559782','1117559782','','1','0','jan','jan','','','');
INSERT INTO rex_article VALUES ('32','11','3','Firmeninfos','Firmeninfos','0','2','','','','','0','0','1','1','|3|','1','1117559782','1262300400','1117559782','1117559782','','1','2','jan','jan','','','');
INSERT INTO rex_article VALUES ('33','11','3','Firmeninfos','Firmeninfos','0','2','','','','','0','0','1','1','|3|','1','1117559782','1262300400','1117559782','1117559782','','1','5','jan','jan','','','');
INSERT INTO rex_article VALUES ('34','12','5','Geschäftsführung','Geschäftsführung','0','1','','','','','0','0','1','1','|5|','1','1117559799','1262300400','1117559799','1117559799','','1','0','jan','jan','','','');
INSERT INTO rex_article VALUES ('35','12','5','Geschäftsführung','Geschäftsführung','0','1','','','','','0','0','1','1','|5|','1','1117559799','1262300400','1117559799','1117559799','','1','2','jan','jan','','','');
INSERT INTO rex_article VALUES ('36','12','5','Geschäftsführung','Geschäftsführung','0','1','','','','','0','0','1','1','|5|','1','1117559799','1262300400','1117559799','1117559799','','1','5','jan','jan','','','');
DROP TABLE IF EXISTS rex_article_slice;
CREATE TABLE rex_article_slice ( id int(11) NOT NULL  auto_increment, clang int(11) NULL DEFAULT 0  , ctype int(11) NULL DEFAULT 0  , re_article_slice_id int(11) NOT NULL DEFAULT 0  , value1 text NULL  , value2 text NULL  , value3 text NULL  , value4 text NULL  , value5 text NULL  , value6 text NULL  , value7 text NULL  , value8 text NULL  , value9 text NULL  , value10 text NULL  , value11 text NULL  , value12 text NULL  , value13 text NULL  , value14 text NULL  , value15 text NULL  , value16 text NULL  , value17 text NULL  , value18 text NULL  , value19 text NULL  , value20 text NULL  , file1 varchar(255) NULL  , file2 varchar(255) NULL  , file3 varchar(255) NULL  , file4 varchar(255) NULL  , file5 varchar(255) NULL  , file6 varchar(255) NULL  , file7 varchar(255) NULL  , file8 varchar(255) NULL  , file9 varchar(255) NULL  , file10 varchar(255) NULL  , filelist1 text NULL  , filelist2 text NULL  , filelist3 text NULL  , filelist4 text NULL  , filelist5 text NULL  , filelist6 text NULL  , filelist7 text NULL  , filelist8 text NULL  , filelist9 text NULL  , filelist10 text NULL  , link1 int(11) NULL DEFAULT 0  , link2 int(11) NULL DEFAULT 0  , link3 int(11) NULL DEFAULT 0  , link4 int(11) NULL DEFAULT 0  , link5 int(11) NULL DEFAULT 0  , link6 int(11) NULL DEFAULT 0  , link7 int(11) NULL DEFAULT 0  , link8 int(11) NULL DEFAULT 0  , link9 int(11) NULL DEFAULT 0  , link10 int(11) NULL DEFAULT 0  , linklist1 text NULL  , linklist2 text NULL  , linklist3 text NULL  , linklist4 text NULL  , linklist5 text NULL  , linklist6 text NULL  , linklist7 text NULL  , linklist8 text NULL  , linklist9 text NULL  , linklist10 text NULL  , php text NULL  , html text NULL  , article_id int(11) NOT NULL DEFAULT 0  , modultyp_id int(5) NOT NULL DEFAULT 0  , createdate int(11) NULL DEFAULT 0  , updatedate int(11) NULL DEFAULT 0  , createuser varchar(255) NULL  , updateuser varchar(255) NULL  , PRIMARY KEY(id,re_article_slice_id,article_id,modultyp_id))TYPE=MyISAM;
INSERT INTO rex_article_slice VALUES ('1','0','0','0','','','','','','','','','','','','','','','','','','','','','','','','','','','','','','','','','','','','','','','','','0','0','0','0','0','0','0','0','0','0','','','','','','','','','','','<?php\r\n\r\n// erst ebene ul starten\r\necho \'<ul class=\"nav1st\">\';\r\n\r\n/* START 1st level categories */\r\nforeach (OOCategory::getRootCategories() as $lev1):\r\n	\r\n	$lev1->setClang($REX[CUR_CLANG]);\r\n	\r\n	if ($lev1->isOnline()):\r\n	\r\n		if ($lev1->getId() == $path1)\r\n		{\r\n			/* 1st level - active link */\r\n			echo \'<li class=\"active\"><a href=\"\'.$lev1->getUrl().\'\">\'.$lev1->getName().\'</a>\';\r\n		}else\r\n		{\r\n			/* 1st level - no active link */\r\n			echo \'<li><a href=\"\'.$lev1->getUrl().\'\">\'.$lev1->getName().\'</a>\';\r\n		}\r\n		\r\n		/* 1st level had categories? -> go on */\r\n		$lev1Size = sizeof($lev1->getChildren());\r\n		\r\n		if($lev1Size != \"0\"): \r\n\r\n			echo \'<ul class=\"nav2nd\">\';\r\n\r\n			/* START 2nd level categories */\r\n			foreach ($lev1->getChildren() as $lev2):\r\n\r\n				if ($lev2->isOnline()):\r\n	\r\n					if ($lev2->getId() == $path2)\r\n					{\r\n						/* 2nd level - active link */\r\n						echo \'<li class=\"active\"><a class=\"current\" href=\"\'.$lev2->getUrl().\'\">\'.$lev2->getName().\'</a>\';\r\n					}else\r\n					{\r\n						/* 2nd level - no active link */\r\n						echo \'<li><a href=\"\'.$lev2->getUrl().\'\">\'.$lev2->getName().\'</a>\';\r\n					}\r\n					\r\n					/* 2nd level had categories? -> go on */\r\n					$lev2Size = sizeof($lev2->getChildren());\r\n			\r\n					if($lev2Size != \"0\"):\r\n						echo \'<ul class=\"nav3rd\">\';\r\n					\r\n						/* START 3rd level categories */\r\n						foreach ($lev2->getChildren() as $lev3):\r\n							if ($lev3->isOnline()):\r\n								if ($lev3->getId() == $path3)\r\n								{\r\n									/* 3rd level - active link */\r\n									echo \'<li class=\"active\"><a class=\"current\" href=\"\'.$lev3->getUrl().\'\">\'.$lev3->getName().\'</a></li>\';\r\n								}else\r\n								{\r\n									/* 3rd level - no active link */\r\n									echo \'<li><a href=\"\'.$lev3->getUrl().\'\">\'.$lev3->getName().\'</a></li>\';\r\n								}\r\n							endif;\r\n						endforeach;\r\n						/* END 3rd level categories */\r\n			\r\n						echo \'</ul>\';\r\n					endif;\r\n\r\n					echo \'</li>\';\r\n				endif;\r\n			\r\n			endforeach;\r\n			/* END 2nd level categories */\r\n			\r\n			echo \'</ul>\';\r\n		endif;\r\n\r\n		echo \'</li>\';\r\n	endif;\r\nendforeach;\r\n/* END 1st level categories */\r\n\r\necho \'</ul>\';\r\n?>','','4','1','1117559707','1117559707','jan','jan');
INSERT INTO rex_article_slice VALUES ('2','2','0','0','','','','','','','','','','','','','','','','','','','','','','','','','','','','','','','','','','','','','','','','','0','0','0','0','0','0','0','0','0','0','','','','','','','','','','','<?php\r\n\r\n// erst ebene ul starten\r\necho \'<ul class=\"nav1st\">\';\r\n\r\n/* START 1st level categories */\r\nforeach (OOCategory::getRootCategories() as $lev1):\r\n	\r\n	$lev1->setClang($REX[CUR_CLANG]);\r\n	\r\n	if ($lev1->isOnline()):\r\n	\r\n		if ($lev1->getId() == $path1)\r\n		{\r\n			/* 1st level - active link */\r\n			echo \'<li class=\"active\"><a href=\"\'.$lev1->getUrl().\'\">\'.$lev1->getName().\'</a>\';\r\n		}else\r\n		{\r\n			/* 1st level - no active link */\r\n			echo \'<li><a href=\"\'.$lev1->getUrl().\'\">\'.$lev1->getName().\'</a>\';\r\n		}\r\n		\r\n		/* 1st level had categories? -> go on */\r\n		$lev1Size = sizeof($lev1->getChildren());\r\n		\r\n		if($lev1Size != \"0\"): \r\n\r\n			echo \'<ul class=\"nav2nd\">\';\r\n\r\n			/* START 2nd level categories */\r\n			foreach ($lev1->getChildren() as $lev2):\r\n\r\n				if ($lev2->isOnline()):\r\n	\r\n					if ($lev2->getId() == $path2)\r\n					{\r\n						/* 2nd level - active link */\r\n						echo \'<li class=\"active\"><a class=\"current\" href=\"\'.$lev2->getUrl().\'\">\'.$lev2->getName().\'</a>\';\r\n					}else\r\n					{\r\n						/* 2nd level - no active link */\r\n						echo \'<li><a href=\"\'.$lev2->getUrl().\'\">\'.$lev2->getName().\'</a>\';\r\n					}\r\n					\r\n					/* 2nd level had categories? -> go on */\r\n					$lev2Size = sizeof($lev2->getChildren());\r\n			\r\n					if($lev2Size != \"0\"):\r\n						echo \'<ul class=\"nav3rd\">\';\r\n					\r\n						/* START 3rd level categories */\r\n						foreach ($lev2->getChildren() as $lev3):\r\n							if ($lev3->isOnline()):\r\n								if ($lev3->getId() == $path3)\r\n								{\r\n									/* 3rd level - active link */\r\n									echo \'<li class=\"active\"><a class=\"current\" href=\"\'.$lev3->getUrl().\'\">\'.$lev3->getName().\'</a></li>\';\r\n								}else\r\n								{\r\n									/* 3rd level - no active link */\r\n									echo \'<li><a href=\"\'.$lev3->getUrl().\'\">\'.$lev3->getName().\'</a></li>\';\r\n								}\r\n							endif;\r\n						endforeach;\r\n						/* END 3rd level categories */\r\n			\r\n						echo \'</ul>\';\r\n					endif;\r\n\r\n					echo \'</li>\';\r\n				endif;\r\n			\r\n			endforeach;\r\n			/* END 2nd level categories */\r\n			\r\n			echo \'</ul>\';\r\n		endif;\r\n\r\n		echo \'</li>\';\r\n	endif;\r\nendforeach;\r\n/* END 1st level categories */\r\n\r\necho \'</ul>\';\r\n?>','','4','1','1117559828','1117559828','jan','jan');
INSERT INTO rex_article_slice VALUES ('3','5','0','0','','','','','','','','','','','','','','','','','','','','','','','','','','','','','','','','','','','','','','','','','0','0','0','0','0','0','0','0','0','0','','','','','','','','','','','<?php\r\n\r\n// erst ebene ul starten\r\necho \'<ul class=\"nav1st\">\';\r\n\r\n/* START 1st level categories */\r\nforeach (OOCategory::getRootCategories() as $lev1):\r\n	\r\n	$lev1->setClang($REX[CUR_CLANG]);\r\n	\r\n	if ($lev1->isOnline()):\r\n	\r\n		if ($lev1->getId() == $path1)\r\n		{\r\n			/* 1st level - active link */\r\n			echo \'<li class=\"active\"><a href=\"\'.$lev1->getUrl().\'\">\'.$lev1->getName().\'</a>\';\r\n		}else\r\n		{\r\n			/* 1st level - no active link */\r\n			echo \'<li><a href=\"\'.$lev1->getUrl().\'\">\'.$lev1->getName().\'</a>\';\r\n		}\r\n		\r\n		/* 1st level had categories? -> go on */\r\n		$lev1Size = sizeof($lev1->getChildren());\r\n		\r\n		if($lev1Size != \"0\"): \r\n\r\n			echo \'<ul class=\"nav2nd\">\';\r\n\r\n			/* START 2nd level categories */\r\n			foreach ($lev1->getChildren() as $lev2):\r\n\r\n				if ($lev2->isOnline()):\r\n	\r\n					if ($lev2->getId() == $path2)\r\n					{\r\n						/* 2nd level - active link */\r\n						echo \'<li class=\"active\"><a class=\"current\" href=\"\'.$lev2->getUrl().\'\">\'.$lev2->getName().\'</a>\';\r\n					}else\r\n					{\r\n						/* 2nd level - no active link */\r\n						echo \'<li><a href=\"\'.$lev2->getUrl().\'\">\'.$lev2->getName().\'</a>\';\r\n					}\r\n					\r\n					/* 2nd level had categories? -> go on */\r\n					$lev2Size = sizeof($lev2->getChildren());\r\n			\r\n					if($lev2Size != \"0\"):\r\n						echo \'<ul class=\"nav3rd\">\';\r\n					\r\n						/* START 3rd level categories */\r\n						foreach ($lev2->getChildren() as $lev3):\r\n							if ($lev3->isOnline()):\r\n								if ($lev3->getId() == $path3)\r\n								{\r\n									/* 3rd level - active link */\r\n									echo \'<li class=\"active\"><a class=\"current\" href=\"\'.$lev3->getUrl().\'\">\'.$lev3->getName().\'</a></li>\';\r\n								}else\r\n								{\r\n									/* 3rd level - no active link */\r\n									echo \'<li><a href=\"\'.$lev3->getUrl().\'\">\'.$lev3->getName().\'</a></li>\';\r\n								}\r\n							endif;\r\n						endforeach;\r\n						/* END 3rd level categories */\r\n			\r\n						echo \'</ul>\';\r\n					endif;\r\n\r\n					echo \'</li>\';\r\n				endif;\r\n			\r\n			endforeach;\r\n			/* END 2nd level categories */\r\n			\r\n			echo \'</ul>\';\r\n		endif;\r\n\r\n		echo \'</li>\';\r\n	endif;\r\nendforeach;\r\n/* END 1st level categories */\r\n\r\necho \'</ul>\';\r\n?>','','4','1','1117559843','1117559843','jan','jan');
DROP TABLE IF EXISTS rex_article_type;
CREATE TABLE rex_article_type ( type_id int(11) NOT NULL  auto_increment, name varchar(255) NULL  , description text NULL  , PRIMARY KEY(type_id))TYPE=MyISAM;
INSERT INTO rex_article_type VALUES ('1','Standard','Zugriff für alle');
DROP TABLE IF EXISTS rex_clang;
CREATE TABLE rex_clang ( id int(11) NOT NULL DEFAULT 0  , name varchar(255) NULL  , PRIMARY KEY(id))TYPE=MyISAM;
INSERT INTO rex_clang VALUES ('0','deutsch');
INSERT INTO rex_clang VALUES ('2','english');
INSERT INTO rex_clang VALUES ('5','finnisch');
DROP TABLE IF EXISTS rex_file;
CREATE TABLE rex_file ( file_id int(11) NOT NULL  auto_increment, re_file_id int(11) NULL DEFAULT 0  , category_id int(11) NULL DEFAULT 0  , filetype varchar(255) NULL  , filename varchar(255) NULL  , originalname varchar(255) NULL  , filesize varchar(255) NULL  , width int(11) NULL DEFAULT 0  , height int(11) NULL DEFAULT 0  , title varchar(255) NULL  , description text NULL  , copyright varchar(255) NULL  , createdate int(11) NULL DEFAULT 0  , updatedate int(11) NULL DEFAULT 0  , createuser varchar(255) NULL  , updateuser varchar(255) NULL  , PRIMARY KEY(file_id))TYPE=MyISAM;
DROP TABLE IF EXISTS rex_file_category;
CREATE TABLE rex_file_category ( id int(11) NOT NULL  auto_increment, name varchar(255) NULL  , re_id int(11) NULL DEFAULT 0  , path varchar(255) NULL  , hide tinyint(4) NULL DEFAULT 0  , createdate int(11) NULL DEFAULT 0  , updatedate int(11) NULL DEFAULT 0  , createuser varchar(255) NULL  , updateuser varchar(255) NULL  , PRIMARY KEY(id))TYPE=MyISAM;
INSERT INTO rex_file_category VALUES ('1','test','0','|','0','1117215439','1117215439','jan','jan');
INSERT INTO rex_file_category VALUES ('2','mytest','0','|','0','1117215446','1117215446','jan','jan');
DROP TABLE IF EXISTS rex_help;
CREATE TABLE rex_help ( id int(11) NOT NULL  auto_increment, page varchar(255) NULL  , name varchar(255) NULL  , description text NULL  , comment text NULL  , lang varchar(255) NULL  , PRIMARY KEY(id))TYPE=MyISAM;
DROP TABLE IF EXISTS rex_module_action;
CREATE TABLE rex_module_action ( id int(11) NOT NULL  auto_increment, module_id int(11) NULL DEFAULT 0  , action_id int(11) NULL DEFAULT 0  , PRIMARY KEY(id))TYPE=MyISAM;
DROP TABLE IF EXISTS rex_modultyp;
CREATE TABLE rex_modultyp ( id int(5) NOT NULL  auto_increment, label varchar(255) NULL  , name varchar(255) NULL  , category_id int(11) NOT NULL DEFAULT 0  , ausgabe text NULL  , bausgabe text NULL  , eingabe text NULL  , func text NULL  , php_enable tinyint(1) NOT NULL DEFAULT 0  , html_enable tinyint(1) NOT NULL DEFAULT 0  , perm_category text NULL  , createuser varchar(255) NULL  , updateuser varchar(255) NULL  , createdate int(11) NULL DEFAULT 0  , updatedate int(11) NULL DEFAULT 0  , PRIMARY KEY(id,category_id,php_enable,html_enable))TYPE=MyISAM;
INSERT INTO rex_modultyp VALUES ('1','','00.01 - php','0','REX_PHP','','PHP:<br>\r\n<textarea name=INPUT_PHP cols=80 rows=20 class=inp100>REX_PHP</textarea>\r\n<br><br>','','0','0','','','','0','0');
INSERT INTO rex_modultyp VALUES ('2','','02.03 - Text [NO WYSIWYG]','0','<div class=Text>REX_VALUE[1]</div>','','<?php\r\n\r\nMEDIA_HTMLAREA(1,\"REX_VALUE[1]\");\r\n\r\n?>','','0','0','','','','0','0');
INSERT INTO rex_modultyp VALUES ('3','','01.01 - Board','0','<?\r\n\r\n$board = new board;\r\n$board->setDB(1);\r\n$board->setTable(\"rex__board\");\r\n$board->setDocname(\"index.php\");\r\n$board->addLink(\"article_id\",REX_ARTICLE_ID);\r\n$board->setBoardname(\"REX_VALUE[1]\");\r\n$board->setRealBoardname(\"REX_VALUE[2]\");\r\n$board->anonymous = true;\r\n\r\necho $board->showBoard();\r\n\r\n?>','','Bitte gib die Boardbezeichnung ein:<br>\r\n<input type=text size=50 name=VALUE[2] value=\"REX_VALUE[2]\">\r\n\r\n<br><br>Bitte gib den Boardname für die Datenbank ein:<br>\r\n<input type=text size=50 name=VALUE[1] value=\"REX_VALUE[1]\">\r\n\r\n<br><br>','','0','0','','','','0','0');
INSERT INTO rex_modultyp VALUES ('11','','03.03 - Kategorienliste','0','<?\r\n\r\n$GC = new sql;\r\n// $GC->debugsql = 1;\r\n$GC->setQuery(\"select * from rex_category,rex_article \r\nwhere \r\nrex_category.re_category_id=\'REX_CATEGORY_ID\' and \r\nrex_article.startpage=1 and \r\nrex_article.category_id=rex_category.id  \r\norder by rex_article.prior,rex_article.name\");\r\n\r\n\r\nfor ($i=0;$i<$GC->getRows();$i++)\r\n{\r\n\r\n if ($i!=0)  echo \"<img src=$REX[HTDOCS_PATH]/pics/lgrey.gif width=450 height=1 vspace=10>\";\r\n\r\n if ($GC->getValue(\"rex_article.file\") != \"\") $file = \"<img src=$REX[HTDOCS_PATH]/files/\".$GC->getValue(\"rex_article.file\").\" width=155 height=90>\";\r\n else $file = \"<img src=$REX[HTDOCS_PATH]/files/kdummy.gif width=155 height=90 border=0>\";\r\n\r\n // $file = \"&nbsp;\";\r\n \r\n echo \"<div class=Categorylist>\";\r\n echo \"<div class=CategorylistPic>$file</div>\";\r\n echo \"<div class=CategorylistArticle>\";\r\n\r\n echo \"<div class=CategorylistArticleName>\".htmlentities($GC->getValue(\"rex_article.name\")).\"</div>\r\n\".nl2br(htmlentities($GC->getValue(\"rex_article.beschreibung\"))).\"<br>&raquo;&nbsp;<a href=index.php?article_id=\".$GC->getValue(\"rex_article.id\").\">Detailinformationen</a>\";\r\n\r\n echo \"</div>\";\r\n echo \"</div>\";\r\n\r\n\r\n $GC->next();\r\n}\r\n\r\n?>','','','','0','0','','','','0','0');
INSERT INTO rex_modultyp VALUES ('5','','02.02 - Text [WYSIWYG]','0','<table width=\"100%\" cellpadding=0 cellspacing=0 border=0>\r\n<tr>\r\n\r\n<td><font class=content>REX_HTML_VALUE[1]</font></td>\r\n\r\n</tr></table><?php\r\n\r\nif (\"REX_VALUE[9]\" == \"1\") echo \"<br>\";\r\nif (\"REX_VALUE[9]\" == \"2\") echo \"<br><br>\";\r\n\r\n?>','','Bitte gib den Text ein der zu Sehen sein soll:<br>\r\n<?php\r\n\r\n$a = new rex_wysiwyg_editor();\r\n$a->buttonrow1 = \"styleselect,separator,bold,italic,separator,bullist,numlist\";\r\n$a->buttonrow2 = \"link,linkHack,unlink,insertEmail,separator,removeformat,pasteRichtext,code\";\r\n$a->buttonrow3 = \"tablecontrols, separator, visualaid\";\r\n$a->buttonrow4 = \"rowseparator,formatselect,fontselect,fontsizeselect,forecolor,charmap\";\r\n$a->stylesheet = \"/redaxo3_0/files/text.css\";\r\n$a->content = \"REX_VALUE[1]\";\r\n$a->id = 1;\r\n$a->show();\r\n\r\n// mit umbruch ?\r\necho \"<br><br><select name=VALUE[9] size=1><option value=\'1\'\";\r\nif (\"REX_VALUE[9]\" == \"1\") echo \" selected\";\r\necho \">Mit einfachem Umbruch</option><option value=\'2\'\";\r\nif (\"REX_VALUE[9]\" == \"2\") echo \" selected\";\r\necho \">Mit doppeltem Umbruch</option><option value=\'0\'\";\r\nif (\"REX_VALUE[9]\" == \"0\" or \"REX_VALUE[9]\" == \"\") echo \" selected\";\r\necho \">Ohne Umbruch</option></select>\";\r\n\r\n?>','','0','0','','','','0','0');
INSERT INTO rex_modultyp VALUES ('6','','02.01 - Headline','0','<div class=Headline>REX_VALUE[1]</div>','','Headline:\r\n<br><input type=text size=30 name=VALUE[1] value=\"REX_VALUE[1]\" class=inp100>\r\n<br><br>\r\n\r\n','','0','0','','','','0','0');
INSERT INTO rex_modultyp VALUES ('8','','03.01 - Artikelliste','0','<div class=ArticlelistContainer>\r\n<?\r\n\r\nif (\"REX_VALUE[1]\" == 2) $sql = \"select * from rex_article where startpage=0 and checkbox01=1 and status=1 order by rex_article.prior\";\r\nelse if (\"REX_VALUE[1]\" == 1) $sql = \"select * from rex_article where rex_article.category_id=\'REX_CATEGORY_ID\' and startpage=0 and checkbox01=1 and status=1 order by rex_article.prior\";\r\nelse $sql = \"select * from rex_article where rex_article.category_id=\'REX_CATEGORY_ID\' and startpage=0 and status=1 order by rex_article.prior\";\r\n\r\n$GC = new sql;\r\n\r\n// $GC->setQuery(\"select * from rex_article where rex_article.category_id=\'REX_CATEGORY_ID\' and startpage=0 and status=1 order by rex_article.prior\");\r\n$GC->setQuery($sql);\r\n\r\nfor ($i=0;$i<$GC->getRows();$i++)\r\n{\r\n\r\n if ($i!=0)  echo \"<!--\r\n 	\r\n 	<hr style=\'width:100%; height:1px;\' vspace=4> -->\";\r\n\r\n $aid = $GC->getValue(\"rex_article.id\");\r\n\r\n $jahr = substr($GC->getValue(\"rex_article.online_von\"),0,4);\r\n $monat = substr($GC->getValue(\"rex_article.online_von\"),4,2);\r\n $tag = substr($GC->getValue(\"rex_article.online_von\"),6,2);\r\n\r\n $date = \"$tag.$monat.$jahr\";\r\n\r\n echo \"<div class=ArticlelistArticle>\";\r\n echo \"<div class=ArticlelistHead>\";\r\n echo \"	<div class=ArticlelistHeadline>\".htmlentities($GC->getValue(\"rex_article.name\")).\"</div>\";\r\n echo \"	<div class=ArticlelistDate>\".htmlentities($date).\"</div>\";\r\n echo \"</div>\";\r\n echo \"<div>\r\n		<div class=ArticlelistIntro>\";\r\n\r\n if ($GC->getValue(\"rex_article.file\")!=\"\") echo \"\r\n		<img src=<?=$REX[HTDOCS_PATH]?>/files/\".$GC->getValue(\"rex_article.file\").\" align=left style=\'border-right:10px #ffffff solid; border-bottom:10px #ffffff solid;\'>\";\r\n\r\n echo htmlentities($GC->getValue(\"rex_article.beschreibung\")).\" \";\r\n\r\n if ($REX[GG]) echo \"<a href=index.php?article_id=$aid><b>&raquo;&nbsp;mehr...</b></a>\";\r\n echo \"	</div></div>\";\r\n echo \"</div>\";\r\n\r\n $GC->next();\r\n}\r\n\r\n?>\r\n</div>','','<?\r\n\r\necho \"<br><br>Folgende Artikel sollen angezeigt werden:<br>\";\r\n\r\n$format = new select;\r\n$format->set_name(\"VALUE[1]\");\r\n$format->set_size(1);\r\n$format->set_style(\"\' class=\'inp100\");\r\n\r\n$format->add_option(\"Alle Artikel aus dieser Kategorie\",0);\r\n$format->add_option(\"Alle Artikel aus dieser Kategorie die als Teaser gekennzeichnet sind\",1);\r\n$format->add_option(\"Alle Artikel die als Teaser gekennzeichnet sind\",2);\r\n$format->set_selected(\"REX_VALUE[1]\");\r\necho $format->out();\r\n\r\n?><br><br>','','0','0','','','','0','0');
INSERT INTO rex_modultyp VALUES ('9','','03.02 - Artikeliste als Kalender','0','<?\r\n\r\n$category_id = $this->getValue(\"category_id\");\r\n$path  = $this->getValue(\"path\");\r\npreg_match_all(\"/-([0-9]+)/i\",$path,$match);\r\n$spath = $match[0][0];\r\n\r\n$GC = new sql;\r\n// $GC->debugsql = 1;\r\n$GC->setQuery(\"select * from rex_article \r\nwhere \r\n(rex_article.path like \'$spath-%\' or rex_article.path=\'$spath\') and \r\nrex_article.startpage=0 and rex_article.status = 1 \r\norder by rex_article.prior,rex_article.name\");\r\n\r\nfor ($i=0;$i<$GC->getRows();$i++)\r\n{\r\n $KAL[$GC->getValue(\"rex_article.online_von\")] = $GC->getValue(\"rex_article.id\");\r\n $KALNAME[$GC->getValue(\"rex_article.online_von\")] = $GC->getValue(\"rex_article.name\");\r\n $GC->next();\r\n}\r\n\r\n\r\n// ----- KALENDER\r\n\r\nif ($FORM[date]!=\"\") \r\n{ \r\n $FORM[year] = substr($FORM[date],0,4); \r\n $FORM[month] = substr($FORM[date],4,2); \r\n $FORM[day] = substr($FORM[date],6,2); \r\n} \r\n\r\nif (!checkdate($FORM[month],$FORM[day],$FORM[year])) \r\n\r\n{ \r\n $FORM[year] = date(\"Y\"); \r\n $FORM[month] = date(\"m\"); \r\n $FORM[day] = date(\"d\"); \r\n} \r\n\r\n$FORM[date] = $FORM[year].$FORM[month].$FORM[day]; \r\n\r\n$today = date(\"Ymd\");\r\n$FORM[link] = \"index.php?article_id=REX_ARTICLE_ID\";\r\n$link = $FORM[link];\r\n$month_days = date(\"j\",mktime(0,0,0,$FORM[month]+1,1,$FORM[year])-1);\r\n$month_before = $FORM[month]-1;\r\n$month_later = $FORM[month]+1;\r\n$year_before = $FORM[year];\r\n$year_later = $FORM[year];\r\nif ($month_before<1){ $month_before = 12; $year_before= $year_before-1;}\r\nif ($month_later>12){ $month_later = 1; $year_later= $year_later+1;}\r\nif ($month_before<10){ $month_before = \"0$month_before\"; }\r\nif ($month_later<10){ $month_later = \"0$month_later\"; }\r\n$before = $year_before.$month_before.\"01\";\r\n$later  = $year_later.$month_later.\"01\";\r\n\r\n$KALENDER .= \"\r\n	<div class=Calendar>\";\r\n$KALENDER .= \"\r\n	<div class=CalendarHead>\r\n		<div class=CalendarHeadLeft><a href=$link&FORM[date]=$before class=calhead><b>&laquo;</b></a>&nbsp;<a href=$link&FORM[date]=$later class=calhead><b>&raquo;</b></a></div>\r\n		<div class=CalendarHeadRight>\".$FORM[month].\"/\".$FORM[year].\"</div>\r\n	</div>\";\r\n$KALENDER .= \"\r\n	<div class=CalendarWeekdays>\r\n		<span>Mo</span>\r\n		<span>Tu</span>\r\n		<span>We</span>\r\n		<span>Th</span>\r\n		<span>Fr</span>\r\n		<span>Sa</span>\r\n		<span>Su</span>\r\n	</div>\";\r\n	\r\n$k = 1;\r\nfor ($i=1;$i<7;$i++)\r\n{\r\n $KALENDER .= \"\r\n	<div class=CalendarDays>\";\r\n	\r\n for($j=0;$j<7;$j++)\r\n {\r\n  $k = $k + 0;\r\n  if ($k<10) $k=\"0$k\";\r\n  if ($FORM[month]<10) $comp_month=\"\".$FORM[month]; \r\n  else $comp_month=$FORM[month];\r\n  $which_weekday = date(\"w\",mktime(0,0,0,$FORM[month],$k-1,$FORM[year]));\r\n  if ($which_weekday == $j and $month_days>=$k)\r\n  { 	\r\n   $loop_day = $FORM[year].\"$comp_month$k\";\r\n   $KALENDER .= \"\r\n		<span\";\r\n   if ($FORM[date] == $loop_day) $KALENDER .= \" class=CalendarDaysActive>\";\r\n   elseif ($today == $loop_day) $KALENDER .= \" class=CalendarDaysIdontknow>\";\r\n   elseif ($j == 5 or $j == 6) $KALENDER .= \" class=CalendarDaysWeekenddays>\";\r\n   else $KALENDER .= \" class=CalendarDaysWeekdays>\";\r\n   if ($KAL[$loop_day] != \"\") $KALENDER .= \"<a href=index.php?article_id=\".$KAL[$loop_day].\"&FORM[date]=$loop_day>$k</a>\";\r\n   else $KALENDER .= \"$k\";\r\n   $KALENDER .= \"\r\n		</span>\";\r\n   $k++;\r\n  }else\r\n  {\r\n   $KALENDER .= \"<span></span>\";\r\n  }\r\n }\r\n $KALENDER .= \"</div>\";\r\n if ($month_days<$k) break;\r\n}\r\n$KALENDER .= \"</div>\";\r\n\r\n// ----- / KALENDER\r\n\r\necho \"<div class=CalendarContainer>$KALENDER<div class=Clear>&nbsp;</div></div>\";\r\n\r\n?>','','<br><br>','','0','0','','','','0','0');
INSERT INTO rex_modultyp VALUES ('10','','04.01 - Bild','0','<?\r\n\r\nif (\"FILE[1]\" != \"\")\r\n{\r\n echo \"<img src=$REX[HTDOCS_PATH]/files/FILE[1] width=100>\";\r\n}\r\n\r\n?><br><br>','','REX_MEDIA_BUTTON[1]\r\n\r\n<?\r\n\r\nif (\"FILE[1]\" != \"\")\r\n{\r\n echo \"<img src=$REX[HTDOCS_PATH]/files/FILE[1]>\";\r\n}\r\n\r\n?><br><br>','','0','0','','','','0','0');
DROP TABLE IF EXISTS rex_template;
CREATE TABLE rex_template ( id int(5) NOT NULL  auto_increment, label varchar(255) NULL  , name varchar(255) NULL  , content text NULL  , bcontent text NULL  , active tinyint(1) NULL DEFAULT 0  , date timestamp(14) NULL  , createuser varchar(255) NULL  , updateuser varchar(255) NULL  , createdate int(11) NULL DEFAULT 0  , updatedate int(11) NULL DEFAULT 0  , PRIMARY KEY(id))TYPE=MyISAM;
INSERT INTO rex_template VALUES ('1','','01.01 Default','<!DOCTYPE html PUBLIC \"-//W3C//DTD XHTML 1.0 Transitional//EN\" \"http://www.w3.org/TR/2000/REC-xhtml1-20000126/DTD/xhtml1-transitional.dtd\">\r\n<html>\r\n<?\r\n\r\nsetlocale(LC_ALL,\"de_DE\");\r\n\r\n?>\r\n<head>\r\n<title>Redaxo Demo - CSS</title>\r\n<link rel=stylesheet type=text/css href=<? echo $REX[HTDOCS_PATH] ?>files/import.css>\r\n<script language=Javascript src=<? echo $REX[HTDOCS_PATH] ?>js/standard.js></script>\r\n<script language=Javascript src=<? echo $REX[HTDOCS_PATH] ?>js/flashdetect.js></script>\r\n\r\n\r\n</head>\r\n<body>\r\n<a name=top></a>\r\n<div class=\"Website\">\r\n\r\n\r\n	<div class=\"LeftContainer\">\r\n		<div class=\"Logo\"><img src=<? echo $REX[HTDOCS_PATH] ?>files/logo.gif></div>\r\n		<div class=\"MenuContainer\"><? include $REX[INCLUDE_PATH].\"/generated/templates/2.template\"; ?></div>\r\n	</div>		\r\n\r\n\r\n	<div class=\"RightContainer\">\r\n		<div class=\"Banner\"><? include $REX[INCLUDE_PATH].\"/generated/templates/5.template\"; ?></div>\r\n		<div class=\"ContentContainer\"><? echo $this->getValue(\"name\"); echo $this->getArticle(); ?></div>\r\n\r\n	<div class=\"Copyright\">created 2004 by <a href=http://www.pergopa.de target=_blank>pergopa kristinus gbr</a> |  <a href=<? echo rex_getUrl(12,$clang);?>>Impressum</a> | wcms: <a href=http://www.redaxo.de target=_blank>redaxo 2.7</a></div>\r\n	</div>\r\n\r\n	<br style=\"clear:both;\" />\r\n</div>\r\n\r\n</body>\r\n</html>','','1','20050531190436','','','0','0');
INSERT INTO rex_template VALUES ('2','','02.01 Navigation','<?php\r\n\r\n// Pfad auslesen und als Array speichern\r\n$PATH = explode(\"|\",$this->getValue(\"path\").$this->getValue(\"article_id\").\"|\");\r\n$path1 = $PATH[1];\r\n$path2 = $PATH[2];\r\n$path3 = $PATH[3];\r\n$path4 = $PATH[4];\r\n\r\necho \"<br> 1:$path1 2:$path2 3:$path3 4:$path4\";\r\n\r\n\r\n// erst ebene ul starten\r\necho \'<ul class=\"nav1st\">\';\r\n\r\n/* START 1st level categories */\r\nforeach (OOCategory::getRootCategories() as $lev1):\r\n	\r\n	$lev1->setClang($REX[CUR_CLANG]);\r\n	\r\n	if ($lev1->isOnline()):\r\n	\r\n		if ($lev1->getId() == $path1)\r\n		{\r\n			/* 1st level - active link */\r\n			echo \'<li class=\"active\">X <a href=\"\'.$lev1->getUrl().\'\">\'.$lev1->getName().\'</a>\';\r\n		}else\r\n		{\r\n			/* 1st level - no active link */\r\n			echo \'<li><a href=\"\'.$lev1->getUrl().\'\">\'.$lev1->getName().\'</a>\';\r\n		}\r\n		\r\n		/* 1st level had categories? -> go on */\r\n		$lev1Size = sizeof($lev1->getChildren());\r\n		\r\n		if($lev1Size != \"0\" && $lev1->getId() == $path1): \r\n\r\n			echo \'<ul class=\"nav2nd\">\';\r\n\r\n			/* START 2nd level categories */\r\n			foreach ($lev1->getChildren() as $lev2):\r\n\r\n				if ($lev2->isOnline()):\r\n	\r\n					if ($lev2->getId() == $path2)\r\n					{\r\n						/* 2nd level - active link */\r\n						echo \'<li class=\"active\">X <a class=\"current\" href=\"\'.$lev2->getUrl().\'\">\'.$lev2->getName().\'</a>\';\r\n					}else\r\n					{\r\n						/* 2nd level - no active link */\r\n						echo \'<li><a href=\"\'.$lev2->getUrl().\'\">\'.$lev2->getName().\'</a>\';\r\n					}\r\n					\r\n					/* 2nd level had categories? -> go on */\r\n					$lev2Size = sizeof($lev2->getChildren());\r\n			\r\n					if($lev2Size != \"0\" && $lev2->getId() == $path2):\r\n						echo \'<ul class=\"nav3rd\">\';\r\n					\r\n						/* START 3rd level categories */\r\n						foreach ($lev2->getChildren() as $lev3):\r\n							if ($lev3->isOnline()):\r\n								if ($lev3->getId() == $path3)\r\n								{\r\n									/* 3rd level - active link */\r\n									echo \'<li class=\"active\">X <a class=\"current\" href=\"\'.$lev3->getUrl().\'\">\'.$lev3->getName().\'</a></li>\';\r\n								}else\r\n								{\r\n									/* 3rd level - no active link */\r\n									echo \'<li><a href=\"\'.$lev3->getUrl().\'\">\'.$lev3->getName().\'</a></li>\';\r\n								}\r\n							endif;\r\n						endforeach;\r\n						/* END 3rd level categories */\r\n			\r\n						echo \'</ul>\';\r\n					endif;\r\n\r\n					echo \'</li>\';\r\n				endif;\r\n			\r\n			endforeach;\r\n			/* END 2nd level categories */\r\n			\r\n			echo \'</ul>\';\r\n		endif;\r\n\r\n		echo \'</li>\';\r\n	endif;\r\nendforeach;\r\n/* END 1st level categories */\r\n\r\necho \'</ul>\';\r\n?>','','0','20050531192320','','','0','0');
INSERT INTO rex_template VALUES ('5','','03.01 Banner','<a href=http://www.redaxo.de><img src=<? echo $REX[HTDOCS_PATH]; ?>files/banner.jpg width=468 height=60 border=0></a>','','0','20041028000000','','','0','0');
