
DROP TABLE IF EXISTS rex__article_comment;
DROP TABLE IF EXISTS rex__board;
DROP TABLE IF EXISTS rex__user;
DROP TABLE IF EXISTS rex__user_comment;
DROP TABLE IF EXISTS rex__user_mail;
DROP TABLE IF EXISTS rex_article;
DROP TABLE IF EXISTS rex_article_slice;
DROP TABLE IF EXISTS rex_article_type;
DROP TABLE IF EXISTS rex_category;
DROP TABLE IF EXISTS rex_email;
DROP TABLE IF EXISTS rex_file;
DROP TABLE IF EXISTS rex_help;
DROP TABLE IF EXISTS rex_modultyp;
DROP TABLE IF EXISTS rex_template;
DROP TABLE IF EXISTS rex_user;
CREATE TABLE rex_user ( user_id int(11) NOT NULL auto_increment, name varchar(255) NOT NULL default '', description text NOT NULL, login varchar(50) NOT NULL default '', psw varchar(50) NOT NULL default '', status varchar(5) NOT NULL default '', rights text NOT NULL, login_tries tinyint(4) NOT NULL default '0', createdate int(11) NOT NULL default '0', updatedate int(11) NOT NULL default '0', lasttrydate int(11) NOT NULL default '0', session_id varchar(255) NOT NULL default '', PRIMARY KEY  (user_id)) TYPE=MyISAM;
DROP TABLE IF EXISTS rex_action;
DROP TABLE IF EXISTS rex_file_category;
DROP TABLE IF EXISTS rex__session;

CREATE TABLE rex__article_comment ( id int(11) NOT NULL  auto_increment, user_id int(11) NULL DEFAULT 0  , article_id int(11) NULL DEFAULT 0  , comment text NULL  , stamp int(11) NULL DEFAULT 0  , status tinyint(4) NULL DEFAULT 0  , PRIMARY KEY(id))TYPE=MyISAM;
CREATE TABLE rex__board ( message_id int(11) NOT NULL  auto_increment, re_message_id int(11) NULL DEFAULT 0  , board_id varchar(255) NULL  , user_id int(11) NULL DEFAULT 0  , replies int(11) NULL DEFAULT 0  , last_entry varchar(14) NULL  , subject varchar(255) NULL  , message text NULL  , stamp varchar(14) NULL  , status int(11) NULL DEFAULT 1  , anonymous_user varchar(50) NULL  , PRIMARY KEY(message_id))TYPE=MyISAM;
CREATE TABLE rex__session ( session varchar(50) NOT NULL  , user_id int(11)  DEFAULT 0  , name varchar(50)   , stamp int(11)  DEFAULT 0  , PRIMARY KEY(session))TYPE=MyISAM;
CREATE TABLE rex__user ( id int(11) NOT NULL  auto_increment, login varchar(255) NULL  , psw varchar(255) NULL  , email varchar(255) NULL  , name varchar(255) NULL  , firstname varchar(255) NULL  , sex char(1) NULL  , singlestatus varchar(25) NULL DEFAULT 0  , street varchar(255) NULL  , zip varchar(5) NULL  , city varchar(255) NULL  , phone varchar(255) NULL  , fax varchar(255) NULL  , mobil varchar(255) NULL  , posx int(11) NULL DEFAULT 0  , posy int(11) NULL DEFAULT 0  , file varchar(255) NULL  , birthday varchar(14) NULL DEFAULT 0  , interests text NULL  , motto text NULL  , ilike text NULL  , aboutme text NULL  , size varchar(255) NULL  , wheight varchar(255) NULL  , color_eyes varchar(255) NULL  , color_hair varchar(255) NULL  , profession varchar(255) NULL  , homepage varchar(255) NULL  , newsletter tinyint(1) NULL DEFAULT 0  , check1 tinyint(1) NULL DEFAULT 0  , check2 tinyint(1) NULL DEFAULT 0  , check3 tinyint(1) NULL DEFAULT 0  , check4 tinyint(1) NULL DEFAULT 0  , amount_profile_viewed int(11) NULL DEFAULT 0  , amount_comments int(11) NULL DEFAULT 0  , amount_board_topics int(11) NULL DEFAULT 0  , amount_board_replies int(11) NULL DEFAULT 0  , amount_mail_inbox int(11) NULL DEFAULT 0  , amount_mail_outbox int(11) NULL DEFAULT 0  , showinfo tinyint(1) NULL DEFAULT 0  , first_login int(11) NULL DEFAULT 0  , last_login int(11) NULL DEFAULT 0  , last_action int(11) NULL DEFAULT 0  , stamp int(11) NULL DEFAULT 0  , status tinyint(4) NULL DEFAULT 1  , PRIMARY KEY(id))TYPE=MyISAM;
CREATE TABLE rex__user_comment ( id int(11) NOT NULL  auto_increment, user_id int(11) NULL DEFAULT 0  , from_user_id int(11) NULL DEFAULT 0  , message text NULL  , stamp varchar(14) NULL  , status tinyint(1) NULL DEFAULT 0  , PRIMARY KEY(id))TYPE=MyISAM;
CREATE TABLE rex__user_mail ( id int(11) NOT NULL  auto_increment, user_id int(11) NULL DEFAULT 0  , from_user_id int(11) NULL DEFAULT 0  , message text NULL  , stamp varchar(14) NULL  , status tinyint(1) NULL DEFAULT 0  , PRIMARY KEY(id))TYPE=MyISAM;
CREATE TABLE rex_action ( id int(11) NOT NULL  auto_increment, name varchar(255) NULL  , action text NULL  , prepost tinyint(4) NULL DEFAULT 0  , status tinyint(4) NULL DEFAULT 0  , PRIMARY KEY(id))TYPE=MyISAM;
CREATE TABLE rex_article ( id int(11) NOT NULL  auto_increment, name varchar(255) NULL  , linkname varchar(255) NULL  , beschreibung text NULL  , attribute text NULL  , file text NULL  , category_id int(11) NOT NULL DEFAULT 0  , type_id int(11) NULL DEFAULT 1  , startpage tinyint(1) NOT NULL DEFAULT 0  , prior int(10) NULL DEFAULT 0  , path varchar(255) NULL  , status tinyint(1) NULL DEFAULT 0  , online_von varchar(8) NULL DEFAULT 0  , online_bis varchar(8) NULL DEFAULT 0  , erstelldatum varchar(8) NULL DEFAULT 0  , suchbegriffe text NULL  , template_id int(5) NOT NULL DEFAULT 0  , checkbox01 tinyint(1) NULL DEFAULT 0  , checkbox02 tinyint(1) NULL DEFAULT 0  , checkbox03 tinyint(1) NULL DEFAULT 0  , checkbox04 tinyint(1) NULL DEFAULT 0  , user_login varchar(255)   , PRIMARY KEY(id,category_id,startpage,template_id))TYPE=MyISAM;
INSERT INTO rex_article VALUES ('1','Home','','','','','1','1','1','2','-1','1','20040713','20100101','20040713','','1','0','0','0','0','');
INSERT INTO rex_article VALUES ('2','BOARDS','','','','','2','1','1','1','-2','1','20040713','20100101','20040713','','1','0','0','0','0','');
INSERT INTO rex_article VALUES ('3','NEWS','','','','','3','1','1','1','-3','1','20040713','20100101','20040713','','1','0','0','0','0','');
INSERT INTO rex_article VALUES ('4','MEIN PROFIL','','','','','4','3','1','1','-4','1','20040713','20100101','20040713','','1','0','0','0','0','');
INSERT INTO rex_article VALUES ('5','USERLISTE','','','','','5','1','1','1','-5','1','20040713','20100101','20040713','','1','0','0','0','0','');
INSERT INTO rex_article VALUES ('6','MEIN GÄSTEBUCH','','','','','6','3','1','1','-6','1','20040713','20100101','20040713','','1','0','0','0','0','');
INSERT INTO rex_article VALUES ('7','MEINE NACHRICHTEN','','','','','7','3','1','1','-7','1','20040713','20100101','20040713','','1','0','0','0','0','');
INSERT INTO rex_article VALUES ('8','OPEN BOARD','','','','','8','1','1','1','-8','1','20040713','20100101','20040713','','1','0','0','0','0','');
INSERT INTO rex_article VALUES ('9','','','','','','9','3','1','1','-9','1','20040713','20100101','20040713','','0','0','0','0','0','');
INSERT INTO rex_article VALUES ('10','Registrierung','','','','','1','1','0','4','-1','1','20040713','20100101','20040713','','1','0','0','0','0','');
INSERT INTO rex_article VALUES ('11','KONTAKT','','','','','10','1','1','1','-10','1','20040713','20100101','20040713','','1','0','0','0','0','');
INSERT INTO rex_article VALUES ('12','IMPRESSUM','','','','','11','1','1','1','-11','1','20040713','20100101','20040713','','1','0','0','0','0','');
INSERT INTO rex_article VALUES ('13','','','','','','12','1','1','1','-12','1','20040713','20100101','20040713','','0','0','0','0','0','');
INSERT INTO rex_article VALUES ('14','Nutzungsbedingungen','','','','','1','1','0','3','-1','1','20040713','20100101','20040713','','1','0','0','0','0','');
INSERT INTO rex_article VALUES ('20','AKtuelle Infos 1','','','','','3','1','0','2','-3','1','20040715','20100101','20040715','','1','0','0','0','0','');
INSERT INTO rex_article VALUES ('16','USERPROFIL','','','','','5','1','0','2','-5','0','20040713','20100101','20040713','','1','0','0','0','0','');
INSERT INTO rex_article VALUES ('17','ALLGEMEIN','','','','','13','1','1','1','-2-13','1','20040713','20100101','20040713','','1','0','0','0','0','');
INSERT INTO rex_article VALUES ('18','LERN MICH KENNEN','','','','','14','1','1','1','-2-14','1','20040713','20100101','20040713','','1','0','0','0','0','');
CREATE TABLE rex_article_slice ( id int(11) NOT NULL  auto_increment, re_article_slice_id int(11) NOT NULL DEFAULT 0  , value1 text NULL  , value2 text NULL  , value3 text NULL  , value4 text NULL  , value5 text NULL  , value6 text NULL  , value7 text NULL  , value8 text NULL  , value9 text NULL  , value10 text NULL  , file1 varchar(255) NULL  , file2 varchar(255) NULL  , file3 varchar(255) NULL  , file4 varchar(255) NULL  , file5 varchar(255) NULL  , file6 varchar(255) NULL  , file7 varchar(255) NULL  , file8 varchar(255) NULL  , file9 varchar(255) NULL  , file10 varchar(255) NULL  , link1 int(11) NULL DEFAULT 0  , link2 int(11) NULL DEFAULT 0  , link3 int(11) NULL DEFAULT 0  , link4 int(11) NULL DEFAULT 0  , link5 int(11) NULL DEFAULT 0  , link6 int(11) NULL DEFAULT 0  , link7 int(11) NULL DEFAULT 0  , link8 int(11) NULL DEFAULT 0  , link9 int(11) NULL DEFAULT 0  , link10 int(11) NULL DEFAULT 0  , php text NULL  , html text NULL  , article_id int(11) NOT NULL DEFAULT 0  , modultyp_id int(5) NOT NULL DEFAULT 0  , PRIMARY KEY(id,re_article_slice_id,article_id,modultyp_id))TYPE=MyISAM;
INSERT INTO rex_article_slice VALUES ('1','0','','','','','','','','','','','','','','','','','','','','','0','0','0','0','0','0','0','0','0','0','<?||||||+N+||||||||||||+N+||||||// --------------------------------- 13 Jahre check||||||+N+||||||||||||+N+||||||if ($FORM[ac] == 2)||||||+N+||||||{||||||+N+|||||| echo \"Hallo lieber User, ||||||+N+||||||||||||+N+||||||<br><br>leider ist das Mindestalter von 13 Jahren noch nicht erreicht. Einfach noch ein paar Jährchen warten und dann loslegen! Wir freuen uns jetzt schon!||||||+N+||||||||||||+N+||||||<br><br>Das \".$REX[SERVERNAME].\" Team<br><br>||||||+N+||||||\";||||||+N+||||||||||||+N+||||||}elseif ($FORM[ac] != 1)||||||+N+||||||{||||||+N+||||||||||||+N+|||||| echo \"Um sich in der \".$REX[SERVERNAME].\" registrieren zu können, ist aus gesetzlichen Gründen ein Mindestalter von 13 Jahren erfordlich.\";||||||+N+|||||| echo \"<br><br><a href=index.php?article_id=10&FORM[ac]=1>&raquo;&nbsp;Ja, ich bin mindestens 13 Jahre alt.</a>\";||||||+N+|||||| echo \"<br><br><a href=index.php?article_id=10&FORM[ac]=2>&raquo;&nbsp;Nein, ich bin unter 13 Jahre alt.</a><br><br>\";||||||+N+||||||||||||+N+||||||}||||||+N+||||||||||||+N+||||||?>','','10','1');
INSERT INTO rex_article_slice VALUES ('2','1','','','','','','','','','','','','','','','','','','','','','0','0','0','0','0','0','0','0','0','0','<?||||||+N+||||||||||||+N+||||||$FORM[sf] = true;||||||+N+||||||||||||+N+||||||if ($FORM[send] == 1 && $FORM[ac] == 1)||||||+N+||||||{||||||+N+||||||	||||||+N+||||||	$FORM[login] = trim($FORM[login]);||||||+N+||||||	$gl = new sql;||||||+N+||||||	$gl->setQuery(\"select * from rex__user where login=\'\".$FORM[login].\"\'\");||||||+N+||||||||||||+N+||||||	if ($FORM[findeok]!=1) $FORM[err_msg] = \"Die Registrierungserklärung wurde noch nicht akzeptiert !\";||||||+N+||||||||||||+N+||||||	if ($FORM[login]==\"\" or $gl->getRows()>0) $FORM[err_msg] = \"Das Login existiert bereits oder ist nicht eingetragen !<br>\";||||||+N+||||||||||||+N+||||||	if ($FORM[vorname]==\"\") $FORM[err_msg] = \"Der Vorname ist nicht eingetragen !<br>\";||||||+N+||||||||||||+N+||||||	if ($FORM[name]==\"\") $FORM[err_msg] = \"Der Name ist nicht eingetragen !<br>\";||||||+N+||||||||||||+N+||||||	// if ($FORM[strasse]==\"\") $FORM[err_msg] = \"Die Straße ist nicht eingetragen !<br>\";||||||+N+||||||	// if ($FORM[plz]==\"\") $FORM[err_msg] = \"Die PLZ ist nicht eingetragen !<br>\";||||||+N+||||||	// if ($FORM[ort]==\"\") $FORM[err_msg] = \"Der Ort ist nicht eingetragen !<br>\";||||||+N+||||||||||||+N+||||||	$FORM[email] = trim($FORM[email]);||||||+N+||||||||||||+N+||||||	$gl = new sql;||||||+N+||||||	$gl->setQuery(\"select * from rex__user where email=\'\".$FORM[email].\"\'\");||||||+N+||||||	||||||+N+||||||if ($gl->getRows()>0 or !validateEmail($FORM[email])) $FORM[err_msg] = \"Die E-Mail existiert bereits oder ist nicht eingetragen.<br>\";||||||+N+||||||||||||+N+||||||	||||||+N+||||||	// day month year||||||+N+||||||	$FORM[birthday] = $FORM[day].\".\".$FORM[month].\".\".$FORM[year];||||||+N+||||||	// if (!checkdate($FORM[month],$FORM[day],$FORM[year])) $FORM[err_msg] = \"Das Geburtsdatum ist nicht richtig !<br>\";||||||+N+||||||	||||||+N+||||||	if ($FORM[nutzungsbedingungen]!=1) $FORM[err_msg] = \"Die Nutzungsbedingungen wurden nicht akzeptiert !\";||||||+N+||||||||||||+N+||||||	||||||+N+||||||||||||+N+||||||	if ($FORM[err_msg]==\"\")||||||+N+||||||	{||||||+N+||||||		// user eintragen und passwort vergeben||||||+N+||||||		$FORM[psw] = substr(md5(microtime()),0,6);||||||+N+||||||||||||+N+||||||		$au = new sql;||||||+N+||||||		$au->setTable(\"rex__user\");||||||+N+||||||		$au->setValue(\"login\",$FORM[login]);||||||+N+||||||		$au->setValue(\"psw\",$FORM[psw]);||||||+N+||||||		$au->setValue(\"email\",$FORM[email]);||||||+N+||||||		$au->setValue(\"name\",$FORM[name]);||||||+N+||||||		$au->setValue(\"firstname\",$FORM[vorname]);||||||+N+||||||		$au->setValue(\"sex\",$FORM[sex]);||||||+N+||||||		$au->setValue(\"street\",$FORM[strasse]);||||||+N+||||||		$au->setValue(\"zip\",$FORM[plz]);||||||+N+||||||		$au->setValue(\"city\",$FORM[ort]);||||||+N+||||||		$au->setValue(\"phone\",$FORM[phone]);||||||+N+||||||		$au->setValue(\"birthday\",$FORM[birthday]);||||||+N+||||||		$au->setValue(\"newsletter\",$FORM[marketing]);||||||+N+||||||		$au->setValue(\"stamp\",time());||||||+N+||||||		$au->setValue(\"singlestatus\",3);||||||+N+||||||		$au->setValue(\"status\",1);||||||+N+||||||		$au->setValue(\"first_login\",date(\"Ymd\"));||||||+N+||||||		$au->insert();		||||||+N+||||||		||||||+N+||||||		// email an user||||||+N+||||||		$to = $FORM[email];||||||+N+||||||		$from = \"Server <\".$REX[error_emailaddress].\">\";||||||+N+||||||		$subject = \"Registrierungsdaten bei \".$REX[SERVERNAME].\"\";||||||+N+||||||		$message = \"Hallo und willkommen bei \".$REX[SERVERNAME].\". Mit folgendem Link ist ein direkter Login möglich. Das von uns automatisch generierte Passwort ist im Profil änderbar. Ebenso kann man im Profil weitere Daten eintragen. (Interessen, Motto, Hobbys etc.)||||||+N+||||||||||||+N+||||||||||||+N+||||||http://\".$REX[SERVER].\"/index.php?article_id=4&FORM[rex_login]=\".urlencode($FORM[login]).\"&FORM[rex_psw]=\".$FORM[psw].\"||||||+N+||||||||||||+N+||||||Login: \".$FORM[login].\"||||||+N+||||||Passwort: \".$FORM[psw].\"||||||+N+||||||||||||+N+||||||Bei der Registrierung wurden die Nutzungsbedingungen gelesen und akzeptiert.||||||+N+||||||||||||+N+||||||http://\".$REX[SERVER].\"/index.php?article_id=14||||||+N+||||||||||||+N+||||||Wir wüschen viel Spaß in der \".$REX[SERVERNAME].\"!||||||+N+||||||||||||+N+||||||Das \".$REX[SERVERNAME].\" Team||||||+N+||||||||||||+N+||||||-----------------------------------------------||||||+N+||||||Bei Fragen oder Problemen einfach eine E-Mail an \".$REX[error_emailaddress].\"||||||+N+||||||\";||||||+N+||||||		||||||+N+||||||		sendMail($to,$from,$subject,$message);||||||+N+||||||		||||||+N+||||||		// ausgabe||||||+N+||||||		||||||+N+||||||		echo \"Vielen Dank für die Registrierung!<br><br>Das Passwort wird bei erfolgreicher Übertragung des Formulars in ein paar Minuten als E-Mail zugeschickt.<br><br>Wir wünschen viel Spaß in der Community!<br><br>Das \".$REX[SERVERNAME].\" Team<br><br>\";||||||+N+||||||||||||+N+||||||		$FORM[sf] = false;||||||+N+||||||		||||||+N+||||||	}||||||+N+||||||	||||||+N+||||||}||||||+N+||||||||||||+N+||||||||||||+N+||||||?>','','10','1');
INSERT INTO rex_article_slice VALUES ('32','0','MEIN PROFIL','','','','','','','','','','','','','','','','','','','','0','0','0','0','0','0','0','0','0','0','','','4','6');
INSERT INTO rex_article_slice VALUES ('21','0','die nutzungsbedingungen:||||||+N+||||||||||||+N+||||||kommen hier rein!','','','','','','','','','','','','','','','','','','','','0','0','0','0','0','0','0','0','0','0','','','14','2');
INSERT INTO rex_article_slice VALUES ('3','2','','','','','','','','','','','','','','','','','','','','','0','0','0','0','0','0','0','0','0','0','<?||||||+N+||||||||||||+N+||||||if ($FORM[ac] == 1 && $FORM[sf])||||||+N+||||||{||||||+N+||||||||||||+N+||||||	echo \"<b>Hier könnt Ihr Euch für die \".$REX[SERVERNAME].\" an melden. Folgende Features stehen Euch dann zur Verfügung:</b>||||||+N+||||||||||||+N+||||||||||||+N+||||||<br><br><table width=100% cellpadding=0 cellspacing=0 border=0>||||||+N+||||||<tr><td width=20><img src=/pics/bullet.gif width=16 height=16></td><td>Beiträge im Forum schreiben</td></tr>||||||+N+||||||<tr><td width=20><img src=/pics/bullet.gif width=16 height=16></td><td>Kommentare zu Artikeln abgeben</td></tr>||||||+N+||||||<tr><td width=20><img src=/pics/bullet.gif width=16 height=16></td><td>private P-Mails an andere Mitglieder senden</td></tr>||||||+N+||||||<tr><td width=20><img src=/pics/bullet.gif width=16 height=16></td><td>Gästebucheinträge bei anderen Mitglieder</td></tr>||||||+N+||||||<tr><td width=20><img src=/pics/bullet.gif width=16 height=16></td><td>und vieles mehr...</td></tr>||||||+N+||||||</table>||||||+N+||||||||||||+N+||||||<br>Füllt für die Registrierung das folgende Formular aus. Alle Felder die mit (*) gekennzeichnet sind, sind Pflichtfelder um  Mitglied in der \".$REX[SERVERNAME].\" zu werden. Das Passwort wird bei erfolgreicher Übertragung des Formulars in ein paar Minuten als E-Mail zugeschickt.||||||+N+||||||		||||||+N+||||||		<br><br>Nach erhalt der Email und des ersten erfolgreichen Logins ist das von uns automatisch generierte Passwort im Profil änderbar. Ebenso kann man im Profil weitere Daten eintragen. (Interessen, Motto, Hobbys etc.)||||||+N+||||||		<br><br>\";||||||+N+||||||		||||||+N+||||||	if ($FORM[errmsg] != \"\") echo \"<font class=red>\".$FORM[errmsg].\"</font><br><br>\";||||||+N+||||||||||||+N+||||||?>||||||+N+||||||||||||+N+||||||	<table width=510 cellpadding=5 cellspacing=1 border=0>||||||+N+||||||	<form action=index.php method=post>||||||+N+||||||	<input type=hidden name=article_id value=10>||||||+N+||||||	<input type=hidden name=FORM[send] value=1>||||||+N+||||||	<input type=hidden name=FORM[ac] value=1>||||||+N+||||||	||||||+N+||||||	<?||||||+N+||||||	||||||+N+||||||	if ($FORM[err_msg] != \"\") echo \"<tr><td class=warning colspan=2>\".$FORM[err_msg].\"</td></tr><tr><td colspan=2>&nbsp;</td></tr>\";||||||+N+||||||	||||||+N+||||||	?>||||||+N+||||||	||||||+N+||||||	<tr>||||||+N+||||||		<td width=200>Login *:</td>||||||+N+||||||		<td><input type=text size=10 name=FORM[login] value=\"<? echo htmlentities(stripslashes($FORM[login])); ?>\" class=inp100></td>||||||+N+||||||	</tr>||||||+N+||||||	<tr>||||||+N+||||||		<td>Vorname *:</td>||||||+N+||||||		<td><input type=text size=10 name=FORM[vorname] value=\"<? echo htmlentities(stripslashes($FORM[vorname])); ?>\" class=inp100></td>||||||+N+||||||	</tr>||||||+N+||||||	<tr>||||||+N+||||||		<td>Name *:</td>||||||+N+||||||		<td><input type=text size=10 name=FORM[name] value=\"<? echo htmlentities(stripslashes($FORM[name])); ?>\" class=inp100></td>||||||+N+||||||	</tr>||||||+N+||||||	<tr>||||||+N+||||||		<td>Straße/Hausnummer</td>||||||+N+||||||		<td><input type=text size=10 name=FORM[strasse] value=\"<? echo htmlentities(stripslashes($FORM[strasse])); ?>\" class=inp100></td>||||||+N+||||||	</tr>||||||+N+||||||	<tr>||||||+N+||||||		<td>PLZ:</td>||||||+N+||||||		<td><input type=text size=10 name=FORM[plz] value=\"<? echo htmlentities(stripslashes($FORM[plz])); ?>\" class=inp100></td>||||||+N+||||||	</tr>||||||+N+||||||	<tr>||||||+N+||||||		<td>Wohnort:</td>||||||+N+||||||		<td><input type=text size=10 name=FORM[ort] value=\"<? echo htmlentities(stripslashes($FORM[ort])); ?>\" class=inp100></td>||||||+N+||||||	</tr>||||||+N+||||||	<tr>||||||+N+||||||		<td>E-Mail *:</td>||||||+N+||||||		<td><input type=text size=10 name=FORM[email] value=\"<? echo htmlentities(stripslashes($FORM[email])); ?>\" class=inp100></td>||||||+N+||||||	</tr>||||||+N+||||||	<tr>||||||+N+||||||		<td>Telefon:</td>||||||+N+||||||		<td><input type=text size=10 name=FORM[phone] value=\"<? echo htmlentities(stripslashes($FORM[phone])); ?>\" class=inp100></td>||||||+N+||||||	</tr>||||||+N+||||||	<tr>||||||+N+||||||		<td>Geschlecht:</td>||||||+N+||||||		<td><select name=FORM[sex] size=1 class=inp100><?||||||+N+||||||	||||||+N+||||||		if ($FORM[sex]==\"m\")||||||+N+||||||		{||||||+N+||||||			echo \"<option value=\'\'>Keine Angabe</option>\";||||||+N+||||||			echo \"<option value=m selected>Männlich</option>\";||||||+N+||||||			echo \"<option value=w>Weiblich</option>\";||||||+N+||||||		}elseif ($FORM[sex]==\"w\")||||||+N+||||||		{||||||+N+||||||			echo \"<option value=\'\'>Keine Angabe</option>\";||||||+N+||||||			echo \"<option value=m>Männlich</option>\";||||||+N+||||||			echo \"<option value=w selected>Weiblich</option>\";||||||+N+||||||		}else||||||+N+||||||		{||||||+N+||||||			echo \"<option value=\'\' selected>Keine Angabe</option>\";||||||+N+||||||			echo \"<option value=m>Männlich</option>\";||||||+N+||||||			echo \"<option value=w>Weiblich</option>\";||||||+N+||||||		}||||||+N+||||||		||||||+N+||||||		?></select></td>||||||+N+||||||	</tr>||||||+N+||||||	||||||+N+||||||	<?||||||+N+||||||	||||||+N+||||||	if ($FORM[day] == \"\") $day = \"<option value=\'\' selected>--</option>\";||||||+N+||||||	$day = \"<option value=\'\'>--</option>\";||||||+N+||||||	||||||+N+||||||	if ($FORM[month] == \"\") $month = \"<option value=\'\' selected>--</option>\";||||||+N+||||||	$month = \"<option value=\'\'>--</option>\";||||||+N+||||||||||||+N+||||||	if ($FORM[year] == \"\") $year = \"<option value=\'\' selected>----</option>\";||||||+N+||||||	$year = \"<option value=\'\'>----</option>\";||||||+N+||||||	||||||+N+||||||	for($i=1;$i<32;$i++)||||||+N+||||||	if($i<10) if($FORM[day] == \"0\".$i) $day .= \"<option selected>0$i</option>\"; else $day .= \"<option>0$i</option>\";||||||+N+||||||	else if($FORM[day] == $i) $day .= \"<option selected>$i</option>\"; else $day .= \"<option>$i</option>\";||||||+N+||||||	||||||+N+||||||	for($i=1920;$i<2000;$i++)||||||+N+||||||	if($FORM[year] == $i) $year .= \"<option selected>$i</option>\";||||||+N+||||||	else $year .= \"<option >$i</option>\";||||||+N+||||||	||||||+N+||||||	if(isset($FORM[month])) {||||||+N+||||||	$yea = \"sel$FORM[month]\";||||||+N+||||||	$$yea = \"selected\";||||||+N+||||||	}||||||+N+||||||	$month .= \"<option value=01$sel01>Januar<option value=02 $sel02>Februar<option value=03 $sel03>März<option value=04 $sel04>April<option value=05 $sel05>Mai<option value=06 $sel06>Juni<option value=07 $sel07>Juli<option value=08 $sel08>August<option value=09 $sel09>September<option value=10 $sel10>Oktober<option value=11 $sel11>November<option value=12 $sel12>Dezember\";||||||+N+||||||	||||||+N+||||||	?>||||||+N+||||||	||||||+N+||||||	<tr>||||||+N+||||||		<td>Geburtsdatum *:</td>||||||+N+||||||		<td>||||||+N+||||||			<table border=0 cellpadding=0 cellspacing=0 width=50%>||||||+N+||||||			<tr><td><select name=FORM[day] class=inp size=1><?=$day?></select></td>||||||+N+||||||			<td> . </td>||||||+N+||||||			<td><select name=FORM[month] class=inp size=1><?=$month?></select></td>||||||+N+||||||			<td> . </td>||||||+N+||||||			<td><select name=FORM[year] class=inp size=1><?=$year?></select></td>||||||+N+||||||			</tr>||||||+N+||||||			</table></td>||||||+N+||||||	</tr>||||||+N+||||||||||||+N+||||||	||||||+N+||||||	<tr>||||||+N+||||||		<td align=right valign=top width=200><input type=checkbox name=FORM[nutzungsbedingungen] value=1<? ||||||+N+||||||	||||||+N+||||||		if ($FORM[nutzungsbedingungen] != \"\") echo \" checked\";||||||+N+||||||	||||||+N+||||||		?>></td>||||||+N+||||||		<td>Ich habe die Nutzungsbedingungen zur Kenntnis genommen und bin damit einverstanden! *<br><a href=index.php?article_id=14>Nutzungsbedingungen</a></td>||||||+N+||||||	</tr>||||||+N+||||||	<tr>||||||+N+||||||		<td align=right valign=top><input type=checkbox name=FORM[findeok] value=1<? ||||||+N+||||||	||||||+N+||||||		if ($FORM[findeok] != \"\") echo \" checked\";||||||+N+||||||		elseif (!$FORM[send]) echo \" checked\";||||||+N+||||||	||||||+N+||||||		?>></td>||||||+N+||||||		<td>Durch Absenden meiner Registrierung erkläre ich mich bereit, dass die <? echo $REX[SERVERNAME]; ?> die von mir übermittelten Daten zu Zwecken meiner Registrierung speichert. Ich bin jederzeit berechtigt, meine Daten einzusehen und gegebenenfalls durch E-Mail an die Adresse <? echo $REX[error_emailaddress]; ?> zu korrigieren bzw. zu löschen. *</td>||||||+N+||||||	</tr>||||||+N+||||||	<tr>||||||+N+||||||		<td colspan=2>Promotionhinweis/Newsletter (nur wichtig für alle ab 16 Jahren)</td>||||||+N+||||||	</tr>||||||+N+||||||	<tr>||||||+N+||||||		<td align=right valign=top><input type=checkbox name=FORM[marketing] value=1<? ||||||+N+||||||	if ($FORM[send] != 1) $FORM[marketing] =1 ;||||||+N+||||||		if ($FORM[marketing] != \"\") echo \" checked\";||||||+N+||||||	||||||+N+||||||		?>></td>||||||+N+||||||		<td>Ich bin mindestens 16 Jahre alt und damit einverstanden, dass meine gespeicherten Daten für Zwecke der Werbung, Marktforschung und zur bedarfsgerechten Gestaltung des <? echo $REX[SERVERNAME]; ?>-Angebots durch die <? echo $REX[SERVERNAME]; ?> genutzt und insbesondere auch an Dritte übermittelt werden, sofern diese Daten nicht unrechtmäßig gespeichert wurden. Diese Einwilligung kann ich jederzeit durch Absenden einer E-Mail an die Adresse <? echo $REX[error_emailaddress]; ?> mit Wirkung für die Zukunft widerrufen.</td>||||||+N+||||||	</tr>||||||+N+||||||	||||||+N+||||||	<tr>||||||+N+||||||		<td>&nbsp;</td>||||||+N+||||||		<td><input type=submit value=Registrieren></td>||||||+N+||||||	</tr>||||||+N+||||||	||||||+N+||||||	</form>||||||+N+||||||	||||||+N+||||||	</table>||||||+N+||||||<?||||||+N+||||||||||||+N+||||||}||||||+N+||||||||||||+N+||||||?>','','10','1');
INSERT INTO rex_article_slice VALUES ('33','0','MEIN GÄSTEBUCH','','','','','','','','','','','','','','','','','','','','0','0','0','0','0','0','0','0','0','0','','','6','6');
INSERT INTO rex_article_slice VALUES ('34','0','MEINE NACHRICHTEN','','','','','','','','','','','','','','','','','','','','0','0','0','0','0','0','0','0','0','0','','','7','6');
INSERT INTO rex_article_slice VALUES ('35','0','KONTAKT','','','','','','','','','','','','','','','','','','','','0','0','0','0','0','0','0','0','0','0','','','11','6');
INSERT INTO rex_article_slice VALUES ('22','0','HOME','','','','','','','','','','','','','','','','','','','','0','0','0','0','0','0','0','0','0','0','','','1','6');
INSERT INTO rex_article_slice VALUES ('25','24','Kennenlernen Board','','Kennenlernen','','','','','','','','','','','','','','','','','','18','0','0','0','0','0','0','0','0','0','','','2','7');
INSERT INTO rex_article_slice VALUES ('26','0','NEWS','','','','','','','','','','','','','','','','','','','','0','0','0','0','0','0','0','0','0','0','','','3','6');
INSERT INTO rex_article_slice VALUES ('27','0','ALLGEMEINES BOARD','','','','','','','','','','','','','','','','','','','','0','0','0','0','0','0','0','0','0','0','','','17','6');
INSERT INTO rex_article_slice VALUES ('28','0','LERN MICH KENNEN','','','','','','','','','','','','','','','','','','','','0','0','0','0','0','0','0','0','0','0','','','18','6');
INSERT INTO rex_article_slice VALUES ('29','30','startforum','OPEN BOARD','1','','','','','','','','','','','','','','','','','','0','0','0','0','0','0','0','0','0','0','','','8','3');
INSERT INTO rex_article_slice VALUES ('30','0','OPEN BOARD','','','','','','','','','','','','','','','','','','','','0','0','0','0','0','0','0','0','0','0','','','8','6');
INSERT INTO rex_article_slice VALUES ('31','22','Ersparen Sie sich und Ihren Mitarbeitern viel Zeit, denn die Zeiten für die Erstellung und Pflege von kostenintensiven statischen Webseiten sind vorbei. Endgültig!||||||+N+||||||||||||+N+||||||Optimieren Sie stattdessen Ihre professionelle Online-Kommunikation mit einem automatisierten Redaktionssystem, bei dem Sie den Überblick behalten.||||||+N+||||||||||||+N+||||||So profitieren Sie von den zahlreichen Vorteilen, die Ihnen ein Redaktionssystem wie REDAXO bieten kann. Ohne hohen zeitlichen und finanziellen Aufwand werden Sie in die Lage versetzt Ihre Inhalte zu verwalten, zu strukturieren und zu gestalten. Ermöglicht wird dies durch die logische Konzeption von REDAXO und dessen ständige Weiterentwicklung.||||||+N+||||||||||||+N+||||||Das Einsatzgebiet von REDAXO ist beliebig. REDAXO kann im Internet, Ihrem Intranet oder Extranet eingesetzt werden. Ebenso ist der Zweck für die Verwendung von Redaxo beliebig. Egal, ob Mediendatenbank oder Groupware, REDAXO findet überall dort seine Anwendung wo Inhalte schnell online publiziert werden sollen.','','','','','','','','','','','','','','','','','','','','0','0','0','0','0','0','0','0','0','0','','','1','2');
INSERT INTO rex_article_slice VALUES ('36','0','IMPRESSUM','','','','','','','','','','','','','','','','','','','','0','0','0','0','0','0','0','0','0','0','','','12','6');
INSERT INTO rex_article_slice VALUES ('37','0','USERLISTE','','','','','','','','','','','','','','','','','','','','0','0','0','0','0','0','0','0','0','0','','','5','6');
INSERT INTO rex_article_slice VALUES ('38','0','USERLISTE: PROFIL','','','','','','','','','','','','','','','','','','','','0','0','0','0','0','0','0','0','0','0','','','16','6');
INSERT INTO rex_article_slice VALUES ('39','40','0','','','','','','','','','','','','','','','','','','','','0','0','0','0','0','0','0','0','0','0','','','3','8');
INSERT INTO rex_article_slice VALUES ('40','26','','','','','','','','','','','','','','','','','','','','','0','0','0','0','0','0','0','0','0','0','','','3','9');
INSERT INTO rex_article_slice VALUES ('4','32','','','','','','','','','','','','','','','','','','','','','0','0','0','0','0','0','0','0','0','0','<?||||||+N+||||||||||||+N+||||||if ($FORM[send] == 1)||||||+N+||||||{||||||+N+||||||	$FORM[err_msg] = \"\";||||||+N+||||||	||||||+N+||||||	$add = new sql;||||||+N+||||||	$add->settable(\"rex__user\");||||||+N+||||||	// $add->debugsql = 1;||||||+N+||||||	$add->where(\"id=\".$FORM[USER]->getvalue(\"id\"));||||||+N+||||||	||||||+N+||||||	if ($FORM[firstname] == \"\") $FORM[err_msg] .= \"Der Vorname ist nicht eingetragen und wird daher nicht übernommen!<br>\";||||||+N+||||||	else $add->setvalue(\"firstname\", $FORM[firstname]);||||||+N+||||||		||||||+N+||||||	if ($FORM[name] == \"\") $FORM[err_msg] .= \"Der Name ist nicht eingetragen und wird daher nicht übernommen!<br>\";||||||+N+||||||	else $add->setvalue(\"name\", $FORM[name]);||||||+N+||||||	||||||+N+||||||	if($FORM[pass1] != $FORM[pass2] ) $FORM[err_msg] = \"Die Passwörter sind nicht identisch und werden daher nicht übernommen\";||||||+N+||||||	else $add->setvalue(\"psw\", $FORM[pass1]);||||||+N+||||||	||||||+N+||||||	if (!checkdate($FORM[month],$FORM[day],$FORM[year])) $FORM[err_msg] .= \"Das Geburtsdatum ist falsch !<br>\";||||||+N+||||||	else $add->setvalue(\"birthday\", $FORM[day].\".\".$FORM[month].\".\".$FORM[year]);||||||+N+||||||||||||+N+||||||	$add->setvalue(\"newsletter\", $FORM[newsletter]);||||||+N+||||||||||||+N+||||||	// community values||||||+N+||||||||||||+N+||||||	$add->setvalue(\"showinfo\", $FORM[showinfo]);||||||+N+||||||	$add->setvalue(\"sex\", $FORM[sex]);||||||+N+||||||	// $add->setvalue(\"singlestatus\", $FORM[singlestatus]);	||||||+N+||||||	$add->setvalue(\"motto\", $FORM[motto]);||||||+N+||||||	$add->setvalue(\"interests\", $FORM[interests]);||||||+N+||||||	$add->setvalue(\"homepage\", $FORM[homepage]);||||||+N+||||||	$add->setvalue(\"ilike\", $FORM[ilike]);||||||+N+||||||	$add->setvalue(\"aboutme\", $FORM[aboutme]);||||||+N+||||||	$add->setvalue(\"color_eyes\", $FORM[color_eyes]);||||||+N+||||||	$add->setvalue(\"color_hair\", $FORM[color_hair]);||||||+N+||||||	$add->setvalue(\"profession\", $FORM[profession]);||||||+N+||||||	$add->setvalue(\"size\", $FORM[size]);||||||+N+||||||	$add->setvalue(\"wheight\", $FORM[wheight]);||||||+N+||||||	$add->setvalue(\"check1\", $FORM[check1]);||||||+N+||||||	$add->setvalue(\"check2\", $FORM[check2]);||||||+N+||||||	$add->setvalue(\"phone\", $FORM[phone]);	||||||+N+||||||	||||||+N+||||||	if($_FILES[FORM][size][foto] > 0)||||||+N+||||||	{||||||+N+||||||	||||||+N+||||||		if(in_array(substr($_FILES[FORM][name][foto],-3) ,array(\"gif\",\"jpg\",\"png\",\"GIF\",\"JPG\",\"PNG\",\"jpeg\",\"JPEG\")))||||||+N+||||||		{||||||+N+||||||	||||||+N+||||||			list($width, $height, $type, $str) = getimagesize($_FILES[FORM][tmp_name][foto]);||||||+N+||||||	||||||+N+||||||			$newwidth = 200;||||||+N+||||||			$newheight = round(($newwidth/$width)*$height);||||||+N+||||||		||||||+N+||||||			// typecheck and resize the pic||||||+N+||||||			if($type == 1)||||||+N+||||||			{||||||+N+||||||				$neu =  imagecreate ( $newwidth, $newheight );||||||+N+||||||				$im = @imagecreatefromgif ($_FILES[FORM][tmp_name][foto]);||||||+N+||||||				imagecopyresampled ($neu, $im, 0, 0,0,0, $newwidth, $newheight, $width, $height);||||||+N+||||||				$whereto=$FORM[USER]->getvalue(\"rex__user.id\").\".gif\";||||||+N+||||||				imagepng( $neu, \"files/user/\".$whereto);||||||+N+||||||		||||||+N+||||||			}elseif ( $type == 2)||||||+N+||||||			{||||||+N+||||||		||||||+N+||||||				$neu =  imagecreatetruecolor ( $newwidth, $newheight );||||||+N+||||||				$im = @imagecreatefromjpeg ($_FILES[FORM][tmp_name][foto]);||||||+N+||||||				imagecopyresampled ($neu, $im, 0, 0,0,0, $newwidth, $newheight, $width, $height);||||||+N+||||||				$whereto = $FORM[USER]->getvalue(\"rex__user.id\").\".jpg\";||||||+N+||||||				imagejpeg( $neu, \"files/user/\".$whereto);||||||+N+||||||		||||||+N+||||||			}elseif($type == 3)||||||+N+||||||			{||||||+N+||||||		||||||+N+||||||				$neu =  imagecreatetruecolor ( $newwidth, $newheight );||||||+N+||||||				$im = @imagecreatefrompng ($_FILES[FORM][tmp_name][foto]);||||||+N+||||||				imagecopyresampled ($neu, $im, 0, 0,0,0, $newwidth, $newheight, $width, $height);||||||+N+||||||				$whereto = $FORM[USER]->getvalue(\"rex__user.id\").\".png\";||||||+N+||||||				imagepng( $neu, \"files/user/\".$whereto);||||||+N+||||||		||||||+N+||||||			}else||||||+N+||||||			{||||||+N+||||||		||||||+N+||||||				$FORM[col][foto] = 1;||||||+N+||||||				$FORM[err_msg] .= \"Das Foto muß im Format jpg, gif oder png sein.<br>\";||||||+N+||||||			||||||+N+||||||			} // end von typecheck||||||+N+||||||		||||||+N+||||||			$add->setvalue(file, $whereto);||||||+N+||||||			$fotoname = \"files/user/\".$whereto;||||||+N+||||||			$fotoaus = \"<img src=files/user/\".$whereto.\"><br><input type=checkbox name=FORM[delfoto] value=TRUE> Bild löschen\";||||||+N+||||||		||||||+N+||||||		}||||||+N+||||||	||||||+N+||||||	} // end if für test ob uploadedfile size größer 0||||||+N+||||||		||||||+N+||||||		||||||+N+||||||	if($FORM[delfoto] == \'TRUE\')||||||+N+||||||	{||||||+N+||||||		$add->setvalue(file, \"\");||||||+N+||||||		// unlink($FORM[fotoname]);||||||+N+||||||		$fotoaus = \"<input type=file size=10 name=FORM[foto] class=inp100>\";||||||+N+||||||	}||||||+N+||||||	||||||+N+||||||		||||||+N+||||||	$add->update();||||||+N+||||||	||||||+N+||||||	if ($FORM[err_msg]==\"\") $FORM[err_msg] .= \"Das Profil wurde erfolgreich aktualisiert.<br>\";||||||+N+||||||	else $FORM[err_msg] = \"Das Profil wurde erfolgreich aktualisiert. Dennoch gab es folgende Fehlermeldungen:<br><br>\".$FORM[err_msg];	||||||+N+||||||	||||||+N+||||||||||||+N+||||||}  // end else send != 1||||||+N+||||||||||||+N+||||||?>','','4','1');
INSERT INTO rex_article_slice VALUES ('5','4','Diese persönlichen Daten sind notwendig um Mitglied in der Comunity zu sein. Andere User können diese Daten nicht einsehen!','','','','','','','','','','','','','','','','','','','','0','0','0','0','0','0','0','0','0','0','','','4','2');
INSERT INTO rex_article_slice VALUES ('6','5','','','','','','','','','','','','','','','','','','','','','0','0','0','0','0','0','0','0','0','0','<table width=510 cellpadding=5 cellspacing=1 border=0>||||||+N+||||||<form action=index.php method=post enctype=multipart/form-data>||||||+N+||||||<input type=hidden name=article_id value=4>||||||+N+||||||<input type=hidden name=FORM[send] value=1>||||||+N+||||||<input type=hidden name=MAX_FILE_SIZE value=500000>||||||+N+||||||||||||+N+||||||<tr>||||||+N+||||||	<td class=dgrey colspan=2><b>Persönliche Daten:</b></td>||||||+N+||||||</tr>||||||+N+||||||<?||||||+N+||||||||||||+N+||||||// GET USER||||||+N+||||||||||||+N+||||||$FORM[USERNEU] = new sql;||||||+N+||||||$FORM[USERNEU]->setQuery(\"select * from rex__user where id=\'\".$FORM[USER]->getValue(\"id\").\"\'\");||||||+N+||||||||||||+N+||||||if ($FORM[err_msg] != \"\") echo \"<tr><td colspan=2 class=warning>\".$FORM[err_msg].\"</td></tr>\";||||||+N+||||||||||||+N+||||||?>||||||+N+||||||<tr>||||||+N+||||||	<td>Login:</td>||||||+N+||||||	<td><b><? echo htmlentities(stripslashes($FORM[USERNEU]->getvalue(\"login\"))); ?></b></td>||||||+N+||||||</tr>||||||+N+||||||<tr>||||||+N+||||||	<td>Vorname *:</td>||||||+N+||||||	<td><input type=text size=10 name=FORM[firstname] value=\"<? echo htmlentities(stripslashes($FORM[USERNEU]->getvalue(\"firstname\"))); ?>\" class=inp100></td>||||||+N+||||||</tr>||||||+N+||||||<tr>||||||+N+||||||	<td>Name *:</td>||||||+N+||||||	<td><input type=text size=10 name=FORM[name] value=\"<? echo htmlentities(stripslashes($FORM[USERNEU]->getvalue(\"name\"))); ?>\" class=inp100></td>||||||+N+||||||</tr>||||||+N+||||||||||||+N+||||||<tr>||||||+N+||||||	<td></td>||||||+N+||||||	<td>Die Emailadresse ist aus sicherheitstechnischen Gründen nicht änderbar. Sollte jedoch eine Änderung notwendig sein, dann informiert uns über das <a href=index.php?article_id=11>Kontaktformular</a></td>||||||+N+||||||</tr>||||||+N+||||||<tr>||||||+N+||||||	<td>E-Mail *:</td>||||||+N+||||||	<td><b><? echo htmlentities(stripslashes($FORM[USERNEU]->getvalue(\"email\"))); ?></b></td>||||||+N+||||||</tr>||||||+N+||||||<tr>||||||+N+||||||	<td>Straße:</td>||||||+N+||||||	<td><input type=text size=10 name=FORM[street] value=\"<? echo htmlentities(stripslashes($FORM[USERNEU]->getvalue(\"street\"))); ?>\" class=inp100></td>||||||+N+||||||</tr>||||||+N+||||||||||||+N+||||||<tr>||||||+N+||||||	<td>PLZ:</td>||||||+N+||||||	<td><input type=text size=10 name=FORM[zip] value=\"<? echo htmlentities(stripslashes($FORM[USERNEU]->getvalue(\"zip\"))); ?>\" maxlength=5 style=\'width:80px;\' class=inp></td>||||||+N+||||||</tr>||||||+N+||||||<tr>||||||+N+||||||	<td>Wohnort:</td>||||||+N+||||||	<td><input type=text size=10 name=FORM[city] value=\"<? echo htmlentities(stripslashes($FORM[USERNEU]->getvalue(\"city\"))); ?>\" class=inp100></td>||||||+N+||||||</tr>||||||+N+||||||<tr>||||||+N+||||||	<td>Telefon:</td>||||||+N+||||||	<td><input type=text size=10 name=FORM[phone] value=\"<? echo htmlentities(stripslashes($FORM[USERNEU]->getvalue(\"phone\"))); ?>\" class=inp100></td>||||||+N+||||||</tr>||||||+N+||||||||||||+N+||||||<tr>||||||+N+||||||	<td></td>||||||+N+||||||	<td>Passwort ändern? Kein Problem, einfach zweimal das neue Passwort eingeben und unten mit dem Button aktualisieren bestätigen.<br></td>||||||+N+||||||</tr>||||||+N+||||||<tr>||||||+N+||||||	<td>Neues Passwort:</td>||||||+N+||||||	<td><input type=password size=10 name=FORM[pass1] value=\"<? echo htmlentities(stripslashes($FORM[USERNEU]->getvalue(\"psw\"))); ?>\" class=inp100></td>||||||+N+||||||</tr>||||||+N+||||||<tr>||||||+N+||||||	<td>Neues Passwort: [wiederholen]</td>||||||+N+||||||	<td><input type=password size=10 name=FORM[pass2] value=\"<? echo htmlentities(stripslashes($FORM[USERNEU]->getvalue(\"psw\"))); ?>\" class=inp100></td>||||||+N+||||||</tr>||||||+N+||||||||||||+N+||||||<?||||||+N+||||||||||||+N+||||||list($FORM[day],$FORM[month],$FORM[year]) = explode(\".\",$FORM[USERNEU]->getvalue(\"birthday\"));||||||+N+||||||||||||+N+||||||for($i=1;$i<32;$i++)||||||+N+||||||if($i<10) if($FORM[day] == \"0\".$i) $day .= \"<option selected=\\\"selected\\\">0$i</option>\"; else $day .= \"<option>0$i</option>\";||||||+N+||||||else if($FORM[day] == $i) $day .= \"<option selected=\\\"selected\\\">$i</option>\"; else $day .= \"<option>$i</option>\";||||||+N+||||||||||||+N+||||||for($i=1920;$i<2000;$i++)||||||+N+||||||if($FORM[year] == $i) $year .= \"<option selected=\\\"selected\\\">$i</option>\";||||||+N+||||||else $year .= \"<option >$i</option>\";||||||+N+||||||||||||+N+||||||if(isset($FORM[month]))||||||+N+||||||{||||||+N+|||||| $yea = \"sel$FORM[month]\";||||||+N+|||||| $$yea = \"selected=\\\"selected\\\"\";||||||+N+||||||}||||||+N+||||||||||||+N+||||||$month = \"<option value=01 $sel01>Januar<option value=02 $sel02>Februar<option value=03 $sel03>März<option value=04 $sel04>April<option value=05 $sel05>Mai<option value=06 $sel06>Juni<option value=07 $sel07>Juli<option value=08 $sel08>August<option value=09 $sel09>September<option value=10 $sel10>Oktober<option value=11 $sel11>November<option value=12 $sel12>Dezember\";||||||+N+||||||||||||+N+||||||?>||||||+N+||||||||||||+N+||||||<tr>||||||+N+||||||	<td>Geburtsdatum:</td>||||||+N+||||||	<td>||||||+N+||||||||||||+N+||||||	<table border=0 cellpadding=0 cellspacing=0 width=50%>||||||+N+||||||	<tr><td><select name=FORM[day] size=1 class=inp><?=$day?></select></td>||||||+N+||||||	<td> . </td>||||||+N+||||||	<td><select name=FORM[month] size=1 class=inp><?=$month?></select></td>||||||+N+||||||	<td> . </td>||||||+N+||||||	<td><select name=FORM[year] size=1 class=inp><?=$year?></select></td>||||||+N+||||||	</tr>||||||+N+||||||	</table>||||||+N+||||||	||||||+N+||||||	</td>||||||+N+||||||</tr>||||||+N+||||||||||||+N+||||||<tr>||||||+N+||||||	<td valign=top align=right><input type=checkbox value=1 name=FORM[newsletter]<?||||||+N+||||||	if ($FORM[USERNEU]->getvalue(\"newsletter\") == \"1\") echo \" checked\";||||||+N+||||||	?>></td>||||||+N+||||||	<td>Ich möchte den Newsletter erhalten.<br><br></td>||||||+N+||||||</tr>||||||+N+||||||||||||+N+||||||<tr>||||||+N+||||||	<td align=right><input type=checkbox value=1 name=FORM[check2]<?||||||+N+||||||	if ($FORM[USERNEU]->getvalue(\"check2\") == \"1\") echo \" checked\";||||||+N+||||||	?>></td>||||||+N+||||||	<td>Ich möchte über E-Mail benachrichtigt werden sobald ich eine Nachricht von einem anderen User bekomme.</td>||||||+N+||||||</tr>||||||+N+||||||||||||+N+||||||<tr>||||||+N+||||||	<td class=dgrey colspan=2><b>Community Daten:</b></td>||||||+N+||||||</tr>||||||+N+||||||<tr>||||||+N+||||||	<td></td>||||||+N+||||||	<td>Die Daten hier sind auf freiwilliger Basis, um anderen Leuten in der Comunity etwas von sich zu erzählen. <br><font class=warning><b>Wer seine Community Daten in der Community sichtbar machen möchte, bitte im folgenden Kästchen ein Häkchen setzen!</b></font></td>||||||+N+||||||</tr>||||||+N+||||||<tr>||||||+N+||||||	<td align=right><input value=1 type=checkbox name=FORM[showinfo]<?||||||+N+||||||||||||+N+||||||	if ($FORM[USERNEU]->getvalue(\"showinfo\") == \"1\") echo \" checked\";||||||+N+||||||||||||+N+||||||	?>></td>||||||+N+||||||	<td><b>Community Daten veröffentlichen</b></td>||||||+N+||||||</tr>||||||+N+||||||||||||+N+||||||<tr>||||||+N+||||||	<td>Mein Foto *:</td>||||||+N+||||||	<td><?||||||+N+||||||	||||||+N+||||||	// check if foto should be showed or not||||||+N+||||||	if($FORM[USERNEU]->getvalue(\"file\")!=\"\")||||||+N+||||||	{||||||+N+||||||		$fotoname = \"files/user/\".$FORM[USERNEU]->getvalue(\"rex__user.file\");||||||+N+||||||		echo \"<img src=files/user/\".$FORM[USERNEU]->getvalue(\"rex__user.file\").\"><br>Wenn das Bild ausgetauscht wurde kann es passieren, dass das vorherige Bild zu sehen ist [CACHE]. Bitte klickt dann nochmal oben im Menü auf das Profil und aktualisiert diese Seite.||||||+N+||||||		<br><input type=checkbox name=FORM[delfoto] value=TRUE> Bild löschen\";||||||+N+||||||	} else||||||+N+||||||	{||||||+N+||||||		echo \"<input type=file size=10 name=FORM[foto] class=inp100>\";||||||+N+||||||	}||||||+N+||||||||||||+N+||||||	||||||+N+||||||	||||||+N+||||||	?></td>||||||+N+||||||</tr>||||||+N+||||||||||||+N+||||||<tr>||||||+N+||||||	<td>Geschlecht:</td>||||||+N+||||||	<td><select name=FORM[sex] size=1 class=inp100><?||||||+N+||||||||||||+N+||||||	if ($FORM[USERNEU]->getvalue(\"sex\")==\"m\")||||||+N+||||||	{||||||+N+||||||		echo \"<option value=\'\'>Keine Angabe</option>\";||||||+N+||||||		echo \"<option value=m selected>Männlich</option>\";||||||+N+||||||		echo \"<option value=w>Weiblich</option>\";||||||+N+||||||	}elseif ($FORM[USERNEU]->getvalue(\"sex\")==\"w\")||||||+N+||||||	{||||||+N+||||||		echo \"<option value=\'\'>Keine Angabe</option>\";||||||+N+||||||		echo \"<option value=m>Männlich</option>\";||||||+N+||||||		echo \"<option value=w selected>Weiblich</option>\";||||||+N+||||||	}else||||||+N+||||||	{||||||+N+||||||		echo \"<option value=\'\' selected>Keine Angabe</option>\";||||||+N+||||||		echo \"<option value=m>Männlich</option>\";||||||+N+||||||		echo \"<option value=w>Weiblich</option>\";||||||+N+||||||	}||||||+N+||||||	||||||+N+||||||	?></select></td>||||||+N+||||||</tr>||||||+N+||||||||||||+N+||||||<!--||||||+N+||||||<tr>||||||+N+||||||	<td>Single Status:</td>||||||+N+||||||	<td><select name=FORM[singlestatus] size=1 class=inp100>||||||+N+||||||		<option value=0 <? if($FORM[USERNEU]->getvalue(\"singlestatus\") == 0) echo \"selected=\\\"selected\\\"\"; ?>>keine Angabe</option>||||||+N+||||||		<option value=1 <? if($FORM[USERNEU]->getvalue(\"singlestatus\") == 1) echo \"selected=\\\"selected\\\"\"; ?>>glücklich single</option>||||||+N+||||||		<option value=2 <? if($FORM[USERNEU]->getvalue(\"singlestatus\") == 2) echo \"selected=\\\"selected\\\"\"; ?>>single</option>||||||+N+||||||		<option value=3 <? if($FORM[USERNEU]->getvalue(\"singlestatus\") == 3) echo \"selected=\\\"selected\\\"\"; ?>>gebunden</option>||||||+N+||||||		<option value=4 <? if($FORM[USERNEU]->getvalue(\"singlestatus\") == 4) echo \"selected=\\\"selected\\\"\"; ?>>fest gebunden</option>||||||+N+||||||		<option value=5 <? if($FORM[USERNEU]->getvalue(\"singlestatus\") == 5) echo \"selected=\\\"selected\\\"\"; ?>>verlobt</option>||||||+N+||||||		<option value=6 <? if($FORM[USERNEU]->getvalue(\"singlestatus\") == 6) echo \"selected=\\\"selected\\\"\"; ?>>verheiratet</option>||||||+N+||||||		</select>||||||+N+||||||	</td>||||||+N+||||||</tr>||||||+N+||||||-->||||||+N+||||||<tr>||||||+N+||||||	<td align=right><input type=checkbox value=1 name=FORM[check1]<?||||||+N+||||||	if ($FORM[USERNEU]->getvalue(\"check1\") == \"1\") echo \" checked\";||||||+N+||||||	?>></td>||||||+N+||||||	<td>Geburtstag öffentlich</td>||||||+N+||||||</tr>||||||+N+||||||<tr>||||||+N+||||||	<td>Mein Motto:</td>||||||+N+||||||	<td><textarea rows=5 name=FORM[motto] class=inp100area><? echo htmlentities(stripslashes($FORM[USERNEU]->getvalue(\"motto\"))); ?></textarea></td>||||||+N+||||||</tr>||||||+N+||||||<tr>||||||+N+||||||	<td>Hobbys:</td>||||||+N+||||||	<td><textarea rows=5 name=FORM[interests] class=inp100area><? echo htmlentities(stripslashes($FORM[USERNEU]->getvalue(\"interests\"))); ?></textarea></td>||||||+N+||||||</tr>||||||+N+||||||<tr>||||||+N+||||||	<td>HomePage:</td>||||||+N+||||||	<td><input type=text size=10 name=FORM[homepage] value=\"<? echo htmlentities(stripslashes($FORM[USERNEU]->getvalue(\"homepage\"))); ?>\" class=inp100></td>||||||+N+||||||</tr>||||||+N+||||||<tr>||||||+N+||||||	<td>Positiven Eigenschaften:</td>||||||+N+||||||	<td><textarea rows=5 name=FORM[ilike] class=inp100area><? echo htmlentities(stripslashes($FORM[USERNEU]->getvalue(\"ilike\"))); ?></textarea></td>||||||+N+||||||</tr>||||||+N+||||||<tr>||||||+N+||||||	<td>Negativen Eigenschaften:</td>||||||+N+||||||	<td><textarea rows=5 name=FORM[aboutme] class=inp100area><? echo htmlentities(stripslashes($FORM[USERNEU]->getvalue(\"aboutme\"))); ?></textarea></td>||||||+N+||||||</tr>||||||+N+||||||<tr>||||||+N+||||||	<td>Augenfarbe:</td>||||||+N+||||||	<td><input type=text size=10 name=FORM[color_eyes] value=\"<? echo htmlentities(stripslashes($FORM[USERNEU]->getvalue(\"color_eyes\"))); ?>\" class=inp100></td>||||||+N+||||||</tr>||||||+N+||||||<tr>||||||+N+||||||	<td>Haarfarbe:</td>||||||+N+||||||	<td><input type=text size=10 name=FORM[color_hair] value=\"<? echo htmlentities(stripslashes($FORM[USERNEU]->getvalue(\"color_hair\"))); ?>\" class=inp100></td>||||||+N+||||||</tr>||||||+N+||||||<tr>||||||+N+||||||	<td>Beruf:</td>||||||+N+||||||	<td><input type=text size=10 name=FORM[profession] value=\"<? echo htmlentities(stripslashes($FORM[USERNEU]->getvalue(\"profession\"))); ?>\" class=inp100></td>||||||+N+||||||</tr>||||||+N+||||||||||||+N+||||||<tr>||||||+N+||||||	<td>Statur:</td>||||||+N+||||||	<td><select name=FORM[size] size=1 class=inp100>||||||+N+||||||		<option value=\'\' <? if($FORM[USERNEU]->getvalue(\"size\") == 0) echo \"selected=\\\"selected\\\"\"; ?>>keine Angabe</option>||||||+N+||||||		<option value=\'Luxuskörper\' <? if($FORM[USERNEU]->getvalue(\"size\") == \'Luxuskörper\') echo \"selected=\\\"selected\\\"\"; ?>>Luxuskörper</option>||||||+N+||||||		<option value=\'Modelmaße\' <? if($FORM[USERNEU]->getvalue(\"size\") == \'Modelmaße\') echo \"selected=\\\"selected\\\"\"; ?>>Modelmaße</option>||||||+N+||||||		<option value=\'Muskeln pur\' <? if($FORM[USERNEU]->getvalue(\"size\") == \'Muskeln pur\') echo \"selected=\\\"selected\\\"\"; ?>>Muskeln pur</option>||||||+N+||||||		<option value=\'Leichtgewicht\' <? if($FORM[USERNEU]->getvalue(\"size\") == \'Leichtgewicht\') echo \"selected=\\\"selected\\\"\"; ?>>Leichtgewicht</option>||||||+N+||||||		<option value=\'Schwergewicht\' <? if($FORM[USERNEU]->getvalue(\"size\") == \'Schwergewicht\') echo \"selected=\\\"selected\\\"\"; ?>>Schwergewicht</option>||||||+N+||||||		<option value=\'Rundungen gezielt platziert\' <? if($FORM[USERNEU]->getvalue(\"size\") == \'Rundungen gezielt platziert\') echo \"selected=\\\"selected\\\"\"; ?>>Rundungen gezielt platziert</option>||||||+N+||||||		</select>||||||+N+||||||	</td>||||||+N+||||||</tr>||||||+N+||||||<tr>||||||+N+||||||	<td>Ich bin bei der <? echo $REX[SERVERNAME]; ?>, weil:</td>||||||+N+||||||	<td><textarea rows=5 name=FORM[wheight] class=inp100area><? echo htmlentities(stripslashes($FORM[USERNEU]->getvalue(\"wheight\"))); ?></textarea></td>||||||+N+||||||</tr>||||||+N+||||||<tr>||||||+N+||||||	<td>&nbsp;</td>||||||+N+||||||	<td><input type=submit value=aktualisieren></td>||||||+N+||||||</tr>||||||+N+||||||</form>||||||+N+||||||</table>','','4','1');
INSERT INTO rex_article_slice VALUES ('7','34','','','','','','','','','','','','','','','','','','','','','0','0','0','0','0','0','0','0','0','0','<?||||||+N+||||||||||||+N+||||||if($FORM[funktion] == \'delete\'){||||||+N+||||||||||||+N+||||||$del = new sql;||||||+N+||||||$del->settable(rex__user_mail);||||||+N+||||||$del->where(\"user_id=\".$FORM[USER]->getvalue(\"id\").\" AND id=$FORM[target_id]\");||||||+N+||||||$del->setvalue(status, 0);||||||+N+||||||$del->update();||||||+N+||||||||||||+N+||||||echo \"<font class=warning>Die Mail wurde erfolgreich gelöscht.<br><br></font>\"; ||||||+N+||||||||||||+N+||||||}||||||+N+||||||||||||+N+||||||||||||+N+||||||||||||+N+||||||?>','','7','1');
INSERT INTO rex_article_slice VALUES ('8','7','Hier erscheinen Deine privaten P-Mails von Freunden und anderen Menschen. Antworte Ihnen oder lösche die Nachrichten.','','','','','','','','','','','','','','','','','','','','0','0','0','0','0','0','0','0','0','0','','','7','2');
INSERT INTO rex_article_slice VALUES ('9','8','','','','','','','','','','','','','','','','','','','','','0','0','0','0','0','0','0','0','0','0','<?||||||+N+||||||||||||+N+||||||$GU = new sql;||||||+N+||||||$GU->setQuery(\"select * from rex__user_mail ||||||+N+||||||left join rex__user on rex__user.id=rex__user_mail.from_user_id ||||||+N+||||||where rex__user_mail.user_id=\'\".$FORM[USER]->getValue(\"rex__user.id\").\"\' and rex__user_mail.status>0 order by rex__user_mail.stamp\");||||||+N+||||||||||||+N+||||||echo \"<table width=100% cellpadding=3 cellspacing=1 border=0>\";||||||+N+||||||echo \"<tr>||||||+N+||||||<td class=dgrey width=20%><b>Datum</b></td>||||||+N+||||||<td class=dgrey width=20%><b>Von</b></td>||||||+N+||||||<td class=dgrey><b>Nachricht</b></td>||||||+N+||||||</tr>\";||||||+N+||||||||||||+N+||||||for ($i=0;$i<$GU->getRows();$i++)||||||+N+||||||{||||||+N+||||||echo \"<tr>\";||||||+N+||||||||||||+N+||||||echo \"<td class=grey valign=top>||||||+N+||||||\".date(\"d. M Y\",htmlentities($GU->getValue(\"rex__user_mail.stamp\"))).\"<br>||||||+N+||||||\".date(\"H:i:s\",htmlentities($GU->getValue(\"rex__user_mail.stamp\"))).\"</td>\";||||||+N+||||||||||||+N+||||||echo \"<td class=grey valign=top>||||||+N+||||||<a href=index.php?article_id=16&FORM[user_id]=\".$GU->getValue(\"rex__user_mail.from_user_id\").\">||||||+N+||||||\".htmlentities($GU->getValue(\"rex__user.login\")).\"</a></td>\";||||||+N+||||||||||||+N+||||||echo \"<td class=grey valign=top>\".nl2br(htmlentities($GU->getValue(\"rex__user_mail.message\"))).\"<br><br>||||||+N+||||||[ <a href=index.php?article_id=7&FORM[target_id]=\".$GU->getvalue(\"rex__user_mail.id\").\"&FORM[funktion]=delete>löschen</a> ]</td>\";||||||+N+||||||echo \"</tr>\";||||||+N+||||||||||||+N+||||||$GU->next();||||||+N+||||||}||||||+N+||||||if ($GU->getRows()==0) echo \"<tr><td colspan=3 class=grey>Keine privaten Nachrichten gefunden !</td></tr>\";||||||+N+||||||echo \"</table>\";||||||+N+||||||||||||+N+||||||?>','','7','1');
INSERT INTO rex_article_slice VALUES ('10','33','','','','','','','','','','','','','','','','','','','','','0','0','0','0','0','0','0','0','0','0','<?||||||+N+||||||||||||+N+||||||if($FORM[funktion] == \'delete\'){||||||+N+||||||||||||+N+||||||$del = new sql;||||||+N+||||||$del->settable(rex__user_comment);||||||+N+||||||$del->where(\"user_id=\".$FORM[USER]->getvalue(\"id\").\" AND id=$FORM[target_id]\");||||||+N+||||||$del->setvalue(status, 0);||||||+N+||||||$del->update();||||||+N+||||||||||||+N+||||||echo \"<font class=warning>Der Gästebucheintrag wurde erfolgreich gelöscht.<br><br></font>\"; ||||||+N+||||||||||||+N+||||||}||||||+N+||||||||||||+N+||||||||||||+N+||||||||||||+N+||||||?>','','6','1');
INSERT INTO rex_article_slice VALUES ('11','10','Hier sind öffentliche Kommentare von anderen Usern. Man kann sie natürlich jederzeit löschen. Sollte ein Kommentar dabei sein, der anstößig ist, dann Email an die Betreiber.','','','','','','','','','','','','','','','','','','','','0','0','0','0','0','0','0','0','0','0','','','6','2');
INSERT INTO rex_article_slice VALUES ('12','11','','','','','','','','','','','','','','','','','','','','','0','0','0','0','0','0','0','0','0','0','<?||||||+N+||||||||||||+N+||||||$GU = new sql;||||||+N+||||||$GU->setQuery(\"select * from rex__user_comment ||||||+N+||||||left join rex__user on rex__user.id=rex__user_comment.from_user_id ||||||+N+||||||where rex__user_commentuser_id=\'\".$FORM[USER]->getValue(\"rex__user.id\").\"\' and rex__user_commentstatus>0 order by rex__user_comment.stamp\");||||||+N+||||||||||||+N+||||||$GU->setQuery(\"select * from rex__user_comment||||||+N+||||||left join rex__user on rex__user.id=rex__user_comment.from_user_id||||||+N+||||||where rex__user_comment.user_id=\'\".$FORM[USER]->getValue(\"rex__user.id\").\"\' and rex__user_comment.status>0 order by rex__user_comment.stamp\");||||||+N+||||||||||||+N+||||||||||||+N+||||||echo \"<table width=100% cellpadding=3 cellspacing=1 border=0>\";||||||+N+||||||echo \"<tr>||||||+N+||||||<td class=dgrey width=20%><b>Datum</b></td>||||||+N+||||||<td class=dgrey width=20%><b>Von</b></td>||||||+N+||||||<td class=dgrey><b>Kommentar</b></td>||||||+N+||||||</tr>\";||||||+N+||||||||||||+N+||||||for ($i=0;$i<$GU->getRows();$i++)||||||+N+||||||{||||||+N+||||||echo \"<tr>\";||||||+N+||||||echo \"<td class=grey valign=top>\".||||||+N+||||||date(\"d. M Y\",htmlentities($GU->getValue(\"rex__user_comment.stamp\"))).\"<br>\".||||||+N+||||||date(\"H:i:s\",htmlentities($GU->getValue(\"rex__user_comment.stamp\"))).\"</td>\";||||||+N+||||||echo \"<td class=grey valign=top><a href=index.php?article_id=16&FORM[user_id]=\".||||||+N+||||||$GU->getValue(\"rex__user_comment.from_user_id\").\">\".||||||+N+||||||htmlentities($GU->getValue(\"rex__user.login\")).\"</a></td>\";||||||+N+||||||echo \"<td class=grey valign=top>\".nl2br(htmlentities($GU->getValue(\"rex__user_comment.message\"))).\"<br><br>||||||+N+||||||[ <a href=index.php?article_id=6&FORM[target_id]=\".||||||+N+||||||$GU->getvalue(\"rex__user_comment.id\").\"&FORM[funktion]=delete>löschen</a> ]||||||+N+||||||</td>\";||||||+N+||||||echo \"</tr>\";||||||+N+||||||$GU->next();||||||+N+||||||}||||||+N+||||||if ($GU->getRows()==0) echo \"<tr><td colspan=3 class=grey>Keine privaten Nachrichten gefunden !</td></tr>\";||||||+N+||||||echo \"</table>\";||||||+N+||||||||||||+N+||||||?>','','6','1');
INSERT INTO rex_article_slice VALUES ('13','37','','','','','','','','','','','','','','','','','','','','','0','0','0','0','0','0','0','0','0','0','<?||||||+N+||||||||||||+N+||||||||||||+N+||||||echo \"<table width=100% cellpadding=3 cellspacing=1 border=0>\";||||||+N+||||||echo \"<form action=index.php method=get>\";||||||+N+||||||echo \"<input type=hidden name=article_id value=5>\";||||||+N+||||||echo \"<tr>\";||||||+N+||||||echo \"<td class=dgrey width=100><b>Suche:</b></td>\";||||||+N+||||||echo \"<td class=dgrey width=100><input type=text name=FORM[searchtxt] value=\'\".htmlentities($FORM[searchtxt]).\"\' class=inp100></td>\";||||||+N+||||||echo \"<td class=dgrey width=100><b>Geschlecht</b></td>\";||||||+N+||||||echo \"<td class=dgrey width=100><select name=FORM[geschlecht] size=1 class=inp100>\";||||||+N+||||||||||||+N+||||||if ($FORM[geschlecht] == \"\") echo \"<option value=\'\' selected>Keine Angabe</option>\";||||||+N+||||||else echo \"<option value=\'\'>Kein Angabe</option>\";||||||+N+||||||||||||+N+||||||if ($FORM[geschlecht] == \"w\") echo \"<option value=\'w\' selected>Weiblich</option>\";||||||+N+||||||else echo \"<option value=\'w\'>Weiblich</option>\";||||||+N+||||||||||||+N+||||||if ($FORM[geschlecht] == \"m\") echo \"<option value=\'m\' selected>Männlich</option>\";||||||+N+||||||else echo \"<option value=\'m\'>Männlich</option>\";||||||+N+||||||||||||+N+||||||echo \"</select></td>\";||||||+N+||||||echo \"<td class=dgrey width=200><input type=submit value=suchen></td>\";||||||+N+||||||echo \"</tr>\";||||||+N+||||||echo \"</form>\";||||||+N+||||||echo \"</table><br>\";||||||+N+||||||||||||+N+||||||||||||+N+||||||||||||+N+||||||$add_sql = \"\";||||||+N+||||||||||||+N+||||||if (isset($FORM[searchtxt])) $add_sql .= \" and login like \'%\".$FORM[searchtxt].\"%\'\";||||||+N+||||||if ($FORM[geschlecht] != \"\") $add_sql .= \" and sex=\'\".$FORM[geschlecht].\"\'\";||||||+N+||||||||||||+N+||||||$sql = \"select * from rex__user where status>0 $add_sql order by file desc,showinfo desc,login\";||||||+N+||||||||||||+N+||||||$ulist = new liste;||||||+N+||||||$ulist->setDB(1);||||||+N+||||||$ulist->setQuery(\"$sql\");||||||+N+||||||$ulist->addonLink(\"FORM[searchtxt]=\".||||||+N+||||||  urlencode($FORM[searchtxt]).\"&FORM[geschlecht]=\".urlencode($FORM[geschlecht]));||||||+N+||||||$ulist->setArticleID(5);||||||+N+||||||$ulist->setList(20);||||||+N+||||||$ulist->setValue(\"Login\",\"login\");||||||+N+||||||$ulist->setLink(\"index.php?article_id=16&FORM[user_id]=\",\"id\");||||||+N+||||||$ulist->setValue(\"Geschlecht\",sex);||||||+N+||||||||||||+N+||||||echo $ulist->showall($FORM[next]);||||||+N+||||||||||||+N+||||||?>','','5','1');
INSERT INTO rex_article_slice VALUES ('14','38','','','','','','','','','','','','','','','','','','','','','0','0','0','0','0','0','0','0','0','0','<?||||||+N+||||||||||||+N+||||||$GU = new sql;||||||+N+||||||$GU->setQuery(\"select * from rex__user where id=\'\".$FORM[user_id].\"\'\");||||||+N+||||||||||||+N+||||||if ($GU->getRows()==1)||||||+N+||||||{||||||+N+||||||||||||+N+||||||if($GU->getvalue(\"showinfo\") == 0){||||||+N+||||||||||||+N+||||||echo \"<table width=100% cellpadding=3 cellspacing=1 border=0>\";||||||+N+||||||echo \"<tr>\";||||||+N+||||||echo \"<td class=dgrey width=20%>Login</td>\";||||||+N+||||||echo \"<td class=grey><font class=articletitle>\".htmlentities($GU->getValue(\"login\")).\"</font></td>\";||||||+N+||||||echo \"</tr>\";||||||+N+||||||||||||+N+||||||}||||||+N+||||||||||||+N+||||||?>','','16','1');
INSERT INTO rex_article_slice VALUES ('15','14','','','','','','','','','','','','','','','','','','','','','0','0','0','0','0','0','0','0','0','0','<?||||||+N+||||||||||||+N+||||||$SINGLE[0] = \"keine Angabe\";||||||+N+||||||$SINGLE[1] = \"glücklich Single\";||||||+N+||||||$SINGLE[2] = \"Single\";||||||+N+||||||$SINGLE[3] = \"gebunden\";||||||+N+||||||$SINGLE[4] = \"fest gebunden\";||||||+N+||||||$SINGLE[5] = \"verlobt\";||||||+N+||||||$SINGLE[6] = \"verheiratet\";||||||+N+||||||||||||+N+||||||||||||+N+||||||list($day,$month,$year) = explode(\".\",$GU->getvalue(\"birthday\"));||||||+N+||||||||||||+N+||||||$tyear = date(\"Y\");||||||+N+||||||$tmonth = date(\"m\");||||||+N+||||||$tday = date(\"d\");||||||+N+||||||||||||+N+||||||$dyear = $tyear - $year;||||||+N+||||||$dmonth = $tmonth - $month;||||||+N+||||||$dday = $tday - $day;||||||+N+||||||||||||+N+||||||if ($dmonth<0) $dyear--;||||||+N+||||||elseif ($dmonth==0 && $dday<0) $dyear--;||||||+N+||||||||||||+N+||||||$a = $dyear;||||||+N+||||||||||||+N+||||||// $diff = date(\"U\") - mktime(0,0,0,$month,$day,$year);||||||+N+||||||// $oneyear = 365.25 * 24 * 60 * 60;||||||+N+||||||// $a  = floor($diff / $oneyear);||||||+N+||||||||||||+N+||||||if ($GU->getValue(\"showinfo\")!=0)||||||+N+||||||{||||||+N+||||||||||||+N+||||||||||||+N+||||||if($GU->getvalue(\"rex__user.file\") && !$FORM[USR])||||||+N+||||||{||||||+N+|||||| $thepic = \"Bild ist vorhanden!<br>Neugierig? <br>Einfach registieren und Mitglied werden!\";||||||+N+|||||| $width = 200;||||||+N+||||||}elseif($GU->getvalue(\"rex__user.file\"))||||||+N+||||||{||||||+N+||||||  $thepic = \"<img src=files/user/\".$GU->getvalue(\"rex__user.file\").\">\";||||||+N+|||||| if (list($width, $height, $type, $jo) = @getimagesize(\"files/user/\".$GU->getvalue(\"rex__user.file\"))) echo \"\";||||||+N+|||||| else $thepic = \"\";||||||+N+||||||||||||+N+||||||}else||||||+N+||||||{||||||+N+||||||  $thepic = \"Kein Bild vorhanden\";||||||+N+||||||  $width = 200;||||||+N+||||||}||||||+N+||||||||||||+N+||||||||||||+N+||||||echo \"<table width=100% cellpadding=3 cellspacing=1 border=0>\";||||||+N+||||||||||||+N+||||||echo \"<tr>\";||||||+N+||||||echo \"<td class=dgrey width=20%><img src=/pics/leer.gif width=100 height=1><br>Login</td>\";||||||+N+||||||echo \"<td class=grey><img src=/pics/leer.gif width=250 height=1><br><font class=articletitle>\".||||||+N+||||||  htmlentities($GU->getValue(\"login\")).\"</font></td>\";||||||+N+||||||echo \"<td rowspan=4 valign=middle align=center class=grey width=320><b>$thepic</b></td>\";||||||+N+||||||echo \"</tr>\";||||||+N+||||||||||||+N+||||||echo \"<tr>\";||||||+N+||||||echo \"<td class=dgrey>Alter</td>\";||||||+N+||||||echo \"<td class=grey><font class=articletitle>\".($a).\"</font></td>\";||||||+N+||||||echo \"</tr>\";||||||+N+||||||||||||+N+||||||echo \"<tr>\";||||||+N+||||||echo \"<td class=dgrey>Geburtstag</td>\";||||||+N+||||||if ($GU->getValue(\"check1\")==1) echo \"<td class=grey><font class=articletitle>\".$GU->getvalue(\"birthday\").\"</font></td>\";||||||+N+||||||else echo \"<td class=grey><font class=articletitle>Nicht öffentlich</font></td>\";||||||+N+||||||echo \"</tr>\";||||||+N+||||||||||||+N+||||||echo \"<tr>\";||||||+N+||||||echo \"<td class=dgrey>Geschlecht</td>\";||||||+N+||||||echo \"<td class=grey><font class=articletitle>\".htmlentities($GU->getValue(\"sex\")).\"</font></td>\";||||||+N+||||||echo \"</tr>\";||||||+N+||||||||||||+N+||||||/*||||||+N+||||||echo \"<tr>\";||||||+N+||||||echo \"<td class=dgrey>Single Status</td>\";||||||+N+||||||echo \"<td class=grey><font class=articletitle>\".$SINGLE[htmlentities($GU->getValue(\"singlestatus\"))].\"</font></td>\";||||||+N+||||||echo \"</tr>\";||||||+N+||||||*/||||||+N+||||||||||||+N+||||||echo \"<tr>\";||||||+N+||||||echo \"<td class=dgrey>Hobbys</td>\";||||||+N+||||||echo \"<td class=grey colspan=2><font class=articletitle>\".nl2br(htmlentities($GU->getValue(\"interests\"))).\"</font></td>\";||||||+N+||||||echo \"</tr>\";||||||+N+||||||||||||+N+||||||echo \"<tr>\";||||||+N+||||||echo \"<td class=dgrey>Motto</td>\";||||||+N+||||||echo \"<td class=grey colspan=2><font class=articletitle>\".nl2br(htmlentities($GU->getValue(\"motto\"))).\"</font></td>\";||||||+N+||||||echo \"</tr>\";||||||+N+||||||||||||+N+||||||echo \"<tr>\";||||||+N+||||||echo \"<td class=dgrey>Positiven Eigenschaften</td>\";||||||+N+||||||echo \"<td class=grey colspan=2><font class=articletitle>\".nl2br(htmlentities($GU->getValue(\"ilike\"))).\"</font></td>\";||||||+N+||||||echo \"</tr>\";||||||+N+||||||||||||+N+||||||echo \"<tr>\";||||||+N+||||||echo \"<td class=dgrey>Negativen Eigenschaften</td>\";||||||+N+||||||echo \"<td class=grey colspan=2><font class=articletitle>\".nl2br(htmlentities($GU->getValue(\"aboutme\"))).\"</font></td>\";||||||+N+||||||echo \"</tr>\";||||||+N+||||||||||||+N+||||||echo \"<tr>\";||||||+N+||||||echo \"<td class=dgrey>Statur</td>\";||||||+N+||||||echo \"<td class=grey colspan=2><font class=articletitle>\".htmlentities($GU->getValue(\"size\")).\"</font></td>\";||||||+N+||||||echo \"</tr>\";||||||+N+||||||||||||+N+||||||echo \"<tr>\";||||||+N+||||||echo \"<td class=dgrey>Ich bin bei \".$REX[SERVERNAME].\", weil</td>\";||||||+N+||||||echo \"<td class=grey colspan=2><font class=articletitle>\".htmlentities($GU->getValue(\"wheight\")).\"</font></td>\";||||||+N+||||||echo \"</tr>\";||||||+N+||||||||||||+N+||||||echo \"<tr>\";||||||+N+||||||echo \"<td class=dgrey>Augenfarbe</td>\";||||||+N+||||||echo \"<td class=grey colspan=2><font class=articletitle>\".htmlentities($GU->getValue(\"color_eyes\")).\"</font></td>\";||||||+N+||||||echo \"</tr>\";||||||+N+||||||||||||+N+||||||echo \"<tr>\";||||||+N+||||||echo \"<td class=dgrey>Haarfarbe</td>\";||||||+N+||||||echo \"<td class=grey colspan=2><font class=articletitle>\".htmlentities($GU->getValue(\"color_hair\")).\"</font></td>\";||||||+N+||||||echo \"</tr>\";||||||+N+||||||||||||+N+||||||echo \"<tr>\";||||||+N+||||||echo \"<td class=dgrey>Beruf</td>\";||||||+N+||||||echo \"<td class=grey colspan=2><font class=articletitle>\".htmlentities($GU->getValue(\"profession\")).\"</font></td>\";||||||+N+||||||echo \"</tr>\";||||||+N+||||||||||||+N+||||||||||||+N+||||||||||||+N+||||||echo \"<tr>\";||||||+N+||||||echo \"<td class=dgrey>Homepage</td>\";||||||+N+||||||echo \"<td class=grey colspan=2><font class=articletitle>\".htmlentities($GU->getValue(\"homepage\")).\"</font></td>\";||||||+N+||||||echo \"</tr>\";||||||+N+||||||echo \"</table>\";||||||+N+||||||||||||+N+||||||}else||||||+N+||||||{||||||+N+||||||||||||+N+||||||echo \"<tr><td colspan=2><br><br><b>Weitere Informationen hat das Mitglied nicht freigegeben.</b><br><br></td></tr>\";||||||+N+||||||echo \"</table>\";||||||+N+||||||||||||+N+||||||}||||||+N+||||||||||||+N+||||||?>','','16','1');
INSERT INTO rex_article_slice VALUES ('16','15','','','','','','','','','','','','','','','','','','','','','0','0','0','0','0','0','0','0','0','0','<?||||||+N+||||||||||||+N+||||||// ---------------------------------- FUNC||||||+N+||||||||||||+N+||||||$FORM[errmsg] = \"\";||||||+N+||||||||||||+N+||||||if ($FORM[addmessage] == 1)||||||+N+||||||{||||||+N+|||||| if ($FORM[message] != \"\" && $FORM[USR])||||||+N+|||||| {||||||+N+||||||||||||+N+||||||  $am = new sql;||||||+N+||||||  if ($FORM[mail_type]==\"private\") $am->setTable(\"rex__user_mail\");||||||+N+||||||  else $am->setTable(\"rex__user_comment\");||||||+N+||||||  $am->setValue(\"user_id\",$FORM[user_id]);||||||+N+||||||  $am->setValue(\"from_user_id\",$FORM[USER]->getValue(\"rex__user.id\"));||||||+N+||||||  $am->setValue(\"message\",$FORM[message]);||||||+N+||||||  $am->setValue(\"stamp\",time());||||||+N+||||||  $am->setValue(\"status\",1);||||||+N+||||||  $am->insert();||||||+N+||||||||||||+N+||||||  // MAIL VERSAND||||||+N+||||||||||||+N+||||||  $gu = new sql;||||||+N+||||||  $gu->setQuery(\"select * from rex__user where id=\'$FORM[user_id]\'\");||||||+N+||||||  ||||||+N+||||||  if ($gu->getRows()==1)||||||+N+||||||  {||||||+N+||||||  if ($gu->getValue(\"check2\")==1)||||||+N+||||||  {||||||+N+||||||||||||+N+||||||   // PRIVATE UND GAESTEBUCHMAIL||||||+N+||||||   if ($FORM[mail_type]==\"private\")||||||+N+||||||   {||||||+N+||||||    $betreff = $REX[SERVERNAME].\" - Neue P-Mail\";||||||+N+||||||    $body = \"Hallo \".$gu->getValue(\"login\").\"||||||+N+||||||||||||+N+||||||Du hast eine P-Mail von \".$FORM[USER]->getValue(\"login\").\" erhalten.||||||+N+||||||Auf http://\".$REX[SERVER].\" kannst Du Sie Dir anschauen!||||||+N+||||||||||||+N+||||||Die Benachrichtigungsfunktion über eingegangene P-Mails kann man in seinem Profil deaktivieren.||||||+N+||||||||||||+N+||||||Viel Spaß in der \".$REX[SERVERNAME].\"!||||||+N+||||||||||||+N+||||||Das \".$REX[SERVERNAME].\" Team||||||+N+||||||\";||||||+N+||||||   }else||||||+N+||||||   {||||||+N+||||||    $betreff = $REX[SERVERNAME].\" - Gästenbucheintrag\";   	||||||+N+||||||    $body = \"Hallo \".$gu->getValue(\"login\").\"||||||+N+||||||||||||+N+||||||In Dein Gästebuch wurde eine Nachricht von \".$FORM[USER]->getValue(\"login\").\" eingetragen.||||||+N+||||||Auf http://\".$REX[SERVER].\" kannst du Sie Dir anschauen.||||||+N+||||||||||||+N+||||||Die Benachrichtigungsfunktion über Gästebucheinträge kann man in seinem Profil deaktivieren.||||||+N+||||||||||||+N+||||||Viel Spaß in der \".$REX[SERVERNAME].\"!||||||+N+||||||||||||+N+||||||Das \".$REX[SERVERNAME].\" Team||||||+N+||||||\";||||||+N+||||||}||||||+N+||||||  $to = $gu->getValue(\"email\");||||||+N+||||||  // $to = \"jan@kristinus.de\";||||||+N+||||||||||||+N+||||||  $from = \"Server <\".$REX[error_emailaddress].\">\";||||||+N+||||||  sendMail($to,$from,$betreff,$body);||||||+N+||||||||||||+N+||||||  }||||||+N+||||||  }||||||+N+||||||||||||+N+||||||||||||+N+|||||| }else||||||+N+|||||| {||||||+N+||||||  $FORM[errmsg] = \"Es wurde keine Nachricht eingetragen !\";||||||+N+||||||||||||+N+|||||| }||||||+N+||||||}||||||+N+||||||||||||+N+||||||||||||+N+||||||// ---------------------------------- GAESTEBUCH||||||+N+||||||||||||+N+||||||$GU = new sql;||||||+N+||||||$GU->setQuery(\"select * from rex__user_comment||||||+N+||||||left join rex__user on rex__user.id=rex__user_comment.from_user_id||||||+N+||||||where rex__user_comment.user_id=\'\".$FORM[user_id].\"\' and rex__user_comment.status>0 order by rex__user_comment.stamp\");||||||+N+||||||||||||+N+||||||echo \"<br><table width=100% cellpadding=3 cellspacing=1 border=0>\";||||||+N+||||||echo \"<tr>||||||+N+||||||<td class=dgrey width=20%><b>Datum</b></td>||||||+N+||||||<td class=dgrey width=20%><b>Von</b></td>||||||+N+||||||<td class=dgrey><b>Message</b></td>||||||+N+||||||</tr>\";||||||+N+||||||||||||+N+||||||for ($i=0;$i<$GU->getRows();$i++)||||||+N+||||||{||||||+N+||||||echo \"<tr>\";||||||+N+||||||echo \"<td class=grey valign=top>\".||||||+N+||||||  date(\"d. M Y\",htmlentities($GU->getValue(\"rex__user_comment.stamp\"))).\"<br>\".||||||+N+||||||  date(\"H:i:s\",htmlentities($GU->getValue(\"rex__user_comment.stamp\"))).\"</td>\";||||||+N+||||||echo \"<td class=grey valign=top><a href=index.php?article_id=16&FORM[user_id]=\".||||||+N+||||||  $GU->getValue(\"rex__user_comment.from_user_id\").\">\".||||||+N+||||||  htmlentities($GU->getValue(\"rex__user.login\")).\"</a></td>\";||||||+N+||||||echo \"<td class=grey valign=top>\".||||||+N+||||||  nl2br(htmlentities($GU->getValue(\"rex__user_comment.message\"))).\"</td>\";||||||+N+||||||echo \"</tr>\";||||||+N+||||||$GU->next();||||||+N+||||||}||||||+N+||||||||||||+N+||||||if ($GU->getRows()==0) echo \"<tr><td colspan=3 class=grey>Keine Gästebucheinträge vorhanden !</td></tr>\";||||||+N+||||||echo \"</table>\";||||||+N+||||||||||||+N+||||||// ---------------------------------- MAIL VERSCHICKEN||||||+N+||||||||||||+N+||||||if ($FORM[USR])||||||+N+||||||{||||||+N+||||||||||||+N+||||||echo \"<br><table width=100% cellpadding=3 cellspacing=1 border=0>\";||||||+N+||||||||||||+N+||||||if ($FORM[errmsg] != \"\") ||||||+N+||||||  echo \"<tr><td colspan=2 class=warning>\".$FORM[errmsg].\"</td></tr>\";||||||+N+||||||||||||+N+||||||echo \"<form action=index.php method=post>\";||||||+N+||||||echo \"<input type=hidden name=article_id value=16>\";||||||+N+||||||echo \"<input type=hidden name=FORM[addmessage] value=1>\";||||||+N+||||||echo \"<input type=hidden name=FORM[user_id] value=\".$FORM[user_id].\">\";||||||+N+||||||echo \"<tr><td colspan=2 class=dgrey><b>Nachricht an den User schreiben</b></td></tr>\";||||||+N+||||||echo \"<tr><td width=20% class=grey>Deine Login</td><td  class=grey>\".$FORM[USER]->getValue(\"rex__user.login\").\"</td></tr>\";||||||+N+||||||echo \"<tr><td class=grey>Art den Nachricht</td><td class=grey><select name=FORM[mail_type] size=1 class=inp100><option value=private>Private Nachricht [P-Mail]</option><option value=public>Öffentliche Nachricht [Gästebuch]</option></select></td></tr>\";||||||+N+||||||echo \"<tr><td class=grey>Nachricht</td><td class=grey><textarea name=FORM[message] cols=40 rows=4 class=inp100area></textarea></td></tr>\";||||||+N+||||||echo \"<tr><td class=grey>&nbsp;</td><td class=grey><input type=submit value=abschicken></td></tr>\";||||||+N+||||||echo \"</form>\";||||||+N+||||||echo \"</table>\";||||||+N+||||||||||||+N+||||||||||||+N+||||||}||||||+N+||||||||||||+N+||||||?>','','16','1');
INSERT INTO rex_article_slice VALUES ('17','16','','','','','','','','','','','','','','','','','','','','','0','0','0','0','0','0','0','0','0','0','<?||||||+N+||||||||||||+N+||||||}else||||||+N+||||||{||||||+N+||||||echo \"<font class=articletitle>Dieser User wurde nicht gefunden !</font>\";||||||+N+||||||}||||||+N+||||||||||||+N+||||||?><br><br>','','16','1');
INSERT INTO rex_article_slice VALUES ('18','27','allgemeinesboard','Allgemeines Board','','','','','','','','','','','','','','','','','','','0','0','0','0','0','0','0','0','0','0','','','17','3');
INSERT INTO rex_article_slice VALUES ('19','28','kennenlernen','Kennenlernen','','','','','','','','','','','','','','','','','','','0','0','0','0','0','0','0','0','0','0','','','18','3');
INSERT INTO rex_article_slice VALUES ('23','0','BOARDS','','','','','','','','','','','','','','','','','','','','0','0','0','0','0','0','0','0','0','0','','','2','6');
INSERT INTO rex_article_slice VALUES ('24','23','Allgemeines Board','','allgemein','','','','','','','','','','','','','','','','','','17','0','0','0','0','0','0','0','0','0','','','2','7');
INSERT INTO rex_article_slice VALUES ('45','31','','','','','','','','','','','','','','','','','','','','','0','0','0','0','0','0','0','0','0','0','','','1','4');
INSERT INTO rex_article_slice VALUES ('46','25','','','','','','','','','','','','','','','','','','','','','0','0','0','0','0','0','0','0','0','0','','','2','4');
INSERT INTO rex_article_slice VALUES ('47','48','','','','','','','','','','','','','','','','','','','','','0','0','0','0','0','0','0','0','0','0','','','20','9');
INSERT INTO rex_article_slice VALUES ('48','0','Aktuelle Infos 1','','','','','','','','','','','','','','','','','','','','0','0','0','0','0','0','0','0','0','0','','','20','6');
CREATE TABLE rex_article_type ( type_id int(5) NOT NULL  auto_increment, name varchar(255) NULL  , description text NULL  , PRIMARY KEY(type_id))TYPE=MyISAM;
INSERT INTO rex_article_type VALUES ('1','Standard','Zugriff für alle');
INSERT INTO rex_article_type VALUES ('3','User','Zugriff nur für User und Admins');
INSERT INTO rex_article_type VALUES ('7','Admin','Zugriff nur für Admins');
CREATE TABLE rex_category ( id int(11) NOT NULL  auto_increment, name varchar(255) NULL  , description text NULL  , func text NULL  , re_category_id int(11) NOT NULL DEFAULT 0  , prior int(10) NOT NULL DEFAULT 0  , path varchar(255) NOT NULL  , status tinyint(1) NOT NULL DEFAULT 0  , PRIMARY KEY(id,re_category_id,prior,path,status))TYPE=MyISAM;
INSERT INTO rex_category VALUES ('1','HOME','','','0','5','','1');
INSERT INTO rex_category VALUES ('2','BOARDS','','','0','7','','1');
INSERT INTO rex_category VALUES ('3','NEWS','','','0','6','','1');
INSERT INTO rex_category VALUES ('4','MEIN PROFIL','','','0','11','','1');
INSERT INTO rex_category VALUES ('5','USERLISTE','','','0','9','','1');
INSERT INTO rex_category VALUES ('6','MEIN GÄSTEBUCH','','','0','12','','1');
INSERT INTO rex_category VALUES ('7','MEINE NACHRICHTEN','','','0','13','','1');
INSERT INTO rex_category VALUES ('8','OPEN BOARD','','','0','8','','1');
INSERT INTO rex_category VALUES ('9','','','','0','10','','1');
INSERT INTO rex_category VALUES ('10','KONTAKT','','','0','15','','1');
INSERT INTO rex_category VALUES ('11','IMPRESSUM','','','0','16','','1');
INSERT INTO rex_category VALUES ('12','','','','0','14','','1');
INSERT INTO rex_category VALUES ('13','ALLGEMEIN','','','2','2','-2','1');
INSERT INTO rex_category VALUES ('14','LERN MICH KENNEN','','','2','3','-2','1');
CREATE TABLE rex_email ( email_id int(11) NOT NULL  auto_increment, sex char(1) NULL  , name varchar(255) NULL  , firstname varchar(255) NULL  , email varchar(255) NULL  , ustamp int(11) NULL DEFAULT 0  , PRIMARY KEY(email_id))TYPE=MyISAM;
CREATE TABLE rex_file ( file_id int(11) NOT NULL  auto_increment, re_file_id int(11) NULL DEFAULT 0  , category_id int(11) NULL DEFAULT 0  , filetype varchar(255) NULL  , filename varchar(255) NULL  , originalname varchar(255) NULL  , filesize varchar(255) NULL  , width int(11) NULL DEFAULT 0  , height int(11) NULL DEFAULT 0  , title varchar(255) NULL  , description text NULL  , copyright varchar(255) NULL  , stamp int(11) NULL DEFAULT 0  , user_login varchar(255)   , PRIMARY KEY(file_id))TYPE=MyISAM;
INSERT INTO rex_file VALUES ('2','0','2','image/gif','m.gif','m.gif','102','0','0','','','','1090419953','');
INSERT INTO rex_file VALUES ('3','0','2','image/gif','w.gif','w.gif','103','0','0','','','','1090419960','');
INSERT INTO rex_file VALUES ('4','0','2','image/jpeg','banner.jpg','banner.jpg','10913','0','0','','','','1090420572','');
INSERT INTO rex_file VALUES ('5','0','2','image/gif','o.gif','o.gif','85','0','0','','','','1090420702','');
INSERT INTO rex_file VALUES ('6','0','2','image/gif','u.gif','u.gif','87','0','0','','','','1090420707','');
INSERT INTO rex_file VALUES ('7','0','2','image/gif','na.gif','na.gif','54','0','0','','','','1090420730','');
INSERT INTO rex_file VALUES ('8','0','2','image/gif','np.gif','np.gif','54','0','0','','','','1090420735','');
INSERT INTO rex_file VALUES ('9','0','2','image/gif','head_links.gif','head_links.gif','344','0','0','','','','1090421393','');
INSERT INTO rex_file VALUES ('10','0','2','image/gif','kdummy.gif','kdummy.gif','289','0','0','','','','1090421406','');
INSERT INTO rex_file VALUES ('11','0','2','image/gif','sbg.gif','sbg.gif','97','0','0','','','','1090421555','');
INSERT INTO rex_file VALUES ('12','0','2','image/gif','bg.gif','bg.gif','307','0','0','','','','1090421559','');
INSERT INTO rex_file VALUES ('13','0','2','image/gif','hl_login.gif','hl_login.gif','289','0','0','','','','1090421697','');
INSERT INTO rex_file VALUES ('14','0','2','image/gif','logo.gif','logo.gif','1322','0','0','','','','1090421738','');
INSERT INTO rex_file VALUES ('15','0','3','text/css','style.css','style.css','804','0','0','','','','1090421793','');
CREATE TABLE rex_file_category ( id int(11) NOT NULL  auto_increment, name varchar(255) NULL  , re_id int(11)  DEFAULT 0  , path varchar(255)   , PRIMARY KEY(id))TYPE=MyISAM;
INSERT INTO rex_file_category VALUES ('1','Bilder','0','');
INSERT INTO rex_file_category VALUES ('2','Hilfsgrafiken Community','0','');
INSERT INTO rex_file_category VALUES ('3','Stylesheet','0','');
CREATE TABLE rex_help ( id int(11) NOT NULL  auto_increment, page varchar(255) NULL  , name varchar(255) NULL  , description text NULL  , comment text NULL  , PRIMARY KEY(id))TYPE=MyISAM;
CREATE TABLE rex_module_action ( id int(11) NOT NULL  auto_increment, module_id int(11) NULL DEFAULT 0  , action_id int(11) NULL DEFAULT 0  , PRIMARY KEY(id))TYPE=MyISAM;
CREATE TABLE rex_modultyp ( id int(5) NOT NULL  auto_increment, label varchar(255) NULL  , name varchar(255) NULL  , category_id int(11) NOT NULL DEFAULT 0  , ausgabe text NULL  , bausgabe text NULL  , eingabe text NULL  , func text NULL  , php_enable tinyint(1) NOT NULL DEFAULT 0  , html_enable tinyint(1) NOT NULL DEFAULT 0  , PRIMARY KEY(id,category_id,php_enable,html_enable))TYPE=MyISAM;
INSERT INTO rex_modultyp VALUES ('1','','00.01 - php','0','REX_PHP','','PHP:<br>||||||+N+||||||<textarea name=INPUT_PHP cols=80 rows=20 class=inp100>REX_PHP</textarea>||||||+N+||||||<br><br>','','0','0');
INSERT INTO rex_modultyp VALUES ('2','','02.01 - Fliesstext [Nur Text - kein HTML]','0','REX_VALUE[1]<br><br>','','Bitte gib den Text ein der zu Sehen sein soll:<br>||||||+N+||||||<textarea name=VALUE[1] cols=80 rows=10 class=inp100>REX_VALUE[1]</textarea>||||||+N+||||||<br><br>','','0','0');
INSERT INTO rex_modultyp VALUES ('3','','01.01 - Board','0','<?||||||+N+||||||||||||+N+||||||$board = new board;||||||+N+||||||$board->setDB(1);||||||+N+||||||$board->setTable(\"rex__board\");||||||+N+||||||$board->setDocname(\"index.php\");||||||+N+||||||$board->addLink(\"article_id\",REX_ARTICLE_ID);||||||+N+||||||$board->setBoardname(\"REX_VALUE[1]\");||||||+N+||||||$board->setRealBoardname(\"REX_VALUE[2]\");||||||+N+||||||||||||+N+||||||if (\"REX_VALUE[3]\" == \"1\")||||||+N+||||||{||||||+N+|||||| $board->anonymous = true;||||||+N+||||||}else||||||+N+||||||{||||||+N+|||||| $board->setUserjoin(\"rex__user on rex__board.user_id=rex__user.id\",\"rex__user.login\");||||||+N+|||||| if ($FORM[USER])||||||+N+|||||| {||||||+N+||||||  $user_id = $FORM[USER]->getValue(\"rex__user.id\");||||||+N+||||||  $user_login = $FORM[USER]->getValue(\"rex__user.login\");||||||+N+||||||  $board->setUser($user_id,$user_login);||||||+N+|||||| }||||||+N+|||||| $board->setLinkUser(\"index.php?article_id=16&FORM[user_id]=\",\"user_id\");||||||+N+||||||}||||||+N+||||||||||||+N+||||||echo $board->showBoard();||||||+N+||||||||||||+N+||||||?>','','Bitte gib die Boardbezeichnung ein:<br>||||||+N+||||||<input type=text size=50 name=VALUE[2] value=\"REX_VALUE[2]\">||||||+N+||||||||||||+N+||||||<br><br>Bitte gib den Boardname für die Datenbank ein:<br>||||||+N+||||||<input type=text size=50 name=VALUE[1] value=\"REX_VALUE[1]\">||||||+N+||||||||||||+N+||||||<br>Offenes Board [ohne Userrechte Eintragungen machbar]:||||||+N+||||||<br><input type=radio name=VALUE[3] value=1 <?||||||+N+||||||||||||+N+||||||if (\"REX_VALUE[3]\" == \"1\") echo \" checked\";||||||+N+||||||||||||+N+||||||?>>||||||+N+||||||||||||+N+||||||','','0','0');
INSERT INTO rex_modultyp VALUES ('4','','10.01 - Artikelkommentarbox','0','<br><table width=100% cellpadding=0 cellspacing=0 border=0>||||||+N+||||||<form action=index.php method=post>||||||+N+||||||<input type=hidden name=article_id value=REX_ARTICLE_ID>||||||+N+||||||<input type=hidden name=FORM[article_add_comment] value=1>||||||+N+||||||<tr>||||||+N+||||||||||||+N+||||||<td class=grey valign=top width=15><img src=/pics/white.gif width=5 height=5><br><img src=/pics/leer.gif width=15 height=100></td>||||||+N+||||||||||||+N+||||||<td valign=top class=grey><img src=/pics/leer.gif width=325 height=15><br><?||||||+N+||||||||||||+N+||||||$gc = new sql;||||||+N+||||||$gc->setQuery(\"select * from rex__article_comment ||||||+N+||||||left join rex__user on rex__user.id=rex__article_comment.user_id ||||||+N+||||||where ||||||+N+||||||rex__article_comment.article_id=\'REX_ARTICLE_ID\' and ||||||+N+||||||rex__article_comment.status=1 ||||||+N+||||||order by ||||||+N+||||||rex__article_comment.stamp LIMIT 8\");||||||+N+||||||||||||+N+||||||echo \"<b>Kommentarbox:</b> \";||||||+N+||||||||||||+N+||||||if ($gc->getRows()>0) echo \" Bisherige Kommentare<br>\";||||||+N+||||||else echo \" Zum Kommentieren bitte einloggen!<br>\";||||||+N+||||||||||||+N+||||||echo \"<hr noshade style=\'width:100%;color:#cccccc;height:1px;text-align:left;border:0px;\'>\";||||||+N+||||||||||||+N+||||||for ($i=0;$i<$gc->getRows();$i++)||||||+N+||||||{||||||+N+|||||| echo \"<b>\".date(\"d M Y\",$gc->getValue(\"rex__article_comment.stamp\")).\" | </b>\";||||||+N+|||||| echo \"<a href=index.php?article_id=16&FORM[user_id]=\".$gc->getValue(\"rex__user.id\").\" class=red>\".$gc->getValue(\"rex__user.login\").\"</a>\";||||||+N+|||||| echo \"<br>\".nl2br(htmlentities($gc->getValue(\"rex__article_comment.comment\"))).\"<br><hr noshade style=\'width:100%;color:#cccccc;height:1px;text-align:left;border:0px;\'>\";||||||+N+|||||| $gc->next();||||||+N+||||||}||||||+N+||||||||||||+N+||||||if ($FORM[USR])||||||+N+||||||{||||||+N+||||||||||||+N+||||||if ($FORM[article_add_comment] == 1 and $FORM[article_comment] != \"\")||||||+N+||||||{||||||+N+||||||||||||+N+|||||| $ac = new sql;||||||+N+|||||| $ac->setTable(\"rex__article_comment\");||||||+N+|||||| $ac->setValue(\"user_id\",$FORM[USER]->getValue(\"rex__user.id\"));||||||+N+|||||| $ac->setValue(\"article_id\",\"REX_ARTICLE_ID\");||||||+N+|||||| $ac->setValue(\"comment\",$FORM[article_comment]);||||||+N+|||||| $ac->setValue(\"stamp\",time());||||||+N+|||||| $ac->setValue(\"status\",0);||||||+N+|||||| $ac->insert();||||||+N+||||||||||||+N+|||||| echo \"<b class=warning>Vielen Dank, der Kommentar wurde gespeichert. ||||||+N+||||||<br>Nach Überprüfung gemäß unserer Nutzungsbedingungen schalten wir den Kommentar frei.||||||+N+||||||<br><br>Das \".$REX[SERVERNAME].\" Team!||||||+N+||||||</b><br><hr noshade style=\'width:100%;color:#cccccc;height:1px;text-align:left;border:0px;\'>\";||||||+N+||||||}||||||+N+||||||||||||+N+||||||echo \"Eigenen Kommentar zu diesen Artikel schreiben:<br>||||||+N+||||||||||||+N+||||||<textarea name=FORM[article_comment] cols=40 rows=3 class=inp100white></textarea><br><br>||||||+N+||||||<input type=submit value=\'Kommentar speichern\'>||||||+N+||||||\";||||||+N+||||||}||||||+N+||||||||||||+N+||||||?><br><br></td>||||||+N+||||||<td class=grey valign=top width=15>&nbsp;</td>||||||+N+||||||</tr>||||||+N+||||||</form>||||||+N+||||||</table>','','','','0','0');
INSERT INTO rex_modultyp VALUES ('5','','02.02 - Fliesstext [HTML]','0','REX_HTML_VALUE[1]','','<script type=\"text/javascript\" src=\"js/htmlarea/htmlarea.js\"></script>||||||+N+||||||<script type=\"text/javascript\" src=\"js/htmlarea/en.js\"></script>||||||+N+||||||<script type=\"text/javascript\" src=\"js/htmlarea/dialog.js\"></script>||||||+N+||||||||||||+N+||||||<script type=\"text/javascript\">||||||+N+||||||||||||+N+||||||var editor = null;||||||+N+||||||||||||+N+||||||function initEditor()||||||+N+||||||{||||||+N+||||||||||||+N+||||||	var cfg = new HTMLArea.Config(); // this is the default configuration||||||+N+||||||	||||||+N+||||||	/*||||||+N+||||||	cfg.toolbar = [||||||+N+||||||		[ \"bold\", \"italic\", \"underline\", \"separator\",||||||+N+||||||		  \"subscript\", \"superscript\", \"separator\",||||||+N+||||||		  \"space\", \"undo\", \"redo\" ],||||||+N+||||||		||||||+N+||||||		[ \"justifyleft\", \"justifycenter\", \"justifyright\", \"justifyfull\", \"separator\",||||||+N+||||||		  \"insertorderedlist\", \"insertunorderedlist\", \"outdent\", \"indent\", \"separator\",||||||+N+||||||		  \"forecolor\", \"hilitecolor\", \"textindicator\", \"separator\",||||||+N+||||||		  \"inserthorizontalrule\", \"createlink\", \"inserttable\", \"htmlmode\", \"separator\",||||||+N+||||||		  ]||||||+N+||||||		];||||||+N+||||||		||||||+N+||||||	cfg.registerButton({||||||+N+||||||		id        : \"my-title\",||||||+N+||||||		tooltip   : \"Class Title\",||||||+N+||||||		image     : \"ed_custom.gif\",||||||+N+||||||		textMode  : false,||||||+N+||||||		action    : function(editor) {||||||+N+||||||		          editor.surroundHTML(\"<span class=articletitle>\", \"</span>\");||||||+N+||||||		        },||||||+N+||||||	});||||||+N+||||||	||||||+N+||||||	cfg.toolbar.push([\"linebreak\", \"my-title\"]);||||||+N+||||||	*/||||||+N+||||||	||||||+N+||||||	cfg.toolbar = [||||||+N+||||||		[ \"bold\", \"italic\", \"underline\", \"separator\",||||||+N+||||||		  \"subscript\", \"superscript\", \"separator\", \"separator\",||||||+N+||||||		  \"insertunorderedlist\", \"separator\", \"createlink\",  \"htmlmode\", \"separator\", ||||||+N+||||||		  \"space\", \"undo\", \"redo\" ]||||||+N+||||||		];	||||||+N+||||||||||||+N+||||||	HTMLArea.replace(\'ta\', cfg);||||||+N+||||||}||||||+N+||||||||||||+N+||||||</script>||||||+N+||||||||||||+N+||||||<body onload=\"initEditor()\">||||||+N+||||||||||||+N+||||||<textarea id=\"ta\" name=\"VALUE[1]\" style=\"width:100%\" rows=\"20\" cols=\"80\">REX_HTML_VALUE[1]</textarea>||||||+N+||||||||||||+N+||||||</body>','','0','0');
INSERT INTO rex_modultyp VALUES ('6','','02.03 - Headline','0','<font class=headline>REX_VALUE[1]</font><br><br>','','Headline:||||||+N+||||||<br><input type=text size=30 name=VALUE[1] value=\"REX_VALUE[1]\" class=inp100>||||||+N+||||||<br><br>||||||+N+||||||||||||+N+||||||','','0','0');
INSERT INTO rex_modultyp VALUES ('7','','01.02 - Boardteaser','0','<?||||||+N+||||||||||||+N+|||||| if (\"FILE[1]\" != \"\") $file = \"<img src=/files/FILE[1] width=156 height=70>\";||||||+N+|||||| else $file = \"<img src=/files/kdummy.gif width=156 height=70>\";||||||+N+||||||||||||+N+|||||| echo \"<table width=100% cellpadding=0 cellspacing=0 border=0>\";||||||+N+|||||| echo \"<tr>\";||||||+N+|||||| echo \"<td valign=top width=156>$file</td>\";||||||+N+|||||| echo \"<td width=20><img src=/pics/leer.gif width=20 height=100></td>\";||||||+N+|||||| echo \"<td valign=top>\";||||||+N+||||||||||||+N+|||||| echo \"<b>REX_VALUE[1]</b>\";||||||+N+|||||| if (\"REX_IS_VALUE[3]\" == 1)||||||+N+|||||| {||||||+N+||||||  $gb = new sql;||||||+N+||||||  $gb->setQuery(\"select message_id,last_entry from rex__board where board_id=\'REX_VALUE[3]\' and status=1 and re_message_id=0 order by last_entry\");||||||+N+||||||  ||||||+N+||||||  $themen_rows = $gb->getRows();||||||+N+||||||||||||+N+||||||  $gb->setQuery(\"select message_id,last_entry from rex__board where board_id=\'REX_VALUE[3]\' and status=1 and re_message_id>0\");||||||+N+||||||||||||+N+||||||  $post_rows = $gb->getRows();||||||+N+||||||||||||+N+||||||  if ($themen_rows>0)||||||+N+|||||| {||||||+N+||||||  echo \"  <b>[ \";||||||+N+||||||  echo $themen_rows.\" Themen\";||||||+N+||||||  // echo $gb->getValue(\"last_entry\");||||||+N+||||||  echo \" | \";||||||+N+||||||  echo $post_rows.\" Antworten\";||||||+N+||||||||||||+N+||||||  echo \" ]</b>\";||||||+N+|||||| }||||||+N+||||||||||||+N+||||||||||||+N+|||||| } ||||||+N+|||||| echo \"<br>REX_VALUE[2]<br>&raquo;&nbsp;<a href=REX_LINK[1]>mehr...</a>\";||||||+N+||||||||||||+N+|||||| echo \"</td>\";||||||+N+|||||| echo \"</tr>\";||||||+N+|||||| echo \"</table>\";||||||+N+||||||||||||+N+||||||?>','','Headline:<br>||||||+N+||||||<input type=text size=50 name=VALUE[1] value=\"REX_VALUE[1]\" class=inp100>||||||+N+||||||||||||+N+||||||<br><br>Beschreibung:<br>||||||+N+||||||<textarea name=VALUE[2] cols=80 rows=10 class=inp100>REX_VALUE[2]</textarea>||||||+N+||||||||||||+N+||||||<br><br>Forumname:||||||+N+||||||<input type=text size=50 name=VALUE[3] value=\"REX_VALUE[3]\" class=inp100>||||||+N+||||||||||||+N+||||||<br><br>REX_MEDIA_BUTTON[1]||||||+N+||||||<?||||||+N+||||||||||||+N+||||||if (\"FILE[1]\" != \"\") echo \"<img src=/files/FILE[1]><br><br>\";||||||+N+||||||||||||+N+||||||?>||||||+N+||||||||||||+N+||||||||||||+N+||||||<br><br>Artikel auswählen:<br>||||||+N+||||||<?||||||+N+||||||||||||+N+||||||$R_SQL = new sql;||||||+N+||||||$R_SQL->setQuery(\"select * from rex_article order by name\");||||||+N+||||||$R_SEL = new select;||||||+N+||||||$R_SEL->set_name(\"LINK[1]\");||||||+N+||||||$R_SEL->set_style(\"width:100%;\");||||||+N+||||||$R_SEL->set_size(1);||||||+N+||||||||||||+N+||||||for ($r_i=0;$r_i<$R_SQL->getRows();$r_i++)||||||+N+||||||{||||||+N+||||||  $R_SEL->add_option($R_SQL->getValue(\"name\"),$R_SQL->getValue(\"id\"));||||||+N+||||||  $R_SQL->next();||||||+N+||||||}||||||+N+||||||||||||+N+||||||$R_SEL->set_selected(\"REX_LINK[1]\");||||||+N+||||||||||||+N+||||||echo \"LINK: REX_LINK[1]\";||||||+N+||||||||||||+N+||||||echo $R_SEL->out();||||||+N+||||||||||||+N+||||||?><br><br>','','0','0');
INSERT INTO rex_modultyp VALUES ('8','','03.01 - Artikelliste','0','<?||||||+N+||||||||||||+N+||||||if (\"REX_VALUE[1]\" == 2) $sql = \"select * from rex_article where startpage=0 and checkbox01=1 and status=1 order by rex_article.prior\";||||||+N+||||||else if (\"REX_VALUE[1]\" == 1) $sql = \"select * from rex_article where rex_article.category_id=\'REX_CATEGORY_ID\' and startpage=0 and checkbox01=1 and status=1 order by rex_article.prior\";||||||+N+||||||else $sql = \"select * from rex_article where rex_article.category_id=\'REX_CATEGORY_ID\' and startpage=0 and status=1 order by rex_article.prior\";||||||+N+||||||||||||+N+||||||$GC = new sql;||||||+N+||||||||||||+N+||||||// $GC->setQuery(\"select * from rex_article where rex_article.category_id=\'REX_CATEGORY_ID\' and startpage=0 and status=1 order by rex_article.prior\");||||||+N+||||||$GC->setQuery($sql);||||||+N+||||||||||||+N+||||||for ($i=0;$i<$GC->getRows();$i++)||||||+N+||||||{||||||+N+||||||||||||+N+|||||| if ($i!=0)  echo \"<img src=/pics/trenner.gif width=535 height=26 vspace=4>\";||||||+N+||||||||||||+N+|||||| $aid = $GC->getValue(\"rex_article.id\");||||||+N+||||||||||||+N+|||||| $jahr = substr($GC->getValue(\"rex_article.online_von\"),0,4);||||||+N+|||||| $monat = substr($GC->getValue(\"rex_article.online_von\"),4,2);||||||+N+|||||| $tag = substr($GC->getValue(\"rex_article.online_von\"),6,2);||||||+N+||||||||||||+N+|||||| $date = \"$tag.$monat.$jahr\";||||||+N+||||||||||||+N+|||||| echo \"<table width=100% cellpadding=5 cellspacing=0 border=0>\";||||||+N+|||||| echo \"<tr>\";||||||+N+|||||| echo \"<td bgcolor=#eeeeee><b class=subline>\".htmlentities($GC->getValue(\"rex_article.name\")).\"</b></td>\";||||||+N+|||||| echo \"<td bgcolor=#eeeeee align=right class=small>\".htmlentities($date).\"</td>\";||||||+N+|||||| echo \"</tr>\";||||||+N+|||||| echo \"<tr><td colspan=2>\";||||||+N+||||||||||||+N+|||||| if ($GC->getValue(\"rex_article.file\")!=\"\") echo \"<img src=/files/\".$GC->getValue(\"rex_article.file\").\" align=left style=\'border-right:10px #ffffff solid; border-bottom:10px #ffffff solid;\'>\";||||||+N+||||||||||||+N+|||||| echo htmlentities($GC->getValue(\"rex_article.beschreibung\")).\" \";||||||+N+||||||||||||+N+|||||| if ($REX[GG]) echo \"<a href=index.php?article_id=$aid><b>&raquo;&nbsp;mehr...</b></a>\";||||||+N+|||||| echo \"</td></tr>\";||||||+N+|||||| echo \"</table>\";||||||+N+||||||||||||+N+|||||| $GC->next();||||||+N+||||||}||||||+N+||||||||||||+N+||||||?>','','<?||||||+N+||||||||||||+N+||||||echo \"<br><br>Folgende Artikel sollen angezeigt werden:<br>\";||||||+N+||||||||||||+N+||||||$format = new select;||||||+N+||||||$format->set_name(\"VALUE[1]\");||||||+N+||||||$format->set_size(1);||||||+N+||||||$format->set_style(\"\' class=\'inp100\");||||||+N+||||||||||||+N+||||||$format->add_option(\"Alle Artikel aus dieser Kategorie\",0);||||||+N+||||||$format->add_option(\"Alle Artikel aus dieser Kategorie die als Teaser gekennzeichnet sind\",1);||||||+N+||||||$format->add_option(\"Alle Artikel die als Teaser gekennzeichnet sind\",2);||||||+N+||||||$format->set_selected(\"REX_VALUE[1]\");||||||+N+||||||echo $format->out();||||||+N+||||||||||||+N+||||||?><br><br>','','0','0');
INSERT INTO rex_modultyp VALUES ('9','','03.02 - Artikeliste als Kalender','0','<?||||||+N+||||||||||||+N+||||||$category_id = $this->getValue(\"category_id\");||||||+N+||||||$path  = $this->getValue(\"path\");||||||+N+||||||preg_match_all(\"/-([0-9]+)/i\",$path,$match);||||||+N+||||||$spath = $match[0][0];||||||+N+||||||||||||+N+||||||$GC = new sql;||||||+N+||||||// $GC->debugsql = 1;||||||+N+||||||$GC->setQuery(\"select * from rex_article ||||||+N+||||||where ||||||+N+||||||(rex_article.path like \'$spath-%\' or rex_article.path=\'$spath\') and ||||||+N+||||||rex_article.startpage=0 and rex_article.status = 1 ||||||+N+||||||order by rex_article.prior,rex_article.name\");||||||+N+||||||||||||+N+||||||for ($i=0;$i<$GC->getRows();$i++)||||||+N+||||||{||||||+N+|||||| $KAL[$GC->getValue(\"rex_article.online_von\")] = $GC->getValue(\"rex_article.id\");||||||+N+|||||| $KALNAME[$GC->getValue(\"rex_article.online_von\")] = $GC->getValue(\"rex_article.name\");||||||+N+|||||| $GC->next();||||||+N+||||||}||||||+N+||||||||||||+N+||||||||||||+N+||||||// ----- KALENDER||||||+N+||||||||||||+N+||||||if ($FORM[date]!=\"\") ||||||+N+||||||{ ||||||+N+|||||| $FORM[year] = substr($FORM[date],0,4); ||||||+N+|||||| $FORM[month] = substr($FORM[date],4,2); ||||||+N+|||||| $FORM[day] = substr($FORM[date],6,2); ||||||+N+||||||} ||||||+N+||||||||||||+N+||||||if (!checkdate($FORM[month],$FORM[day],$FORM[year])) ||||||+N+||||||||||||+N+||||||{ ||||||+N+|||||| $FORM[year] = date(\"Y\"); ||||||+N+|||||| $FORM[month] = date(\"m\"); ||||||+N+|||||| $FORM[day] = date(\"d\"); ||||||+N+||||||} ||||||+N+||||||||||||+N+||||||$FORM[date] = $FORM[year].$FORM[month].$FORM[day]; ||||||+N+||||||||||||+N+||||||$today = date(\"Ymd\");||||||+N+||||||$FORM[link] = \"index.php?article_id=REX_ARTICLE_ID\";||||||+N+||||||$link = $FORM[link];||||||+N+||||||$month_days = date(\"j\",mktime(0,0,0,$FORM[month]+1,1,$FORM[year])-1);||||||+N+||||||$month_before = $FORM[month]-1;||||||+N+||||||$month_later = $FORM[month]+1;||||||+N+||||||$year_before = $FORM[year];||||||+N+||||||$year_later = $FORM[year];||||||+N+||||||if ($month_before<1){ $month_before = 12; $year_before= $year_before-1;}||||||+N+||||||if ($month_later>12){ $month_later = 1; $year_later= $year_later+1;}||||||+N+||||||if ($month_before<10){ $month_before = \"0$month_before\"; }||||||+N+||||||if ($month_later<10){ $month_later = \"0$month_later\"; }||||||+N+||||||$before = $year_before.$month_before.\"01\";||||||+N+||||||$later  = $year_later.$month_later.\"01\";||||||+N+||||||||||||+N+||||||$KALENDER .= \"<table width=150 cellpadding=2 cellspacing=1 border=0>\";||||||+N+||||||$KALENDER .= \"<tr><td colspan=3><a href=$link&FORM[date]=$before class=calhead><b>&laquo;</b></a>&nbsp;<a href=$link&FORM[date]=$later class=calhead><b>&raquo;</b></a></td><td colspan=4 align=right class=caldate>\".$FORM[month].\"/\".$FORM[year].\"</td></tr>\";||||||+N+||||||$KALENDER .= \"<tr><td class=calhead>Mo</td><td class=calhead>Tu</td><td class=calhead>We</td><td class=calhead>Th</td><td class=calhead>Fr</td><td class=calhead>Sa</td><td class=calhead>Su</td></tr>\";||||||+N+||||||	||||||+N+||||||$k = 1;||||||+N+||||||for ($i=1;$i<7;$i++)||||||+N+||||||{||||||+N+|||||| $KALENDER .= \"<tr>\";||||||+N+|||||| for($j=0;$j<7;$j++)||||||+N+|||||| {||||||+N+||||||  $k = $k + 0;||||||+N+||||||  if ($k<10) $k=\"0$k\";||||||+N+||||||  if ($FORM[month]<10) $comp_month=\"\".$FORM[month]; ||||||+N+||||||  else $comp_month=$FORM[month];||||||+N+||||||  $which_weekday = date(\"w\",mktime(0,0,0,$FORM[month],$k-1,$FORM[year]));||||||+N+||||||  if ($which_weekday == $j and $month_days>=$k)||||||+N+||||||  { 	||||||+N+||||||   $loop_day = $FORM[year].\"$comp_month$k\";||||||+N+||||||   $KALENDER .= \"<td align=center\";||||||+N+||||||   if ($FORM[date] == $loop_day) $KALENDER .= \" class=calbg1>\";||||||+N+||||||   elseif ($today == $loop_day) $KALENDER .= \" class=calbg2>\";||||||+N+||||||   elseif ($j == 5 or $j == 6) $KALENDER .= \" class=calbg3>\";||||||+N+||||||   else $KALENDER .= \" class=calbg4>\";||||||+N+||||||   if ($KAL[$loop_day] != \"\") $KALENDER .= \"<a href=index.php?article_id=\".$KAL[$loop_day].\"&FORM[date]=$loop_day class=cala>$k</a>\";||||||+N+||||||   else $KALENDER .= \"$k\";||||||+N+||||||   $KALENDER .= \"</td>\";||||||+N+||||||   $k++;||||||+N+||||||  }else||||||+N+||||||  {||||||+N+||||||   $KALENDER .= \"<td></td>\";||||||+N+||||||  }||||||+N+|||||| }||||||+N+|||||| $KALENDER .= \"</tr>\";||||||+N+|||||| if ($month_days<$k) break;||||||+N+||||||}||||||+N+||||||$KALENDER .= \"</table>\";||||||+N+||||||||||||+N+||||||// ----- / KALENDER||||||+N+||||||||||||+N+||||||echo \"<div id=alistekal style=\'width:180px;float:left;\'>$KALENDER</div>\";||||||+N+||||||||||||+N+||||||?>','','<br><br>','','0','0');
INSERT INTO rex_modultyp VALUES ('10','','bild','0','<?||||||+N+||||||||||||+N+||||||if (\"FILE[1]\" != \"\")||||||+N+||||||{||||||+N+|||||| echo \"<img src=/files/FILE[1] width=100>\";||||||+N+||||||}||||||+N+||||||||||||+N+||||||?><br><br>','','REX_MEDIA_BUTTON[1]||||||+N+||||||||||||+N+||||||<?||||||+N+||||||||||||+N+||||||if (\"FILE[1]\" != \"\")||||||+N+||||||{||||||+N+|||||| echo \"<img src=/files/FILE[1]>\";||||||+N+||||||}||||||+N+||||||||||||+N+||||||?><br><br>','','0','0');
CREATE TABLE rex_template ( id int(5) NOT NULL  auto_increment, label varchar(255) NULL  , name varchar(255) NULL  , content text NULL  , bcontent text NULL  , active tinyint(1) NULL DEFAULT 0  , date timestamp(8) NULL  , PRIMARY KEY(id))TYPE=MyISAM;
INSERT INTO rex_template VALUES ('1','','01 Standard Template','<?||||||+N+||||||||||||+N+||||||setlocale(LC_ALL,\"de_DE\");||||||+N+||||||||||||+N+||||||||||||+N+||||||// AUTHENTIFIZIERUNG||||||+N+||||||include $REX[INCLUDE_PATH].\"/generated/templates/3.template\";||||||+N+||||||||||||+N+||||||?><html>||||||+N+||||||<head>||||||+N+||||||<title>REDAXO COM DEMO</title>||||||+N+||||||<link rel=stylesheet type=text/css href=/files/style.css>||||||+N+||||||<script language=Javascript src=/js/standard.js></script>||||||+N+||||||<script language=Javascript src=/js/flashdetect.js></script>||||||+N+||||||||||||+N+||||||||||||+N+||||||</head>||||||+N+||||||<body bgcolor=#ffffff marginwidth=0 marginheight=0 topmargin=0 leftmargin=0 background=/files/bg.gif>||||||+N+||||||<a name=top></a>||||||+N+||||||||||||+N+||||||||||||+N+||||||<table width=920 cellpadding=0 cellspacing=0 border=0>||||||+N+||||||||||||+N+||||||<tr>||||||+N+||||||<td valign=top><img src=/files/head_links.gif><br>||||||+N+||||||<img src=/pics/leer.gif width=10 height=15><br><?||||||+N+||||||||||||+N+||||||// NAVIGATION||||||+N+||||||include $REX[INCLUDE_PATH].\"/generated/templates/2.template\";||||||+N+||||||||||||+N+||||||?></td>||||||+N+||||||<td>&nbsp;</td>||||||+N+||||||<td valign=top><table width=100% cellpadding=20 cellspacing=0 border=0><tr><td valign=top><?||||||+N+||||||||||||+N+||||||// BANNER||||||+N+||||||include $REX[INCLUDE_PATH].\"/generated/templates/5.template\";||||||+N+||||||echo \"<br><img src=/pics/leer.gif width=10 height=30><br>\";||||||+N+||||||echo $this->getArticle();||||||+N+||||||||||||+N+||||||?></td></tr></table></td>||||||+N+||||||<td>&nbsp;</td>||||||+N+||||||<td valign=top><img src=/files/logo.gif><br>||||||+N+||||||<img src=/pics/leer.gif width=10 height=15><br><?||||||+N+||||||||||||+N+||||||include $REX[INCLUDE_PATH].\"/generated/templates/4.template\";||||||+N+||||||||||||+N+||||||?></td>||||||+N+||||||</tr>||||||+N+||||||||||||+N+||||||<tr>||||||+N+||||||<td><img src=/pics/leer.gif width=172 height=1></td>||||||+N+||||||<td><img src=/pics/leer.gif width=15 height=1></td>||||||+N+||||||<td align=center>&copy; 2004 by <a href=http://www.pergopa.de target=_blank>pergopa kristinus gbr</a> |  <a href=index.php?article_id=12>Impressum</a> | wcms: <a href=http://www.redaxo.de target=_blank>redaxo 2.7</a><br><img src=/pics/leer.gif width=550 height=1></td>||||||+N+||||||<td><img src=/pics/leer.gif width=15 height=1></td>||||||+N+||||||<td><img src=/pics/leer.gif width=172 height=1></td>||||||+N+||||||</tr>||||||+N+||||||||||||+N+||||||</table>||||||+N+||||||||||||+N+||||||</body></html>','','1','20040721');
INSERT INTO rex_template VALUES ('2','','01.01 Navigation','<img src=/files/o.gif><table width=100% cellpadding=0 cellspacing=0 border=0 style=\'background-image:url(/files/sbg.gif)\'>||||||+N+||||||<tr><td><?||||||+N+||||||||||||+N+||||||// USER STATUS FUER PERSOENLICHE NAVI||||||+N+||||||$utype_id = 1;||||||+N+||||||if ($FORM[USR]) $utype_id = $FORM[USER]->getValue(\"singlestatus\");||||||+N+||||||||||||+N+||||||||||||+N+||||||// PFAD AUSLESEN||||||+N+||||||$cat_id = $this->getValue(\"category_id\");||||||+N+||||||$path = explode(\"-\",$this->getValue(\"path\"));||||||+N+||||||$showpath = \"/ <a href=index.php?article_id=8 class=white>Home</a>\";||||||+N+||||||$cat1 = current($path)+0;||||||+N+||||||next($path);||||||+N+||||||$cat2 = current($path)+0;||||||+N+||||||next($path);||||||+N+||||||$cat3 = current($path)+0;||||||+N+||||||||||||+N+||||||||||||+N+||||||// 2. NAVI||||||+N+||||||||||||+N+||||||$NAV2 = \"\";||||||+N+||||||$cat_id = $cat2;||||||+N+||||||||||||+N+||||||@include $REX[INCLUDE_PATH].\"/generated/categories/$cat_id.list.category\";||||||+N+||||||$NAV = $REX[RECAT][$cat_id];||||||+N+||||||||||||+N+||||||for ($i=0;$i<count($NAV);$i++)||||||+N+||||||{||||||+N+||||||||||||+N+|||||| $id = current($NAV);||||||+N+|||||| $aid = $REX[CAT][$id][article_id];||||||+N+|||||| $name = $REX[CAT][$id][name];||||||+N+||||||||||||+N+|||||| if ($i==0) $NAV2 .= \"<table width=100% cellpadding=0 cellspacing=0 border=0>\";||||||+N+||||||||||||+N+|||||| @include $REX[INCLUDE_PATH].\"/generated/articles/$aid.article\";||||||+N+||||||||||||+N+|||||| $type_id = $REX[ART][$aid][type_id];||||||+N+|||||| if ($aid == 1) $type_id = 1; // HOME PAGE AUSNAHME||||||+N+|||||| $CST = true;||||||+N+|||||| if ($type_id>$utype_id) $CST = false;||||||+N+||||||||||||+N+|||||| if ($cat3==$id and $REX[CAT][$id][status]==1 and $CST)||||||+N+|||||| {||||||+N+||||||    $NAV2 .= \"<tr><td width=20 class=nava align=center><img src=/files/na.gif></td><td class=nava>\".||||||+N+||||||      \"<a href=index.php?article_id=$aid class=nava>$name</a></td></tr>\";||||||+N+||||||||||||+N+|||||| }elseif ($REX[CAT][$id][status]==1 and $CST)||||||+N+|||||| {||||||+N+||||||     if ($name == \"\")||||||+N+||||||     {||||||+N+||||||       $NAV2 .= \"<tr onmouseover=this.style.background=\'#D8E5D8\'; onmouseout=this.style.background=\'transparent\'><td width=20>&nbsp;</td><td width=20><img src=/pics/leer.gif width=8 height=8></td><td>&nbsp;</td></tr>\";||||||+N+||||||      ||||||+N+||||||     }else||||||+N+||||||     {||||||+N+||||||       $NAV2 .= \"<tr onmouseover=this.style.background=\'#D8E5D8\'; onmouseout=this.style.background=\'transparent\'><td width=20 align=center><img src=/files/np.gif></td><td><a href=index.php?article_id=$aid class=nav>$name</a></td></tr>\";||||||+N+||||||||||||+N+||||||      }||||||+N+||||||||||||+N+|||||| }||||||+N+||||||   ||||||+N+|||||| if (($i+1)==count($NAV)) $NAV2 .= \"</table>\";||||||+N+||||||||||||+N+|||||| next($NAV);||||||+N+||||||}||||||+N+||||||||||||+N+||||||||||||+N+||||||||||||+N+||||||// 1. NAVI||||||+N+||||||||||||+N+||||||$NAV1 = \"\";||||||+N+||||||$cat_id = 0;||||||+N+||||||||||||+N+||||||@include $REX[INCLUDE_PATH].\"/generated/categories/$cat_id.list.category\";||||||+N+||||||$NAV = $REX[RECAT][$cat_id];||||||+N+||||||||||||+N+||||||for ($i=0;$i<count($NAV);$i++)||||||+N+||||||{||||||+N+||||||||||||+N+|||||| $id = current($NAV);||||||+N+|||||| $aid = $REX[CAT][$id][article_id];||||||+N+|||||| $name = $REX[CAT][$id][name];||||||+N+||||||||||||+N+|||||| if ($i==0) $NAV1 .= \"<table width=100% cellpadding=0 cellspacing=0 border=0>\";||||||+N+||||||||||||+N+|||||| @include $REX[INCLUDE_PATH].\"/generated/articles/$aid.article\";||||||+N+||||||||||||+N+|||||| $type_id = $REX[ART][$aid][type_id];||||||+N+|||||| if ($aid == 1) $type_id = 1; // HOME PAGE AUSNAHME||||||+N+|||||| $CST = true;||||||+N+|||||| if ($type_id>$utype_id) $CST = false;||||||+N+||||||||||||+N+|||||| if ($cat2==$id and $REX[CAT][$id][status]==1 and $CST)||||||+N+|||||| {||||||+N+||||||    $NAV1 .= \"<tr><td width=20 class=nava>&nbsp;</td><td width=15 class=nava><img src=/files/na.gif></td><td class=nava>\".||||||+N+||||||      \"<a href=index.php?article_id=$aid class=nava>$name</a></td></tr>\";||||||+N+||||||||||||+N+||||||   if ($NAV2 != \"\") $NAV1 .= \"<tr><td colspan=2>&nbsp;</td><td>$NAV2</td></tr>\";||||||+N+||||||||||||+N+|||||| }elseif ($REX[CAT][$id][status]==1 and $CST)||||||+N+|||||| {||||||+N+||||||     if ($name == \"\")||||||+N+||||||     {||||||+N+||||||       $NAV1 .= \"<tr onmouseover=this.style.background=\'#D8E5D8\'; onmouseout=this.style.background=\'transparent\'><td width=20>&nbsp;</td><td width=15><img src=/pics/leer.gif width=8 height=8></td><td>&nbsp;</td></tr>\";||||||+N+||||||      ||||||+N+||||||     }else||||||+N+||||||     {||||||+N+||||||       $NAV1 .= \"<tr onmouseover=this.style.background=\'#D8E5D8\'; onmouseout=this.style.background=\'transparent\'><td width=20>&nbsp;</td><td width=15><img src=/files/np.gif></td><td><a href=index.php?article_id=$aid class=nav>$name</a></td></tr>\";||||||+N+||||||||||||+N+||||||      }||||||+N+||||||||||||+N+|||||| }||||||+N+||||||   ||||||+N+|||||| if (($i+1)==count($NAV)) $NAV1 .= \"</table>\";||||||+N+||||||||||||+N+|||||| next($NAV);||||||+N+||||||}||||||+N+||||||||||||+N+||||||echo $NAV1;||||||+N+||||||||||||+N+||||||?></td></tr></table><img src=/files/u.gif><br>','','0','20040721');
INSERT INTO rex_template VALUES ('3','','01.02 Authentifizierung','<?||||||+N+||||||||||||+N+||||||setlocale(LC_ALL,\"de_DE\");||||||+N+||||||||||||+N+||||||// -------------------------------------------------------------- USER AUTH||||||+N+||||||||||||+N+||||||session_start();||||||+N+||||||||||||+N+||||||global $REX_SESSION;||||||+N+||||||$FORM[USR] = false;||||||+N+||||||||||||+N+||||||$sql = new sql;||||||+N+||||||||||||+N+||||||||||||+N+||||||$user_id = 0;||||||+N+||||||$user_name = \"\";||||||+N+||||||||||||+N+||||||if ($REX_SESSION[UID][\'rex\']!=\"\" or $FORM[rex_login] != \"\" or $FORM[logout] != \"\")||||||+N+||||||{||||||+N+||||||||||||+N+|||||| $FORM[USER] = new login();||||||+N+|||||| $FORM[USER]->setSqlDb(1);||||||+N+|||||| $FORM[USER]->setSysID(\"rex\");||||||+N+|||||| $FORM[USER]->setLanguage(\"de\");||||||+N+|||||| $FORM[USER]->setSessiontime(3000);||||||+N+|||||| $FORM[USER]->setLogin($FORM[rex_login],$FORM[rex_psw]);||||||+N+|||||| if ($FORM[LOGOUT] == 1) $FORM[USER]->setLogout(true);||||||+N+|||||| $FORM[USER]->setUserID(\"rex__user.id\");||||||+N+|||||| $FORM[USER]->setUserquery(\"select * from rex__user where id=\'USR_UID\' and status=1\");||||||+N+|||||| $FORM[USER]->setLoginquery(\"select * from rex__user where login=\'USR_LOGIN\' and psw=\'USR_PSW\' and status=1\");||||||+N+||||||||||||+N+|||||| if ($FORM[USER]->checkLogin())||||||+N+|||||| {||||||+N+||||||  $FORM[USR] = true;||||||+N+||||||  $sql->query(\"update rex__user set last_action=\'\".time().\"\' ||||||+N+||||||   where id=\'\".$FORM[USER]->getValue(\"rex__user.id\").\"\'\");||||||+N+||||||  $user_id = $FORM[USER]->getValue(\"rex__user.id\");||||||+N+||||||  $user_name = $FORM[USER]->getValue(\"rex__user.login\");||||||+N+||||||  $sql->query(\"delete from rex__session ||||||+N+||||||   where session=\'\".session_id().\"\' or stamp<\'\".(time()-1800).\"\' or user_id=\'$user_id\'\");||||||+N+|||||| }else||||||+N+|||||| {||||||+N+||||||  $err_msg = $FORM[USER]->message;||||||+N+||||||  $sql->query(\"delete from rex__session where session=\'\".session_id().\"\' or stamp<\'\".(time()-1800).\"\'\");||||||+N+|||||| }||||||+N+|||||| ||||||+N+||||||}else||||||+N+||||||{||||||+N+|||||| $sql->query(\"delete from rex__session where session=\'\".session_id().\"\' or stamp<\'\".(time()-1800).\"\'\");||||||+N+||||||}||||||+N+||||||||||||+N+||||||$sql->query(\"insert into rex__session set ||||||+N+|||||| session=\'\".session_id().\"\', user_id=\'$user_id\',name=\'$user_name\',stamp=\'\".time().\"\'\");||||||+N+||||||||||||+N+||||||||||||+N+||||||if ($this->getValue(\"type_id\")>1)||||||+N+||||||{||||||+N+|||||| if ($FORM[USR]) ||||||+N+|||||| {||||||+N+||||||  if ($this->getValue(\"type_id\")>$FORM[USER]->getValue(\"singlestatus\"))||||||+N+||||||  {||||||+N+||||||   header(\"Location: index.php?article_id=8&FORM[errmsg]=\".urlencode($err_msg).\"\");||||||+N+||||||   exit;||||||+N+||||||  }||||||+N+|||||| }else||||||+N+|||||| {||||||+N+||||||  header(\"Location: index.php?article_id=8&FORM[errmsg]=\".urlencode($err_msg).\"\");||||||+N+|||||| }||||||+N+||||||}||||||+N+||||||||||||+N+||||||||||||+N+||||||?>','','0','20040714');
INSERT INTO rex_template VALUES ('4','','01.03 Loginfenster','<!-- / LOGIN-USER BEREICH -->||||||+N+||||||||||||+N+||||||<img src=/files/o.gif><table width=100% cellpadding=10 cellspacing=0 border=0 style=\'background-image:url(/files/sbg.gif)\'>||||||+N+||||||<tr><td><img src=/files/hl_login.gif><br><?||||||+N+||||||||||||+N+||||||$gu = new sql;||||||+N+||||||||||||+N+||||||$select_out = \"<select name=Auswahl size=1 class=inp100 onChange=\'document.location.href=this.form.Auswahl.options[this.form.Auswahl.options.selectedIndex].value\'>\";||||||+N+||||||||||||+N+||||||$select_out .= \"<option value=\'\' selected>Online Users</option>\";||||||+N+||||||$gu->setQuery(\"select user_id,name from rex__session where user_id>0\");||||||+N+||||||$nuser = $gu->getRows()+0;||||||+N+||||||for ($i=0;$i<$gu->getRows();$i++)||||||+N+||||||{||||||+N+|||||| $select_out .= \"<option value=\'/index.php?article_id=16&FORM[user_id]=\".||||||+N+||||||  $gu->getValue(\"user_id\").\"\'>- \".$gu->getValue(\"name\").\"</option>\";||||||+N+|||||| $gu->next();||||||+N+||||||}||||||+N+||||||$select_out .= \"<option value=\'\'></option>\";||||||+N+||||||||||||+N+||||||||||||+N+||||||$select_out .= \"<option value=\'\'>Letzte Zugriffe</option>\";||||||+N+||||||$gu->setQuery(\"select id,login from rex__user order by last_action desc LIMIT 5 \");||||||+N+||||||for ($i=0;$i<$gu->getRows();$i++)||||||+N+||||||{||||||+N+|||||| $select_out .= \"<option value=\'/index.php?article_id=16&FORM[user_id]=\".||||||+N+||||||  $gu->getValue(\"id\").\"\'>- \".$gu->getValue(\"login\").\"</option>\";||||||+N+|||||| $gu->next();||||||+N+||||||}||||||+N+||||||$select_out .= \"</select>\";||||||+N+||||||||||||+N+||||||$gu->setQuery(\"select user_id,name from rex__session where user_id=0\");||||||+N+||||||$guser = $gu->getRows()+0;||||||+N+||||||||||||+N+||||||$message = \"Es sind zur Zeit $guser Gäste und $nuser Mitglieder online\";||||||+N+||||||||||||+N+||||||?><br>||||||+N+||||||||||||+N+||||||<?||||||+N+||||||||||||+N+||||||if (!$FORM[USR])||||||+N+||||||{||||||+N+||||||||||||+N+||||||// ------------------------- LOGIN||||||+N+||||||||||||+N+||||||echo \"<table width=100% cellpadding=0 cellspacing=0 border=0>||||||+N+||||||<form action=index.php method=post name=login>||||||+N+||||||<input type=hidden name=article_id value=\".$this->getValue(\"id\").\">\";||||||+N+||||||if ($err_msg != \"\") echo \"<tr><td colspan=2>$err_msg</td><td width=1><img src=/pics/leer.gif width=1 height=25></td></tr>\";||||||+N+||||||echo \"||||||+N+||||||||||||+N+||||||<tr>||||||+N+||||||<td>NAME:&nbsp;</td>||||||+N+||||||<td><input type=text name=FORM[rex_login] value=\'\".$FORM[rex_login].\"\' size=10 class=inp100grey></td>||||||+N+||||||<td width=1><img src=/pics/leer.gif width=1 height=25></td>||||||+N+||||||</tr>||||||+N+||||||||||||+N+||||||<tr>||||||+N+||||||<td>PSW:&nbsp;</td>||||||+N+||||||<td><input type=password name=FORM[rex_psw] size=10 class=inp100grey></td>||||||+N+||||||<td><img src=/pics/leer.gif width=1 height=25></td>||||||+N+||||||</tr>||||||+N+||||||||||||+N+||||||<tr>||||||+N+||||||<td><input type=image src=/pics/leer.gif width=1 height=1 border=0></td>||||||+N+||||||<td><a href=javascript:document.login.submit();>&raquo;&nbsp;LOGIN</a>||||||+N+||||||<td><img src=/pics/leer.gif width=1 height=25></td>||||||+N+||||||</tr>||||||+N+||||||||||||+N+||||||<tr><td colspan=2>$select_out</td><td><img src=/pics/leer.gif width=1 height=40></td></tr>||||||+N+||||||<tr><td colspan=2>$message</td><td><img src=/pics/leer.gif width=1 height=60></td></tr>||||||+N+||||||<tr><td colspan=2><a href=index.php?article_id=10>&raquo;&nbsp;REGISTRIEREN</a></td><td><img src=/pics/leer.gif width=1 height=25></td></tr>||||||+N+||||||||||||+N+||||||</form></table>\";||||||+N+||||||||||||+N+||||||}else||||||+N+||||||{||||||+N+||||||||||||+N+|||||| // ------------------------- EINGELOGGT||||||+N+||||||||||||+N+|||||| echo \"<table width=100% cellpadding=0 cellspacing=0 border=0>||||||+N+||||||<form action=index.php method=post name=login>||||||+N+||||||<input type=hidden name=article_id value=\".$this->getValue(\"id\").\">||||||+N+||||||<tr>||||||+N+||||||<td><img src=/files/\";||||||+N+||||||||||||+N+||||||if ($FORM[USER]->getValue(\"rex__user.sex\")==\"w\") echo \"w\";||||||+N+||||||else echo \"m\";||||||+N+||||||||||||+N+||||||echo \".gif></td>||||||+N+||||||<td>\".$FORM[USER]->getValue(\"login\").\"</td>||||||+N+||||||<td width=1><img src=/pics/leer.gif width=1 height=25></td>||||||+N+||||||</tr>||||||+N+||||||||||||+N+||||||<tr>||||||+N+||||||<td>NAME:&nbsp;</td>||||||+N+||||||<td>\".$FORM[USER]->getValue(\"name\").\"</td>||||||+N+||||||<td width=1><img src=/pics/leer.gif width=1 height=25></td>||||||+N+||||||</tr>||||||+N+||||||||||||+N+||||||<tr><td colspan=2>$select_out</td><td><img src=/pics/leer.gif width=1 height=40></td></tr>||||||+N+||||||<tr><td colspan=2>$message</td><td><img src=/pics/leer.gif width=1 height=60></td></tr>||||||+N+||||||||||||+N+||||||<tr><td colspan=2><a href=index.php?article_id=4>&raquo;&nbsp;MEIN&nbsp;PROFIL&nbsp;</a></td><td><img src=/pics/leer.gif width=1 height=25></td></tr>||||||+N+||||||||||||+N+||||||<tr><td colspan=2><a href=index.php?article_id=1&FORM[LOGOUT]=1>&raquo;&nbsp;LOGOUT&nbsp;</a></td><td><img src=/pics/leer.gif width=1 height=25></td></tr>||||||+N+||||||||||||+N+||||||</form></table>\";||||||+N+||||||||||||+N+||||||}||||||+N+||||||||||||+N+||||||?></td></tr></table><img src=/files/u.gif><br>||||||+N+||||||||||||+N+||||||<!-- / LOGIN-USER BEREICH -->||||||+N+||||||','','0','20040721');
INSERT INTO rex_template VALUES ('5','','01.04 Banner','<a href=http://www.redaxo.de><img src=/files/banner.jpg width=468 height=60 border=0></a>','','0','20040721');
