
DROP TABLE IF EXISTS rex__article_comment;
DROP TABLE IF EXISTS rex__board;
DROP TABLE IF EXISTS rex__user;
DROP TABLE IF EXISTS rex__user_comment;
DROP TABLE IF EXISTS rex__user_mail;
DROP TABLE IF EXISTS rex_article;
DROP TABLE IF EXISTS rex_article_slice;
DROP TABLE IF EXISTS rex_article_type;
DROP TABLE IF EXISTS rex_category;
DROP TABLE IF EXISTS rex_email;
DROP TABLE IF EXISTS rex_file;
DROP TABLE IF EXISTS rex_help;
DROP TABLE IF EXISTS rex_modultyp;
DROP TABLE IF EXISTS rex_template;
DROP TABLE IF EXISTS rex_user;
CREATE TABLE rex_user ( user_id int(11) NOT NULL auto_increment, name varchar(255) NOT NULL default '', description text NOT NULL, login varchar(50) NOT NULL default '', psw varchar(50) NOT NULL default '', status varchar(5) NOT NULL default '', rights text NOT NULL, login_tries tinyint(4) NOT NULL default '0', createdate int(11) NOT NULL default '0', updatedate int(11) NOT NULL default '0', lasttrydate int(11) NOT NULL default '0', session_id varchar(255) NOT NULL default '', PRIMARY KEY  (user_id)) TYPE=MyISAM;
DROP TABLE IF EXISTS rex_action;
DROP TABLE IF EXISTS rex_file_category;
DROP TABLE IF EXISTS rex__session;

CREATE TABLE rex__article_comment ( id int(11) NOT NULL  auto_increment, user_id int(11) NULL DEFAULT 0  , article_id int(11) NULL DEFAULT 0  , comment text NULL  , stamp int(11) NULL DEFAULT 0  , status tinyint(4) NULL DEFAULT 0  , PRIMARY KEY(id))TYPE=MyISAM;
CREATE TABLE rex__board ( message_id int(11) NOT NULL  auto_increment, re_message_id int(11) NULL DEFAULT 0  , board_id varchar(255) NULL  , user_id int(11) NULL DEFAULT 0  , replies int(11) NULL DEFAULT 0  , last_entry varchar(14) NULL  , subject varchar(255) NULL  , message text NULL  , stamp varchar(14) NULL  , status int(11) NULL DEFAULT 1  , anonymous_user varchar(50) NULL  , PRIMARY KEY(message_id))TYPE=MyISAM;
CREATE TABLE rex__session ( session varchar(50) NOT NULL  , user_id int(11) NULL DEFAULT 0  , name varchar(50) NULL  , stamp int(11) NULL DEFAULT 0  , PRIMARY KEY(session))TYPE=MyISAM;
CREATE TABLE rex__user ( id int(11) NOT NULL  auto_increment, login varchar(255) NULL  , psw varchar(255) NULL  , email varchar(255) NULL  , name varchar(255) NULL  , firstname varchar(255) NULL  , sex char(1) NULL  , singlestatus varchar(25) NULL DEFAULT 0  , street varchar(255) NULL  , zip varchar(5) NULL  , city varchar(255) NULL  , phone varchar(255) NULL  , fax varchar(255) NULL  , mobil varchar(255) NULL  , posx int(11) NULL DEFAULT 0  , posy int(11) NULL DEFAULT 0  , file varchar(255) NULL  , birthday varchar(14) NULL DEFAULT 0  , interests text NULL  , motto text NULL  , ilike text NULL  , aboutme text NULL  , size varchar(255) NULL  , wheight varchar(255) NULL  , color_eyes varchar(255) NULL  , color_hair varchar(255) NULL  , profession varchar(255) NULL  , homepage varchar(255) NULL  , newsletter tinyint(1) NULL DEFAULT 0  , check1 tinyint(1) NULL DEFAULT 0  , check2 tinyint(1) NULL DEFAULT 0  , check3 tinyint(1) NULL DEFAULT 0  , check4 tinyint(1) NULL DEFAULT 0  , amount_profile_viewed int(11) NULL DEFAULT 0  , amount_comments int(11) NULL DEFAULT 0  , amount_board_topics int(11) NULL DEFAULT 0  , amount_board_replies int(11) NULL DEFAULT 0  , amount_mail_inbox int(11) NULL DEFAULT 0  , amount_mail_outbox int(11) NULL DEFAULT 0  , showinfo tinyint(1) NULL DEFAULT 0  , first_login int(11) NULL DEFAULT 0  , last_login int(11) NULL DEFAULT 0  , last_action int(11) NULL DEFAULT 0  , stamp int(11) NULL DEFAULT 0  , status tinyint(4) NULL DEFAULT 1  , PRIMARY KEY(id))TYPE=MyISAM;
CREATE TABLE rex__user_comment ( id int(11) NOT NULL  auto_increment, user_id int(11) NULL DEFAULT 0  , from_user_id int(11) NULL DEFAULT 0  , message text NULL  , stamp varchar(14) NULL  , status tinyint(1) NULL DEFAULT 0  , PRIMARY KEY(id))TYPE=MyISAM;
CREATE TABLE rex__user_mail ( id int(11) NOT NULL  auto_increment, user_id int(11) NULL DEFAULT 0  , from_user_id int(11) NULL DEFAULT 0  , message text NULL  , stamp varchar(14) NULL  , status tinyint(1) NULL DEFAULT 0  , PRIMARY KEY(id))TYPE=MyISAM;
CREATE TABLE rex_action ( id int(11) NOT NULL  auto_increment, name varchar(255) NULL  , action text NULL  , prepost tinyint(4) NULL DEFAULT 0  , status tinyint(4) NULL DEFAULT 0  , PRIMARY KEY(id))TYPE=MyISAM;
CREATE TABLE rex_article ( id int(11) NOT NULL  auto_increment, name varchar(255) NULL  , linkname varchar(255) NULL  , beschreibung text NULL  , attribute text NULL  , file text NULL  , category_id int(11) NOT NULL DEFAULT 0  , type_id int(11) NULL DEFAULT 1  , startpage tinyint(1) NOT NULL DEFAULT 0  , prior int(10) NULL DEFAULT 0  , path varchar(255) NULL  , status tinyint(1) NULL DEFAULT 0  , online_von varchar(8) NULL DEFAULT 0  , online_bis varchar(8) NULL DEFAULT 0  , erstelldatum varchar(8) NULL DEFAULT 0  , suchbegriffe text NULL  , template_id int(5) NOT NULL DEFAULT 0  , checkbox01 tinyint(1) NULL DEFAULT 0  , checkbox02 tinyint(1) NULL DEFAULT 0  , checkbox03 tinyint(1) NULL DEFAULT 0  , checkbox04 tinyint(1) NULL DEFAULT 0  , user_login varchar(255) NULL  , PRIMARY KEY(id,category_id,startpage,template_id))TYPE=MyISAM;
INSERT INTO rex_article VALUES ('1','Home','','','','','1','1','1','2','-1','1','20040713','20100101','20040713','','1','0','0','0','0','');
INSERT INTO rex_article VALUES ('2','PRODUKTE','','','','','2','1','1','2','-2','1','20040713','20100101','20040713','','1','0','0','0','0','');
INSERT INTO rex_article VALUES ('3','NEWS','','','','','3','1','1','5','-3','1','20040713','20100101','20040713','','1','0','0','0','0','');
INSERT INTO rex_article VALUES ('24','PRODUKT A','','','','','15','1','1','1','-2-15','1','20040723','20100101','20040723','','1','0','0','0','0','');
INSERT INTO rex_article VALUES ('8','OPEN BOARD','','','','','8','1','1','1','-8','1','20040713','20100101','20040713','','1','0','0','0','0','');
INSERT INTO rex_article VALUES ('9','','','','','','9','1','1','1','-9','1','20040713','20100101','20040713','','0','0','0','0','0','');
INSERT INTO rex_article VALUES ('10','Registrierung','','','','','1','1','0','4','-1','1','20040713','20100101','20040713','','1','0','0','0','0','');
INSERT INTO rex_article VALUES ('11','KONTAKT','','','','','10','1','1','1','-10','1','20040713','20100101','20040713','','1','0','0','0','0','');
INSERT INTO rex_article VALUES ('12','IMPRESSUM','','','','','11','1','1','1','-11','1','20040713','20100101','20040713','','1','0','0','0','0','');
INSERT INTO rex_article VALUES ('27','SITEMAP','','','','','18','1','1','2','-18','1','20040723','20100101','20040723','','1','0','0','0','0','');
INSERT INTO rex_article VALUES ('14','Nutzungsbedingungen','','','','','1','1','0','3','-1','1','20040713','20100101','20040713','','1','0','0','0','0','');
INSERT INTO rex_article VALUES ('20','AKtuelle Infos 1','','','','','3','1','0','6','-3','1','20040715','20100101','20040715','','1','0','0','0','0','');
INSERT INTO rex_article VALUES ('25','PRODUKT B','','','','','16','1','1','1','-2-16','1','20040723','20100101','20040723','','1','0','0','0','0','');
INSERT INTO rex_article VALUES ('22','AKtuelle Infos 3','','','','','3','1','0','8','-3','1','20040706','20100106','20040723','','1','0','0','0','0','');
INSERT INTO rex_article VALUES ('21','AKtuelle Infos 2','','','','','3','1','0','7','-3','1','20040729','20100101','20040723','','1','0','0','0','0','');
INSERT INTO rex_article VALUES ('23','AKtuelle Infos 4','','','','','3','1','0','9','-3','1','20040817','20100101','20040723','','1','0','0','0','0','');
INSERT INTO rex_article VALUES ('26','PRODUKT C','','','','','17','1','1','1','-2-17','1','20040723','20100101','20040723','','1','0','0','0','0','');
CREATE TABLE rex_article_slice ( id int(11) NOT NULL  auto_increment, re_article_slice_id int(11) NOT NULL DEFAULT 0  , value1 text NULL  , value2 text NULL  , value3 text NULL  , value4 text NULL  , value5 text NULL  , value6 text NULL  , value7 text NULL  , value8 text NULL  , value9 text NULL  , value10 text NULL  , file1 varchar(255) NULL  , file2 varchar(255) NULL  , file3 varchar(255) NULL  , file4 varchar(255) NULL  , file5 varchar(255) NULL  , file6 varchar(255) NULL  , file7 varchar(255) NULL  , file8 varchar(255) NULL  , file9 varchar(255) NULL  , file10 varchar(255) NULL  , link1 int(11) NULL DEFAULT 0  , link2 int(11) NULL DEFAULT 0  , link3 int(11) NULL DEFAULT 0  , link4 int(11) NULL DEFAULT 0  , link5 int(11) NULL DEFAULT 0  , link6 int(11) NULL DEFAULT 0  , link7 int(11) NULL DEFAULT 0  , link8 int(11) NULL DEFAULT 0  , link9 int(11) NULL DEFAULT 0  , link10 int(11) NULL DEFAULT 0  , php text NULL  , html text NULL  , article_id int(11) NOT NULL DEFAULT 0  , modultyp_id int(5) NOT NULL DEFAULT 0  , PRIMARY KEY(id,re_article_slice_id,article_id,modultyp_id))TYPE=MyISAM;
INSERT INTO rex_article_slice VALUES ('1','0','','','','','','','','','','','','','','','','','','','','','0','0','0','0','0','0','0','0','0','0','<?||||||+N+||||||||||||+N+||||||// --------------------------------- 13 Jahre check||||||+N+||||||||||||+N+||||||if ($FORM[ac] == 2)||||||+N+||||||{||||||+N+|||||| echo \"Hallo lieber User, ||||||+N+||||||||||||+N+||||||<br><br>leider ist das Mindestalter von 13 Jahren noch nicht erreicht. Einfach noch ein paar Jährchen warten und dann loslegen! Wir freuen uns jetzt schon!||||||+N+||||||||||||+N+||||||<br><br>Das \".$REX[SERVERNAME].\" Team<br><br>||||||+N+||||||\";||||||+N+||||||||||||+N+||||||}elseif ($FORM[ac] != 1)||||||+N+||||||{||||||+N+||||||||||||+N+|||||| echo \"Um sich in der \".$REX[SERVERNAME].\" registrieren zu können, ist aus gesetzlichen Gründen ein Mindestalter von 13 Jahren erfordlich.\";||||||+N+|||||| echo \"<br><br><a href=index.php?article_id=10&FORM[ac]=1>&raquo;&nbsp;Ja, ich bin mindestens 13 Jahre alt.</a>\";||||||+N+|||||| echo \"<br><br><a href=index.php?article_id=10&FORM[ac]=2>&raquo;&nbsp;Nein, ich bin unter 13 Jahre alt.</a><br><br>\";||||||+N+||||||||||||+N+||||||}||||||+N+||||||||||||+N+||||||?>','','10','1');
INSERT INTO rex_article_slice VALUES ('2','1','','','','','','','','','','','','','','','','','','','','','0','0','0','0','0','0','0','0','0','0','<?||||||+N+||||||||||||+N+||||||$FORM[sf] = true;||||||+N+||||||||||||+N+||||||if ($FORM[send] == 1 && $FORM[ac] == 1)||||||+N+||||||{||||||+N+||||||	||||||+N+||||||	$FORM[login] = trim($FORM[login]);||||||+N+||||||	$gl = new sql;||||||+N+||||||	$gl->setQuery(\"select * from rex__user where login=\'\".$FORM[login].\"\'\");||||||+N+||||||||||||+N+||||||	if ($FORM[findeok]!=1) $FORM[err_msg] = \"Die Registrierungserklärung wurde noch nicht akzeptiert !\";||||||+N+||||||||||||+N+||||||	if ($FORM[login]==\"\" or $gl->getRows()>0) $FORM[err_msg] = \"Das Login existiert bereits oder ist nicht eingetragen !<br>\";||||||+N+||||||||||||+N+||||||	if ($FORM[vorname]==\"\") $FORM[err_msg] = \"Der Vorname ist nicht eingetragen !<br>\";||||||+N+||||||||||||+N+||||||	if ($FORM[name]==\"\") $FORM[err_msg] = \"Der Name ist nicht eingetragen !<br>\";||||||+N+||||||||||||+N+||||||	// if ($FORM[strasse]==\"\") $FORM[err_msg] = \"Die Straße ist nicht eingetragen !<br>\";||||||+N+||||||	// if ($FORM[plz]==\"\") $FORM[err_msg] = \"Die PLZ ist nicht eingetragen !<br>\";||||||+N+||||||	// if ($FORM[ort]==\"\") $FORM[err_msg] = \"Der Ort ist nicht eingetragen !<br>\";||||||+N+||||||||||||+N+||||||	$FORM[email] = trim($FORM[email]);||||||+N+||||||||||||+N+||||||	$gl = new sql;||||||+N+||||||	$gl->setQuery(\"select * from rex__user where email=\'\".$FORM[email].\"\'\");||||||+N+||||||	||||||+N+||||||if ($gl->getRows()>0 or !validateEmail($FORM[email])) $FORM[err_msg] = \"Die E-Mail existiert bereits oder ist nicht eingetragen.<br>\";||||||+N+||||||||||||+N+||||||	||||||+N+||||||	// day month year||||||+N+||||||	$FORM[birthday] = $FORM[day].\".\".$FORM[month].\".\".$FORM[year];||||||+N+||||||	// if (!checkdate($FORM[month],$FORM[day],$FORM[year])) $FORM[err_msg] = \"Das Geburtsdatum ist nicht richtig !<br>\";||||||+N+||||||	||||||+N+||||||	if ($FORM[nutzungsbedingungen]!=1) $FORM[err_msg] = \"Die Nutzungsbedingungen wurden nicht akzeptiert !\";||||||+N+||||||||||||+N+||||||	||||||+N+||||||||||||+N+||||||	if ($FORM[err_msg]==\"\")||||||+N+||||||	{||||||+N+||||||		// user eintragen und passwort vergeben||||||+N+||||||		$FORM[psw] = substr(md5(microtime()),0,6);||||||+N+||||||||||||+N+||||||		$au = new sql;||||||+N+||||||		$au->setTable(\"rex__user\");||||||+N+||||||		$au->setValue(\"login\",$FORM[login]);||||||+N+||||||		$au->setValue(\"psw\",$FORM[psw]);||||||+N+||||||		$au->setValue(\"email\",$FORM[email]);||||||+N+||||||		$au->setValue(\"name\",$FORM[name]);||||||+N+||||||		$au->setValue(\"firstname\",$FORM[vorname]);||||||+N+||||||		$au->setValue(\"sex\",$FORM[sex]);||||||+N+||||||		$au->setValue(\"street\",$FORM[strasse]);||||||+N+||||||		$au->setValue(\"zip\",$FORM[plz]);||||||+N+||||||		$au->setValue(\"city\",$FORM[ort]);||||||+N+||||||		$au->setValue(\"phone\",$FORM[phone]);||||||+N+||||||		$au->setValue(\"birthday\",$FORM[birthday]);||||||+N+||||||		$au->setValue(\"newsletter\",$FORM[marketing]);||||||+N+||||||		$au->setValue(\"stamp\",time());||||||+N+||||||		$au->setValue(\"singlestatus\",3);||||||+N+||||||		$au->setValue(\"status\",1);||||||+N+||||||		$au->setValue(\"first_login\",date(\"Ymd\"));||||||+N+||||||		$au->insert();		||||||+N+||||||		||||||+N+||||||		// email an user||||||+N+||||||		$to = $FORM[email];||||||+N+||||||		$from = \"Server <\".$REX[error_emailaddress].\">\";||||||+N+||||||		$subject = \"Registrierungsdaten bei \".$REX[SERVERNAME].\"\";||||||+N+||||||		$message = \"Hallo und willkommen bei \".$REX[SERVERNAME].\". Mit folgendem Link ist ein direkter Login möglich. Das von uns automatisch generierte Passwort ist im Profil änderbar. Ebenso kann man im Profil weitere Daten eintragen. (Interessen, Motto, Hobbys etc.)||||||+N+||||||||||||+N+||||||||||||+N+||||||http://\".$REX[SERVER].\"/index.php?article_id=4&FORM[rex_login]=\".urlencode($FORM[login]).\"&FORM[rex_psw]=\".$FORM[psw].\"||||||+N+||||||||||||+N+||||||Login: \".$FORM[login].\"||||||+N+||||||Passwort: \".$FORM[psw].\"||||||+N+||||||||||||+N+||||||Bei der Registrierung wurden die Nutzungsbedingungen gelesen und akzeptiert.||||||+N+||||||||||||+N+||||||http://\".$REX[SERVER].\"/index.php?article_id=14||||||+N+||||||||||||+N+||||||Wir wüschen viel Spaß in der \".$REX[SERVERNAME].\"!||||||+N+||||||||||||+N+||||||Das \".$REX[SERVERNAME].\" Team||||||+N+||||||||||||+N+||||||-----------------------------------------------||||||+N+||||||Bei Fragen oder Problemen einfach eine E-Mail an \".$REX[error_emailaddress].\"||||||+N+||||||\";||||||+N+||||||		||||||+N+||||||		sendMail($to,$from,$subject,$message);||||||+N+||||||		||||||+N+||||||		// ausgabe||||||+N+||||||		||||||+N+||||||		echo \"Vielen Dank für die Registrierung!<br><br>Das Passwort wird bei erfolgreicher Übertragung des Formulars in ein paar Minuten als E-Mail zugeschickt.<br><br>Wir wünschen viel Spaß in der Community!<br><br>Das \".$REX[SERVERNAME].\" Team<br><br>\";||||||+N+||||||||||||+N+||||||		$FORM[sf] = false;||||||+N+||||||		||||||+N+||||||	}||||||+N+||||||	||||||+N+||||||}||||||+N+||||||||||||+N+||||||||||||+N+||||||?>','','10','1');
INSERT INTO rex_article_slice VALUES ('21','0','die nutzungsbedingungen:||||||+N+||||||||||||+N+||||||kommen hier rein!','','','','','','','','','','','','','','','','','','','','0','0','0','0','0','0','0','0','0','0','','','14','2');
INSERT INTO rex_article_slice VALUES ('3','2','','','','','','','','','','','','','','','','','','','','','0','0','0','0','0','0','0','0','0','0','<?||||||+N+||||||||||||+N+||||||if ($FORM[ac] == 1 && $FORM[sf])||||||+N+||||||{||||||+N+||||||||||||+N+||||||	echo \"<b>Hier könnt Ihr Euch für die \".$REX[SERVERNAME].\" an melden. Folgende Features stehen Euch dann zur Verfügung:</b>||||||+N+||||||||||||+N+||||||||||||+N+||||||<br><br><table width=100% cellpadding=0 cellspacing=0 border=0>||||||+N+||||||<tr><td width=20><img src=/pics/bullet.gif width=16 height=16></td><td>Beiträge im Forum schreiben</td></tr>||||||+N+||||||<tr><td width=20><img src=/pics/bullet.gif width=16 height=16></td><td>Kommentare zu Artikeln abgeben</td></tr>||||||+N+||||||<tr><td width=20><img src=/pics/bullet.gif width=16 height=16></td><td>private P-Mails an andere Mitglieder senden</td></tr>||||||+N+||||||<tr><td width=20><img src=/pics/bullet.gif width=16 height=16></td><td>Gästebucheinträge bei anderen Mitglieder</td></tr>||||||+N+||||||<tr><td width=20><img src=/pics/bullet.gif width=16 height=16></td><td>und vieles mehr...</td></tr>||||||+N+||||||</table>||||||+N+||||||||||||+N+||||||<br>Füllt für die Registrierung das folgende Formular aus. Alle Felder die mit (*) gekennzeichnet sind, sind Pflichtfelder um  Mitglied in der \".$REX[SERVERNAME].\" zu werden. Das Passwort wird bei erfolgreicher Übertragung des Formulars in ein paar Minuten als E-Mail zugeschickt.||||||+N+||||||		||||||+N+||||||		<br><br>Nach erhalt der Email und des ersten erfolgreichen Logins ist das von uns automatisch generierte Passwort im Profil änderbar. Ebenso kann man im Profil weitere Daten eintragen. (Interessen, Motto, Hobbys etc.)||||||+N+||||||		<br><br>\";||||||+N+||||||		||||||+N+||||||	if ($FORM[errmsg] != \"\") echo \"<font class=red>\".$FORM[errmsg].\"</font><br><br>\";||||||+N+||||||||||||+N+||||||?>||||||+N+||||||||||||+N+||||||	<table width=510 cellpadding=5 cellspacing=1 border=0>||||||+N+||||||	<form action=index.php method=post>||||||+N+||||||	<input type=hidden name=article_id value=10>||||||+N+||||||	<input type=hidden name=FORM[send] value=1>||||||+N+||||||	<input type=hidden name=FORM[ac] value=1>||||||+N+||||||	||||||+N+||||||	<?||||||+N+||||||	||||||+N+||||||	if ($FORM[err_msg] != \"\") echo \"<tr><td class=warning colspan=2>\".$FORM[err_msg].\"</td></tr><tr><td colspan=2>&nbsp;</td></tr>\";||||||+N+||||||	||||||+N+||||||	?>||||||+N+||||||	||||||+N+||||||	<tr>||||||+N+||||||		<td width=200>Login *:</td>||||||+N+||||||		<td><input type=text size=10 name=FORM[login] value=\"<? echo htmlentities(stripslashes($FORM[login])); ?>\" class=inp100></td>||||||+N+||||||	</tr>||||||+N+||||||	<tr>||||||+N+||||||		<td>Vorname *:</td>||||||+N+||||||		<td><input type=text size=10 name=FORM[vorname] value=\"<? echo htmlentities(stripslashes($FORM[vorname])); ?>\" class=inp100></td>||||||+N+||||||	</tr>||||||+N+||||||	<tr>||||||+N+||||||		<td>Name *:</td>||||||+N+||||||		<td><input type=text size=10 name=FORM[name] value=\"<? echo htmlentities(stripslashes($FORM[name])); ?>\" class=inp100></td>||||||+N+||||||	</tr>||||||+N+||||||	<tr>||||||+N+||||||		<td>Straße/Hausnummer</td>||||||+N+||||||		<td><input type=text size=10 name=FORM[strasse] value=\"<? echo htmlentities(stripslashes($FORM[strasse])); ?>\" class=inp100></td>||||||+N+||||||	</tr>||||||+N+||||||	<tr>||||||+N+||||||		<td>PLZ:</td>||||||+N+||||||		<td><input type=text size=10 name=FORM[plz] value=\"<? echo htmlentities(stripslashes($FORM[plz])); ?>\" class=inp100></td>||||||+N+||||||	</tr>||||||+N+||||||	<tr>||||||+N+||||||		<td>Wohnort:</td>||||||+N+||||||		<td><input type=text size=10 name=FORM[ort] value=\"<? echo htmlentities(stripslashes($FORM[ort])); ?>\" class=inp100></td>||||||+N+||||||	</tr>||||||+N+||||||	<tr>||||||+N+||||||		<td>E-Mail *:</td>||||||+N+||||||		<td><input type=text size=10 name=FORM[email] value=\"<? echo htmlentities(stripslashes($FORM[email])); ?>\" class=inp100></td>||||||+N+||||||	</tr>||||||+N+||||||	<tr>||||||+N+||||||		<td>Telefon:</td>||||||+N+||||||		<td><input type=text size=10 name=FORM[phone] value=\"<? echo htmlentities(stripslashes($FORM[phone])); ?>\" class=inp100></td>||||||+N+||||||	</tr>||||||+N+||||||	<tr>||||||+N+||||||		<td>Geschlecht:</td>||||||+N+||||||		<td><select name=FORM[sex] size=1 class=inp100><?||||||+N+||||||	||||||+N+||||||		if ($FORM[sex]==\"m\")||||||+N+||||||		{||||||+N+||||||			echo \"<option value=\'\'>Keine Angabe</option>\";||||||+N+||||||			echo \"<option value=m selected>Männlich</option>\";||||||+N+||||||			echo \"<option value=w>Weiblich</option>\";||||||+N+||||||		}elseif ($FORM[sex]==\"w\")||||||+N+||||||		{||||||+N+||||||			echo \"<option value=\'\'>Keine Angabe</option>\";||||||+N+||||||			echo \"<option value=m>Männlich</option>\";||||||+N+||||||			echo \"<option value=w selected>Weiblich</option>\";||||||+N+||||||		}else||||||+N+||||||		{||||||+N+||||||			echo \"<option value=\'\' selected>Keine Angabe</option>\";||||||+N+||||||			echo \"<option value=m>Männlich</option>\";||||||+N+||||||			echo \"<option value=w>Weiblich</option>\";||||||+N+||||||		}||||||+N+||||||		||||||+N+||||||		?></select></td>||||||+N+||||||	</tr>||||||+N+||||||	||||||+N+||||||	<?||||||+N+||||||	||||||+N+||||||	if ($FORM[day] == \"\") $day = \"<option value=\'\' selected>--</option>\";||||||+N+||||||	$day = \"<option value=\'\'>--</option>\";||||||+N+||||||	||||||+N+||||||	if ($FORM[month] == \"\") $month = \"<option value=\'\' selected>--</option>\";||||||+N+||||||	$month = \"<option value=\'\'>--</option>\";||||||+N+||||||||||||+N+||||||	if ($FORM[year] == \"\") $year = \"<option value=\'\' selected>----</option>\";||||||+N+||||||	$year = \"<option value=\'\'>----</option>\";||||||+N+||||||	||||||+N+||||||	for($i=1;$i<32;$i++)||||||+N+||||||	if($i<10) if($FORM[day] == \"0\".$i) $day .= \"<option selected>0$i</option>\"; else $day .= \"<option>0$i</option>\";||||||+N+||||||	else if($FORM[day] == $i) $day .= \"<option selected>$i</option>\"; else $day .= \"<option>$i</option>\";||||||+N+||||||	||||||+N+||||||	for($i=1920;$i<2000;$i++)||||||+N+||||||	if($FORM[year] == $i) $year .= \"<option selected>$i</option>\";||||||+N+||||||	else $year .= \"<option >$i</option>\";||||||+N+||||||	||||||+N+||||||	if(isset($FORM[month])) {||||||+N+||||||	$yea = \"sel$FORM[month]\";||||||+N+||||||	$$yea = \"selected\";||||||+N+||||||	}||||||+N+||||||	$month .= \"<option value=01$sel01>Januar<option value=02 $sel02>Februar<option value=03 $sel03>März<option value=04 $sel04>April<option value=05 $sel05>Mai<option value=06 $sel06>Juni<option value=07 $sel07>Juli<option value=08 $sel08>August<option value=09 $sel09>September<option value=10 $sel10>Oktober<option value=11 $sel11>November<option value=12 $sel12>Dezember\";||||||+N+||||||	||||||+N+||||||	?>||||||+N+||||||	||||||+N+||||||	<tr>||||||+N+||||||		<td>Geburtsdatum *:</td>||||||+N+||||||		<td>||||||+N+||||||			<table border=0 cellpadding=0 cellspacing=0 width=50%>||||||+N+||||||			<tr><td><select name=FORM[day] class=inp size=1><?=$day?></select></td>||||||+N+||||||			<td> . </td>||||||+N+||||||			<td><select name=FORM[month] class=inp size=1><?=$month?></select></td>||||||+N+||||||			<td> . </td>||||||+N+||||||			<td><select name=FORM[year] class=inp size=1><?=$year?></select></td>||||||+N+||||||			</tr>||||||+N+||||||			</table></td>||||||+N+||||||	</tr>||||||+N+||||||||||||+N+||||||	||||||+N+||||||	<tr>||||||+N+||||||		<td align=right valign=top width=200><input type=checkbox name=FORM[nutzungsbedingungen] value=1<? ||||||+N+||||||	||||||+N+||||||		if ($FORM[nutzungsbedingungen] != \"\") echo \" checked\";||||||+N+||||||	||||||+N+||||||		?>></td>||||||+N+||||||		<td>Ich habe die Nutzungsbedingungen zur Kenntnis genommen und bin damit einverstanden! *<br><a href=index.php?article_id=14>Nutzungsbedingungen</a></td>||||||+N+||||||	</tr>||||||+N+||||||	<tr>||||||+N+||||||		<td align=right valign=top><input type=checkbox name=FORM[findeok] value=1<? ||||||+N+||||||	||||||+N+||||||		if ($FORM[findeok] != \"\") echo \" checked\";||||||+N+||||||		elseif (!$FORM[send]) echo \" checked\";||||||+N+||||||	||||||+N+||||||		?>></td>||||||+N+||||||		<td>Durch Absenden meiner Registrierung erkläre ich mich bereit, dass die <? echo $REX[SERVERNAME]; ?> die von mir übermittelten Daten zu Zwecken meiner Registrierung speichert. Ich bin jederzeit berechtigt, meine Daten einzusehen und gegebenenfalls durch E-Mail an die Adresse <? echo $REX[error_emailaddress]; ?> zu korrigieren bzw. zu löschen. *</td>||||||+N+||||||	</tr>||||||+N+||||||	<tr>||||||+N+||||||		<td colspan=2>Promotionhinweis/Newsletter (nur wichtig für alle ab 16 Jahren)</td>||||||+N+||||||	</tr>||||||+N+||||||	<tr>||||||+N+||||||		<td align=right valign=top><input type=checkbox name=FORM[marketing] value=1<? ||||||+N+||||||	if ($FORM[send] != 1) $FORM[marketing] =1 ;||||||+N+||||||		if ($FORM[marketing] != \"\") echo \" checked\";||||||+N+||||||	||||||+N+||||||		?>></td>||||||+N+||||||		<td>Ich bin mindestens 16 Jahre alt und damit einverstanden, dass meine gespeicherten Daten für Zwecke der Werbung, Marktforschung und zur bedarfsgerechten Gestaltung des <? echo $REX[SERVERNAME]; ?>-Angebots durch die <? echo $REX[SERVERNAME]; ?> genutzt und insbesondere auch an Dritte übermittelt werden, sofern diese Daten nicht unrechtmäßig gespeichert wurden. Diese Einwilligung kann ich jederzeit durch Absenden einer E-Mail an die Adresse <? echo $REX[error_emailaddress]; ?> mit Wirkung für die Zukunft widerrufen.</td>||||||+N+||||||	</tr>||||||+N+||||||	||||||+N+||||||	<tr>||||||+N+||||||		<td>&nbsp;</td>||||||+N+||||||		<td><input type=submit value=Registrieren></td>||||||+N+||||||	</tr>||||||+N+||||||	||||||+N+||||||	</form>||||||+N+||||||	||||||+N+||||||	</table>||||||+N+||||||<?||||||+N+||||||||||||+N+||||||}||||||+N+||||||||||||+N+||||||?>','','10','1');
INSERT INTO rex_article_slice VALUES ('35','0','KONTAKT','','','','','','','','','','','','','','','','','','','','0','0','0','0','0','0','0','0','0','0','','','11','6');
INSERT INTO rex_article_slice VALUES ('22','0','HOME','','','','','','','','','','','','','','','','','','','','0','0','0','0','0','0','0','0','0','0','','','1','6');
INSERT INTO rex_article_slice VALUES ('51','23','','','','','','','','','','','','','','','','','','','','','0','0','0','0','0','0','0','0','0','0','','','2','11');
INSERT INTO rex_article_slice VALUES ('26','0','NEWS','','','','','','','','','','','','','','','','','','','','0','0','0','0','0','0','0','0','0','0','','','3','6');
INSERT INTO rex_article_slice VALUES ('29','30','startforum','OPEN BOARD','1','','','','','','','','','','','','','','','','','','0','0','0','0','0','0','0','0','0','0','','','8','3');
INSERT INTO rex_article_slice VALUES ('30','0','OPEN BOARD','','','','','','','','','','','','','','','','','','','','0','0','0','0','0','0','0','0','0','0','','','8','6');
INSERT INTO rex_article_slice VALUES ('31','22','Ersparen Sie sich und Ihren Mitarbeitern viel Zeit, denn die Zeiten für die Erstellung und Pflege von kostenintensiven statischen Webseiten sind vorbei. Endgültig!||||||+N+||||||||||||+N+||||||Optimieren Sie stattdessen Ihre professionelle Online-Kommunikation mit einem automatisierten Redaktionssystem, bei dem Sie den Überblick behalten.||||||+N+||||||||||||+N+||||||So profitieren Sie von den zahlreichen Vorteilen, die Ihnen ein Redaktionssystem wie REDAXO bieten kann. Ohne hohen zeitlichen und finanziellen Aufwand werden Sie in die Lage versetzt Ihre Inhalte zu verwalten, zu strukturieren und zu gestalten. Ermöglicht wird dies durch die logische Konzeption von REDAXO und dessen ständige Weiterentwicklung.||||||+N+||||||||||||+N+||||||Das Einsatzgebiet von REDAXO ist beliebig. REDAXO kann im Internet, Ihrem Intranet oder Extranet eingesetzt werden. Ebenso ist der Zweck für die Verwendung von Redaxo beliebig. Egal, ob Mediendatenbank oder Groupware, REDAXO findet überall dort seine Anwendung wo Inhalte schnell online publiziert werden sollen.','','','','','','','','','','','','','','','','','','','','0','0','0','0','0','0','0','0','0','0','','','1','2');
INSERT INTO rex_article_slice VALUES ('36','0','IMPRESSUM','','','','','','','','','','','','','','','','','','','','0','0','0','0','0','0','0','0','0','0','','','12','6');
INSERT INTO rex_article_slice VALUES ('39','40','0','','','','','','','','','','','','','','','','','','','','0','0','0','0','0','0','0','0','0','0','','','3','8');
INSERT INTO rex_article_slice VALUES ('40','26','','','','','','','','','','','','','','','','','','','','','0','0','0','0','0','0','0','0','0','0','','','3','9');
INSERT INTO rex_article_slice VALUES ('52','0','PRODUKT A','Mein Produktbeschreibungt.... REDAXO baut auf der populären Scriptsprache PHP und der Datenbank MySQL auf.||||||+N+||||||||||||+N+||||||Gegenwärtig wird REDAXO als professionelles Redaktionssystem von zahlreichen Unternehmen und Institutionen für unterschiedliche Informations Management Lösungen eingesetzt.||||||+N+||||||||||||+N+||||||Damit dies auch so bleibt, treibt Deine Kreativität und Dein Einsatz die Entwicklung von REDAXO voran. Wir freuen uns auf Dein Feedback.','i','meine produktbildbeschreibung','Zurück zur Produktübersicht','','','','1','','banner.jpg','','','','','','','','','','2','0','0','0','0','0','0','0','0','0','','','24','12');
INSERT INTO rex_article_slice VALUES ('53','55','','','','','','','','','','','','','','','','','','','','','0','0','0','0','0','0','0','0','0','0','<?||||||+N+||||||||||||+N+||||||$ICON[A] = \"<img src=/files/a.gif width=64 height=16>\";||||||+N+||||||$ICON[E] = \"<img src=/files/e.gif width=64 height=16>\";||||||+N+||||||$ICON[N] = \"<img src=/files/n.gif width=16 height=16>\";||||||+N+||||||$ICON[T] = \"<img src=/files/t.gif width=64 height=16>\";||||||+N+||||||||||||+N+||||||echo \"<table width=300 cellpadding=0 cellspacing=0 border=0>||||||+N+||||||<tr>||||||+N+||||||<td><img src=/pics/leer.gif width=64 height=1></td>||||||+N+||||||<td><img src=/pics/leer.gif width=64 height=1></td>||||||+N+||||||<td><img src=/pics/leer.gif width=64 height=1></td>||||||+N+||||||<td><img src=/pics/leer.gif width=268 height=1></td>||||||+N+||||||</tr>||||||+N+||||||<tr>||||||+N+||||||<td colspan=4><a href=index.php?article_id=1 class=navtop>Home</a></td>||||||+N+||||||</tr>\";||||||+N+||||||||||||+N+||||||$SM = new sql;||||||+N+||||||$SM->setQuery(\"select * from rex_category left join rex_article on rex_category.id=rex_article.category_id where rex_article.startpage=1 and rex_category.status=1 order by rex_category.re_category_id, rex_category.prior, rex_category.name\");||||||+N+||||||||||||+N+||||||for ($i=0;$i<$SM->getRows();$i++)||||||+N+||||||{||||||+N+||||||$KP = explode(\"-\",$SM->getValue(\"rex_category.path\"));||||||+N+||||||$EBNAME[$SM->getValue(\"rex_category.id\")] = $SM->getValue(\"rex_category.name\");||||||+N+||||||$ARTICLEID[$SM->getValue(\"rex_category.id\")] = $SM->getValue(\"rex_article.id\");||||||+N+||||||||||||+N+||||||if ($KP[1]==\"\")||||||+N+||||||{||||||+N+||||||$EBID[0][] = $SM->getValue(\"rex_category.id\");||||||+N+||||||}elseif ($KP[2]==\"\")||||||+N+||||||{||||||+N+||||||$EBID[$KP[1]][] = $SM->getValue(\"rex_category.id\");||||||+N+||||||}elseif ($KP[3]==\"\")||||||+N+||||||{||||||+N+||||||$EBID[$KP[1]][$KP[2]][] = $SM->getValue(\"rex_category.id\");||||||+N+||||||}else if ($KP[4]==\"\")||||||+N+||||||{||||||+N+||||||$EBID[$KP[1]][$KP[2]][$KP[3]][] = $SM->getValue(\"rex_category.id\");||||||+N+||||||}else if ($KP[5]==\"\")||||||+N+||||||{||||||+N+||||||$EBID[$KP[1]][$KP[2]][$KP[3]][$KP[4]][] = $SM->getValue(\"rex_category.id\");||||||+N+||||||}||||||+N+||||||$SM->next();||||||+N+||||||}||||||+N+||||||||||||+N+||||||for ($i=0;$i<20;$i++)||||||+N+||||||{||||||+N+||||||||||||+N+||||||$i_id = $EBID[0][$i];||||||+N+||||||||||||+N+||||||if ($EBID[0][$i+1] == \"\") $I_I = \"E\";||||||+N+||||||elseif ($i==0) $I_I = \"A\";||||||+N+||||||else $I_I = \"T\";||||||+N+||||||||||||+N+||||||echo \"<tr><td>\".$ICON[N].\"</td><td colspan=3>&nbsp;</td></tr>\";||||||+N+||||||||||||+N+||||||echo \"<tr><td>\".$ICON[$I_I].||||||+N+||||||\"</td><td colspan=3><a href=index.php?article_id=\".||||||+N+||||||$ARTICLEID[$i_id].\" class=navtop>\".$EBNAME[$i_id].\"</a></td></tr>\";||||||+N+||||||||||||+N+||||||for ($j=0;$j<20;$j++)||||||+N+||||||{||||||+N+||||||||||||+N+||||||if ($EBID[$i_id][$j] == \"\") break;||||||+N+||||||$j_id = $EBID[$i_id][$j];||||||+N+||||||||||||+N+||||||if ($I_I == \"E\") $I_J = \"L\";||||||+N+||||||else $I_J = \"N\";||||||+N+||||||||||||+N+||||||if ($EBID[$i_id][$j+1] == \"\") $J_J = \"E\";||||||+N+||||||elseif ($j==0) $J_J = \"A\";||||||+N+||||||else $J_J = \"T\";||||||+N+||||||||||||+N+||||||echo \"<tr><td>\".$ICON[$I_J].\"</td><td>\".$ICON[$J_J].||||||+N+||||||\"</td><td colspan=2><a href=index.php?article_id=\".$ARTICLEID[$j_id].||||||+N+||||||\" class=navtop>\".$EBNAME[$j_id].\"</a></td></tr>\";||||||+N+||||||||||||+N+||||||||||||+N+||||||||||||+N+||||||||||||+N+||||||||||||+N+||||||for ($k=0;$k<20;$k++)||||||+N+||||||{||||||+N+||||||||||||+N+||||||if ($EBID[$i_id][$j_id][$k] == \"\") break;||||||+N+||||||$k_id = $EBID[$i_id][$j_id][$k];||||||+N+||||||||||||+N+||||||if ($I_I == \"E\") $I_K = \"L\";||||||+N+||||||else $I_K = \"N\";||||||+N+||||||||||||+N+||||||if ($J_J == \"E\") $J_K = \"L\";||||||+N+||||||else $J_K = \"N\";||||||+N+||||||||||||+N+||||||if ($EBID[$i_id][$j_id][$k+1] == \"\") $K_K = \"E\";||||||+N+||||||elseif ($k==0) $K_K = \"A\";||||||+N+||||||else $K_K = \"T\";||||||+N+||||||||||||+N+||||||echo \"<tr><td>\".$ICON[$I_K].\"</td><td>\".$ICON[$J_K].||||||+N+||||||\"</td><td>\".$ICON[$K_K].\"</td><td colspan=2><a href=index.php?article_id=\".$ARTICLEID[$k_id].||||||+N+||||||\" class=navtop>\".$EBNAME[$k_id].\"</a></td></tr>\";||||||+N+||||||||||||+N+||||||}||||||+N+||||||||||||+N+||||||}||||||+N+||||||||||||+N+||||||if (!($EBID[0][$i+1] >0 and $EBID[0][$i+1] < 1000)) break;||||||+N+||||||||||||+N+||||||}||||||+N+||||||||||||+N+||||||echo \"</table><br><br>\";||||||+N+||||||||||||+N+||||||?>','','27','1');
INSERT INTO rex_article_slice VALUES ('54','0','SITEMAP','','','','','','','','','','','','','','','','','','','','0','0','0','0','0','0','0','0','0','0','','','27','6');
INSERT INTO rex_article_slice VALUES ('55','54','Streng dem definierten Wesen des Blindtextes folgend, fungiere ich als solcher und gebe mich unverbindlich inhaltsleer. In bedrückender Enge in vorgefertigte Masken gepresst frite ich ein freudloses Dasein auf dem schmalen Grat zwischen Nichtbeachtung und Bedeutungslosigkeit und habe doch eine Bitte: Handeln Sie Sinn stiftend für meine Existenzund lesen Sie mich.','','','','','','','','','','','','','','','','','','','','0','0','0','0','0','0','0','0','0','0','','','27','2');
INSERT INTO rex_article_slice VALUES ('56','35','Streng dem definierten Wesen des Blindtextes folgend, fungiere ich als solcher und gebe mich unverbindlich inhaltsleer. In bedrückender Enge in vorgefertigte Masken gepresst frite ich ein freudloses Dasein auf dem schmalen Grat zwischen Nichtbeachtung und Bedeutungslosigkeit und habe doch eine Bitte: Handeln Sie Sinn stiftend für meine Existenzund lesen Sie mich.','','','','','','','','','','','','','','','','','','','','0','0','0','0','0','0','0','0','0','0','','','11','2');
INSERT INTO rex_article_slice VALUES ('57','56','','','','','','','','','','','','','','','','','','','','','0','0','0','0','0','0','0','0','0','0','<?||||||+N+||||||||||||+N+||||||$SF = true;||||||+N+||||||||||||+N+||||||// FORM CHECKER||||||+N+||||||if ($FORM[send]==1)||||||+N+||||||{||||||+N+||||||$message = \"\";||||||+N+||||||if ($FORM[vorname] == \"\") $message .= \" Vorname\";||||||+N+||||||if ($FORM[name] == \"\") $message .= \" Name\";||||||+N+||||||if ($FORM[text]==\"\") $message .= \" Nachricht\";||||||+N+||||||||||||+N+||||||if ($message != \"\") $message = \"Bitte korrigieren Sie folgende Eingaben: <br>&gt; $message\";||||||+N+||||||else||||||+N+||||||{||||||+N+||||||||||||+N+||||||$subject = \"Das Email-Formular wurde ausgefüllt .\";||||||+N+||||||$body = \"||||||+N+||||||Vorname: \".$FORM[vorname].\"||||||+N+||||||Name: \".$FORM[name].\"||||||+N+||||||Strasse: \".$FORM[strasse].\"||||||+N+||||||PLZ: \".$FORM[plz].\"||||||+N+||||||Ort: \".$FORM[ort].\"||||||+N+||||||Telefon: \".$FORM[telefon].\"||||||+N+||||||Telefax: \".$FORM[fax].\"||||||+N+||||||Email: \".$FORM[email].\"||||||+N+||||||Nachricht: \".$FORM[text];||||||+N+||||||||||||+N+||||||$from_email = $REX[error_emailaddress];||||||+N+||||||$to_email = $REX[error_emailaddress];||||||+N+||||||// $to_email = \"jan@kristinus.de\";||||||+N+||||||||||||+N+||||||sendMail($to_email,$from_email,$subject,$body);||||||+N+||||||||||||+N+||||||echo \"Ihre Nachricht wurde abgeschickt. Wir werden uns bei Ihnen melden. Vielen Dank für Ihre Interesse.<br><br>Ihre XXX Team\";||||||+N+||||||$SF = false;||||||+N+||||||}||||||+N+||||||}||||||+N+||||||||||||+N+||||||?>','','11','1');
INSERT INTO rex_article_slice VALUES ('58','57','','','','','','','','','','','','','','','','','','','','','0','0','0','0','0','0','0','0','0','0','<?||||||+N+||||||||||||+N+||||||if ($SF)||||||+N+||||||{||||||+N+||||||||||||+N+||||||?>','','11','1');
INSERT INTO rex_article_slice VALUES ('59','58','','','','','','','','','','','','','','','','','','','','','0','0','0','0','0','0','0','0','0','0','<?||||||+N+||||||||||||+N+||||||// ------------------- FEHLERMELDUNGEN||||||+N+||||||||||||+N+||||||if ($message != \"\") echo \"<table width=400 cellpadding=0 cellspacing=0 border=0><tr><td class=warning>$message</td></tr></table><br>\";||||||+N+||||||||||||+N+||||||?>','','11','1');
INSERT INTO rex_article_slice VALUES ('60','59','','','','','','','','','','','','','','','','','','','','','0','0','0','0','0','0','0','0','0','0','<?||||||+N+||||||||||||+N+||||||echo \"<table width=400 cellpadding=0 cellspacing=0 border=0>\";||||||+N+||||||echo \"<form action=index.php method=post name=formular>\";||||||+N+||||||echo \"<input type=hidden name=article_id value=11>\";||||||+N+||||||echo \"<input type=hidden name=FORM[send] value=1>\";||||||+N+||||||||||||+N+||||||echo \"<tr><td>Name *</td><td colspan=2><input type=text size=10 name=FORM[name] value=\\\"\".htmlentities(stripslashes($FORM[name])).\"\\\" class=inp100 ></td><td><img src=/pics/leer.gif width=1 height=24></td></tr>\";||||||+N+||||||||||||+N+||||||echo \"<tr><td>Vorname *</td><td colspan=2><input type=text size=10 name=FORM[vorname] value=\\\"\".htmlentities(stripslashes($FORM[vorname])).\"\\\" class=inp100 ></td><td><img src=/pics/leer.gif width=1 height=24></td></tr>\";||||||+N+||||||||||||+N+||||||echo \"<tr><td>Straße</td><td colspan=2><input type=text size=10 name=FORM[strasse] value=\\\"\".htmlentities(stripslashes($FORM[strasse])).\"\\\" class=inp100 ></td><td><img src=/pics/leer.gif width=1 height=24></td></tr>\";||||||+N+||||||||||||+N+||||||echo \"<tr><td>PLZ / Ort</td><td width=50><input type=text size=10 name=FORM[plz] value=\\\"\".htmlentities(stripslashes($FORM[plz])).\"\\\" class=inp100 ></td><td><input type=text size=10 name=FORM[ort] value=\\\"\".htmlentities(stripslashes($FORM[ort])).\"\\\" class=inp100 ></td><td><img src=/pics/leer.gif width=1 height=24></td></tr>\";||||||+N+||||||||||||+N+||||||echo \"<tr><td>Telefon</td><td colspan=2><input type=text size=10 name=FORM[telefon] value=\\\"\".htmlentities(stripslashes($FORM[telefon])).\"\\\" class=inp100 ></td><td><img src=/pics/leer.gif width=1 height=24></td></tr>\";||||||+N+||||||||||||+N+||||||echo \"<tr><td>Fax</td><td colspan=2><input type=text size=10 name=FORM[fax] value=\\\"\".htmlentities(stripslashes($FORM[fax])).\"\\\" class=inp100 ></td><td><img src=/pics/leer.gif width=1 height=24></td></tr>\";||||||+N+||||||||||||+N+||||||echo \"<tr><td>E-Mail</td><td colspan=2><input type=text size=10 name=FORM[email] value=\\\"\".htmlentities(stripslashes($FORM[email])).\"\\\" class=inp100 ></td><td><img src=/pics/leer.gif width=1 height=24></td></tr>\";||||||+N+||||||||||||+N+||||||echo \"<tr><td valign=top>Nachricht *</td><td colspan=2><textarea cols=30 rows=3 name=FORM[text] class=inp100area>\".htmlentities(stripslashes($FORM[text])).\"</textarea></td><td><img src=/pics/leer.gif width=1 height=24></td></tr>\";||||||+N+||||||||||||+N+||||||echo \"<tr><td><img src=/pics/leer.gif width=100 height=10></td><td><img src=/pics/leer.gif width=50 height=10></td><td><img src=/pics/leer.gif width=250 height=10></td><td><img src=/pics/leer.gif width=1 height=10></td></tr>\";||||||+N+||||||||||||+N+||||||echo \"<tr><td>&nbsp;</td><td colspan=2><table cellpadding=0 cellspacing=0 border=0><tr><td></td><td><a href=javascript:document.formular.reset();>&raquo;&nbsp;Zurücksetzen</a></td><td>&nbsp;&nbsp;&nbsp;</td>||||||+N+||||||<td><a href=javascript:document.formular.submit();>&raquo;&nbsp;Abschicken</a></td></tr></table></td></tr>\";||||||+N+||||||||||||+N+||||||echo \"</form>\";||||||+N+||||||echo \"</table>\";||||||+N+||||||||||||+N+||||||?>','','11','1');
INSERT INTO rex_article_slice VALUES ('61','60','','','','','','','','','','','','','','','','','','','','','0','0','0','0','0','0','0','0','0','0','<?||||||+N+||||||||||||+N+||||||}||||||+N+||||||||||||+N+||||||?>','','11','1');
INSERT INTO rex_article_slice VALUES ('62','36','/* pergopa kristinus gbr<br />||||||+N+||||||internet application development<br />||||||+N+||||||Kai und Jan Kristinus<br />||||||+N+||||||Lange Strasse 31<br />||||||+N+||||||60311 Frankfurt/Main<br />||||||+N+||||||<br />||||||+N+||||||Tel +49 69 913.94.700<br />||||||+N+||||||Fax +49 69 913.94.707<br />||||||+N+||||||<br />||||||+N+||||||E-Mail jan.kristinus[at]redaxo.de<br />||||||+N+||||||Internet <a class=\"ank\" target=\"_blank\" href=\"http://www.pergopa.de/\">http://www.pergopa.de</a><br />CMS <a alt=\"\" target=\"_self\" href=\"http://www.redaxo.de/\">http://www.redaxo.de</a><br />','','','','','','','','','','','','','','','','','','','','0','0','0','0','0','0','0','0','0','0','','','12','5');
INSERT INTO rex_article_slice VALUES ('23','0','PRODUKTÜBERSICHT','','','','','','','','','','','','','','','','','','','','0','0','0','0','0','0','0','0','0','0','','','2','6');
INSERT INTO rex_article_slice VALUES ('50','47','||||||+N+||||||<b>EIne tolle neue News</b><br /><br />Hier ist mal demotechnisch eine <a href=\"redaxo://3\">News</a> um den WYSIWYG Editor zu demonstrieren. REDAXO ist nicht nur ein frei erhältliches Redaktionssystem für die||||||+N+||||||Online-Redaktion, sondern bietet vielfältige Möglichkeiten ein||||||+N+||||||leistungsfähiges <a alt=\"\" target=\"_self\" href=\"http://www.redaxo.de/\">Content Management System</a> in jede erdenkliche Richtung||||||+N+||||||zu entwickeln. <br />||||||+N+||||||Dies wird durch die bestehende Programmierschnittstelle gewährleistet,||||||+N+||||||in der sich leicht Templates und Module für weitere Funktionen||||||+N+||||||integrieren lassen. Somit wird eine enorme Flexibilität garantiert. Die||||||+N+||||||Entwicklung hochwertiger Information Management Lösungen wird somit zu||||||+N+||||||einer echten Herausforderung.||||||+N+||||||','','','','','','','','','','','','','','','','','','','','0','0','0','0','0','0','0','0','0','0','','','20','5');
INSERT INTO rex_article_slice VALUES ('47','48','','','','','','','','','','','','','','','','','','','','','0','0','0','0','0','0','0','0','0','0','','','20','9');
INSERT INTO rex_article_slice VALUES ('48','0','Aktuelle Infos 1','','','','','','','','','','','','','','','','','','','','0','0','0','0','0','0','0','0','0','0','','','20','6');
CREATE TABLE rex_article_type ( type_id int(5) NOT NULL  auto_increment, name varchar(255) NULL  , description text NULL  , PRIMARY KEY(type_id))TYPE=MyISAM;
INSERT INTO rex_article_type VALUES ('1','Standard','Zugriff für alle');
CREATE TABLE rex_category ( id int(11) NOT NULL  auto_increment, name varchar(255) NULL  , description text NULL  , func text NULL  , re_category_id int(11) NOT NULL DEFAULT 0  , prior int(10) NOT NULL DEFAULT 0  , path varchar(255) NOT NULL  , status tinyint(1) NOT NULL DEFAULT 0  , PRIMARY KEY(id,re_category_id,prior,path,status))TYPE=MyISAM;
INSERT INTO rex_category VALUES ('1','HOME','','','0','6','','1');
INSERT INTO rex_category VALUES ('2','PRODUKTE','','','0','8','','1');
INSERT INTO rex_category VALUES ('3','NEWS','','','0','7','','1');
INSERT INTO rex_category VALUES ('15','PRODUKT A','','','2','4','-2','1');
INSERT INTO rex_category VALUES ('8','OPEN BOARD','','','0','10','','1');
INSERT INTO rex_category VALUES ('9','','','','0','14','','1');
INSERT INTO rex_category VALUES ('10','KONTAKT','','','0','24','','1');
INSERT INTO rex_category VALUES ('11','IMPRESSUM','','','0','25','','1');
INSERT INTO rex_category VALUES ('18','SITEMAP','','','0','23','','1');
INSERT INTO rex_category VALUES ('16','PRODUKT B','','','2','5','-2','1');
INSERT INTO rex_category VALUES ('17','PRODUKT C','','','2','6','-2','1');
CREATE TABLE rex_email ( email_id int(11) NOT NULL  auto_increment, sex char(1) NULL  , name varchar(255) NULL  , firstname varchar(255) NULL  , email varchar(255) NULL  , ustamp int(11) NULL DEFAULT 0  , PRIMARY KEY(email_id))TYPE=MyISAM;
CREATE TABLE rex_file ( file_id int(11) NOT NULL  auto_increment, re_file_id int(11) NULL DEFAULT 0  , category_id int(11) NULL DEFAULT 0  , filetype varchar(255) NULL  , filename varchar(255) NULL  , originalname varchar(255) NULL  , filesize varchar(255) NULL  , width int(11) NULL DEFAULT 0  , height int(11) NULL DEFAULT 0  , title varchar(255) NULL  , description text NULL  , copyright varchar(255) NULL  , stamp int(11) NULL DEFAULT 0  , user_login varchar(255) NULL  , PRIMARY KEY(file_id))TYPE=MyISAM;
INSERT INTO rex_file VALUES ('2','0','2','image/gif','m.gif','m.gif','102','0','0','','','','1090419953','');
INSERT INTO rex_file VALUES ('3','0','2','image/gif','w.gif','w.gif','103','0','0','','','','1090419960','');
INSERT INTO rex_file VALUES ('4','0','2','image/jpeg','banner.jpg','banner.jpg','10913','0','0','','','','1090420572','');
INSERT INTO rex_file VALUES ('5','0','2','image/gif','o.gif','o.gif','85','0','0','','','','1090420702','');
INSERT INTO rex_file VALUES ('6','0','2','image/gif','u.gif','u.gif','87','0','0','','','','1090420707','');
INSERT INTO rex_file VALUES ('7','0','2','image/gif','na.gif','na.gif','54','0','0','','','','1090420730','');
INSERT INTO rex_file VALUES ('8','0','2','image/gif','np.gif','np.gif','54','0','0','','','','1090420735','');
INSERT INTO rex_file VALUES ('9','0','2','image/gif','head_links.gif','head_links.gif','344','0','0','','','','1090421393','');
INSERT INTO rex_file VALUES ('10','0','2','image/gif','kdummy.gif','kdummy.gif','289','0','0','','','','1090421406','');
INSERT INTO rex_file VALUES ('11','0','2','image/gif','sbg.gif','sbg.gif','97','0','0','','','','1090421555','');
INSERT INTO rex_file VALUES ('12','0','2','image/gif','bg.gif','bg.gif','307','0','0','','','','1090421559','');
INSERT INTO rex_file VALUES ('16','0','2','image/gif','a.gif','a.gif','91','0','0','','','','1090586371','');
INSERT INTO rex_file VALUES ('14','0','2','image/gif','logo.gif','logo.gif','1322','0','0','','','','1090421738','');
INSERT INTO rex_file VALUES ('15','0','3','text/css','style.css','style.css','804','0','0','','','','1090421793','');
INSERT INTO rex_file VALUES ('17','0','2','image/gif','e.gif','e.gif','87','0','0','','','','1090586377','');
INSERT INTO rex_file VALUES ('18','0','2','image/gif','n.gif','n.gif','62','0','0','','','','1090586383','');
INSERT INTO rex_file VALUES ('19','0','2','image/gif','t.gif','t.gif','91','0','0','','','','1090586391','');
CREATE TABLE rex_file_category ( id int(11) NOT NULL  auto_increment, name varchar(255) NULL  , re_id int(11) NULL DEFAULT 0  , path varchar(255) NULL  , PRIMARY KEY(id))TYPE=MyISAM;
INSERT INTO rex_file_category VALUES ('1','Bilder','0','');
INSERT INTO rex_file_category VALUES ('2','Hilfsgrafiken','0','');
INSERT INTO rex_file_category VALUES ('3','Stylesheet','0','');
CREATE TABLE rex_help ( id int(11) NOT NULL  auto_increment, page varchar(255) NULL  , name varchar(255) NULL  , description text NULL  , comment text NULL  , PRIMARY KEY(id))TYPE=MyISAM;
CREATE TABLE rex_module_action ( id int(11) NOT NULL  auto_increment, module_id int(11) NULL DEFAULT 0  , action_id int(11) NULL DEFAULT 0  , PRIMARY KEY(id))TYPE=MyISAM;
CREATE TABLE rex_modultyp ( id int(5) NOT NULL  auto_increment, label varchar(255) NULL  , name varchar(255) NULL  , category_id int(11) NOT NULL DEFAULT 0  , ausgabe text NULL  , bausgabe text NULL  , eingabe text NULL  , func text NULL  , php_enable tinyint(1) NOT NULL DEFAULT 0  , html_enable tinyint(1) NOT NULL DEFAULT 0  , PRIMARY KEY(id,category_id,php_enable,html_enable))TYPE=MyISAM;
INSERT INTO rex_modultyp VALUES ('1','','00.01 - php','0','REX_PHP','','PHP:<br>||||||+N+||||||<textarea name=INPUT_PHP cols=80 rows=20 class=inp100>REX_PHP</textarea>||||||+N+||||||<br><br>','','0','0');
INSERT INTO rex_modultyp VALUES ('2','','02.03 - Fliesstext [Nur Text - kein HTML]','0','REX_VALUE[1]<br><br>','','Bitte gib den Text ein der zu Sehen sein soll:<br>||||||+N+||||||<textarea name=VALUE[1] cols=80 rows=10 class=inp100>REX_VALUE[1]</textarea>||||||+N+||||||<br><br>','','0','0');
INSERT INTO rex_modultyp VALUES ('3','','01.01 - Board','0','<?||||||+N+||||||||||||+N+||||||$board = new board;||||||+N+||||||$board->setDB(1);||||||+N+||||||$board->setTable(\"rex__board\");||||||+N+||||||$board->setDocname(\"index.php\");||||||+N+||||||$board->addLink(\"article_id\",REX_ARTICLE_ID);||||||+N+||||||$board->setBoardname(\"REX_VALUE[1]\");||||||+N+||||||$board->setRealBoardname(\"REX_VALUE[2]\");||||||+N+||||||$board->anonymous = true;||||||+N+||||||||||||+N+||||||echo $board->showBoard();||||||+N+||||||||||||+N+||||||?>','','Bitte gib die Boardbezeichnung ein:<br>||||||+N+||||||<input type=text size=50 name=VALUE[2] value=\"REX_VALUE[2]\">||||||+N+||||||||||||+N+||||||<br><br>Bitte gib den Boardname für die Datenbank ein:<br>||||||+N+||||||<input type=text size=50 name=VALUE[1] value=\"REX_VALUE[1]\">||||||+N+||||||||||||+N+||||||<br><br>','','0','0');
INSERT INTO rex_modultyp VALUES ('11','','03.03 - Kategorienliste','0','<?||||||+N+||||||||||||+N+||||||$GC = new sql;||||||+N+||||||// $GC->debugsql = 1;||||||+N+||||||$GC->setQuery(\"select * from rex_category,rex_article ||||||+N+||||||where ||||||+N+||||||rex_category.re_category_id=\'REX_CATEGORY_ID\' and ||||||+N+||||||rex_article.startpage=1 and ||||||+N+||||||rex_article.category_id=rex_category.id  ||||||+N+||||||order by rex_article.prior,rex_article.name\");||||||+N+||||||||||||+N+||||||||||||+N+||||||for ($i=0;$i<$GC->getRows();$i++)||||||+N+||||||{||||||+N+||||||||||||+N+|||||| if ($i!=0)  echo \"<img src=/pics/lgrey.gif width=450 height=1 vspace=10>\";||||||+N+||||||||||||+N+|||||| if ($GC->getValue(\"rex_article.file\") != \"\") $file = \"<img src=/files/\".$GC->getValue(\"rex_article.file\").\" width=155 height=90>\";||||||+N+|||||| else $file = \"<img src=/files/kdummy.gif width=155 height=90 border=0>\";||||||+N+||||||||||||+N+|||||| // $file = \"&nbsp;\";||||||+N+|||||| ||||||+N+|||||| echo \"<table width=100% cellpadding=0 cellspacing=0 border=0>\";||||||+N+|||||| echo \"<tr>\";||||||+N+|||||| echo \"<td valign=top width=175>$file</td>\";||||||+N+|||||| echo \"<td valign=top>\";||||||+N+||||||||||||+N+|||||| echo \"<b>\".htmlentities($GC->getValue(\"rex_article.name\")).\"</b><br>||||||+N+||||||\".nl2br(htmlentities($GC->getValue(\"rex_article.beschreibung\"))).\"<br>&raquo;&nbsp;<a href=index.php?article_id=\".$GC->getValue(\"rex_article.id\").\">Detailinformationen</a>\";||||||+N+||||||||||||+N+|||||| echo \"</td>\";||||||+N+|||||| echo \"</tr>\";||||||+N+|||||| echo \"</table>\";||||||+N+||||||||||||+N+||||||||||||+N+|||||| $GC->next();||||||+N+||||||}||||||+N+||||||||||||+N+||||||?>','','','','0','0');
INSERT INTO rex_modultyp VALUES ('12','','05.01 - Produktbeschreibung','0','<?||||||+N+||||||||||||+N+||||||$BILD = \"\";||||||+N+||||||if (\"FILE[1]\" != \"\") $BILD = \"<img src=/files/FILE[1] title=\\\"REX_VALUE[4]\\\" width=155>\";||||||+N+||||||else $BILD = \"<img src=/pics/leer.gif width=155 height=90>\";||||||+N+||||||||||||+N+||||||echo \"<table width=100% cellpadding=0 cellspacing=0 border=0><tr>\";||||||+N+||||||echo \"<td valign=top align=left width=175>$BILD</a></td>\";||||||+N+||||||echo \"<td valign=top>\";||||||+N+||||||||||||+N+||||||if (\"REX_IS_VALUE[1]\" == 1) echo \"<b class=headline>REX_VALUE[1]</b><br><br>\"; ||||||+N+||||||||||||+N+||||||||||||+N+||||||if (\"REX_VALUE[3]\" != \"\") echo \"<REX_VALUE[3]>\"; ||||||+N+||||||echo \"REX_VALUE[2]\";||||||+N+||||||if (\"REX_VALUE[3]\" != \"\") echo \"</REX_VALUE[3]>\";||||||+N+||||||||||||+N+||||||if (\"REX_IS_VALUE[5]\" == \"1\") echo \"<br><br>&raquo;&nbsp;&nbsp;<a href=REX_LINK[1]>REX_VALUE[5]</a><br><br>\";||||||+N+||||||||||||+N+||||||echo \"</td>\";||||||+N+||||||||||||+N+||||||echo \"</tr></table>\";||||||+N+||||||||||||+N+||||||if (\"REX_VALUE[9]\" != \"\") echo \"<img src=/pics/leer.gif width=10 height=20><br>\";||||||+N+||||||||||||+N+||||||?>','','Headline [optional]:||||||+N+||||||<br><input type=text size=10 class=inp100 name=VALUE[1] value=\"REX_VALUE[1]\">||||||+N+||||||||||||+N+||||||<br><br>Fliesstext:<br>||||||+N+||||||<textarea name=VALUE[2] cols=80 rows=10 class=inp100>REX_VALUE[2]</textarea>||||||+N+||||||<?||||||+N+||||||||||||+N+||||||// art der darstellung||||||+N+||||||||||||+N+||||||echo \"<br><br>Darstellung<br><select name=VALUE[3] size=1 class=inp100>\";||||||+N+||||||echo \"<option value=\'\'\";||||||+N+||||||if (\"REX_VALUE[3]\" == \"\") echo \" selected\"; ||||||+N+||||||echo \">Keine Auswahl</option>\";||||||+N+||||||echo \"<option value=\'i\'\";||||||+N+||||||if (\"REX_VALUE[3]\" == \"i\") echo \" selected\";||||||+N+||||||echo \">Kursiv</option>\";||||||+N+||||||echo \"<option value=\'b\'\";||||||+N+||||||if (\"REX_VALUE[3]\" == \"b\") echo \" selected\"; ||||||+N+||||||echo \">Fett</option>\";||||||+N+||||||echo \"</select>\";||||||+N+||||||||||||+N+||||||echo \"<br><br>Bild [155px breit]:<br>\";||||||+N+||||||||||||+N+||||||?>REX_MEDIA_BUTTON[1]<?||||||+N+||||||||||||+N+||||||if (\"FILE[1]\" != \"\")||||||+N+||||||{||||||+N+||||||  echo \"<img src=../files/FILE[1] width=155><br>\";||||||+N+||||||}||||||+N+||||||||||||+N+||||||?>||||||+N+||||||<br><br>Bildbeschreibung: [Titletext]:<br>||||||+N+||||||<textarea name=VALUE[4] cols=80 rows=2>REX_VALUE[4]</textarea>||||||+N+||||||<?||||||+N+||||||||||||+N+||||||echo \"<br><br>Link [optional]:<br>\";||||||+N+||||||||||||+N+||||||?>REX_LINK_BUTTON[1]||||||+N+||||||||||||+N+||||||<br><br>Linkbezeichnung [Nur wenn Link ausgewählt]:<br>||||||+N+||||||<input type=text size=50 name=VALUE[5] value=\"REX_VALUE[5]\">||||||+N+||||||<?||||||+N+||||||||||||+N+||||||// mit umbruch ?||||||+N+||||||||||||+N+||||||echo \"<br><br>Umbruch:<br><select name=VALUE[9] size=1 class=inp100>\";||||||+N+||||||echo \"<option value=\'1\'\";||||||+N+||||||if (\"REX_VALUE[9]\" != \"\") echo \" selected\";||||||+N+||||||echo \">Mit Absatz</option>\";||||||+N+||||||echo \"<option value=\'\'\";||||||+N+||||||if (\"REX_VALUE[9]\" == \"\") echo \" selected\";||||||+N+||||||echo \">Ein Umbruch</option>\";||||||+N+||||||echo \"</select>\";||||||+N+||||||||||||+N+||||||?><br><br>','','0','0');
INSERT INTO rex_modultyp VALUES ('5','','02.02 - Fliesstext [HTML WYSIWYG]','0','REX_HTML_VALUE[1]','','<?php||||||+N+||||||||||||+N+||||||MEDIA_HTMLAREA(1,"REX_VALUE[1]");||||||+N+||||||||||||+N+||||||?>','','0','0');
INSERT INTO rex_modultyp VALUES ('6','','02.01 - Headline','0','<font class=headline>REX_VALUE[1]</font><br><br>','','Headline:||||||+N+||||||<br><input type=text size=30 name=VALUE[1] value=\"REX_VALUE[1]\" class=inp100>||||||+N+||||||<br><br>||||||+N+||||||||||||+N+||||||','','0','0');
INSERT INTO rex_modultyp VALUES ('8','','03.01 - Artikelliste','0','<?||||||+N+||||||||||||+N+||||||if (\"REX_VALUE[1]\" == 2) $sql = \"select * from rex_article where startpage=0 and checkbox01=1 and status=1 order by rex_article.prior\";||||||+N+||||||else if (\"REX_VALUE[1]\" == 1) $sql = \"select * from rex_article where rex_article.category_id=\'REX_CATEGORY_ID\' and startpage=0 and checkbox01=1 and status=1 order by rex_article.prior\";||||||+N+||||||else $sql = \"select * from rex_article where rex_article.category_id=\'REX_CATEGORY_ID\' and startpage=0 and status=1 order by rex_article.prior\";||||||+N+||||||||||||+N+||||||$GC = new sql;||||||+N+||||||||||||+N+||||||// $GC->setQuery(\"select * from rex_article where rex_article.category_id=\'REX_CATEGORY_ID\' and startpage=0 and status=1 order by rex_article.prior\");||||||+N+||||||$GC->setQuery($sql);||||||+N+||||||||||||+N+||||||for ($i=0;$i<$GC->getRows();$i++)||||||+N+||||||{||||||+N+||||||||||||+N+|||||| if ($i!=0)  echo \"<hr style=\'width:100%; height:1px;\' vspace=4>\";||||||+N+||||||||||||+N+|||||| $aid = $GC->getValue(\"rex_article.id\");||||||+N+||||||||||||+N+|||||| $jahr = substr($GC->getValue(\"rex_article.online_von\"),0,4);||||||+N+|||||| $monat = substr($GC->getValue(\"rex_article.online_von\"),4,2);||||||+N+|||||| $tag = substr($GC->getValue(\"rex_article.online_von\"),6,2);||||||+N+||||||||||||+N+|||||| $date = \"$tag.$monat.$jahr\";||||||+N+||||||||||||+N+|||||| echo \"<table width=100% cellpadding=5 cellspacing=0 border=0>\";||||||+N+|||||| echo \"<tr>\";||||||+N+|||||| echo \"<td bgcolor=#eeeeee><b class=subline>\".htmlentities($GC->getValue(\"rex_article.name\")).\"</b></td>\";||||||+N+|||||| echo \"<td bgcolor=#eeeeee align=right class=small>\".htmlentities($date).\"</td>\";||||||+N+|||||| echo \"</tr>\";||||||+N+|||||| echo \"<tr><td colspan=2>\";||||||+N+||||||||||||+N+|||||| if ($GC->getValue(\"rex_article.file\")!=\"\") echo \"<img src=/files/\".$GC->getValue(\"rex_article.file\").\" align=left style=\'border-right:10px #ffffff solid; border-bottom:10px #ffffff solid;\'>\";||||||+N+||||||||||||+N+|||||| echo htmlentities($GC->getValue(\"rex_article.beschreibung\")).\" \";||||||+N+||||||||||||+N+|||||| if ($REX[GG]) echo \"<a href=index.php?article_id=$aid><b>&raquo;&nbsp;mehr...</b></a>\";||||||+N+|||||| echo \"</td></tr>\";||||||+N+|||||| echo \"</table>\";||||||+N+||||||||||||+N+|||||| $GC->next();||||||+N+||||||}||||||+N+||||||||||||+N+||||||?>','','<?||||||+N+||||||||||||+N+||||||echo \"<br><br>Folgende Artikel sollen angezeigt werden:<br>\";||||||+N+||||||||||||+N+||||||$format = new select;||||||+N+||||||$format->set_name(\"VALUE[1]\");||||||+N+||||||$format->set_size(1);||||||+N+||||||$format->set_style(\"\' class=\'inp100\");||||||+N+||||||||||||+N+||||||$format->add_option(\"Alle Artikel aus dieser Kategorie\",0);||||||+N+||||||$format->add_option(\"Alle Artikel aus dieser Kategorie die als Teaser gekennzeichnet sind\",1);||||||+N+||||||$format->add_option(\"Alle Artikel die als Teaser gekennzeichnet sind\",2);||||||+N+||||||$format->set_selected(\"REX_VALUE[1]\");||||||+N+||||||echo $format->out();||||||+N+||||||||||||+N+||||||?><br><br>','','0','0');
INSERT INTO rex_modultyp VALUES ('9','','03.02 - Artikeliste als Kalender','0','<?||||||+N+||||||||||||+N+||||||$category_id = $this->getValue(\"category_id\");||||||+N+||||||$path  = $this->getValue(\"path\");||||||+N+||||||preg_match_all(\"/-([0-9]+)/i\",$path,$match);||||||+N+||||||$spath = $match[0][0];||||||+N+||||||||||||+N+||||||$GC = new sql;||||||+N+||||||// $GC->debugsql = 1;||||||+N+||||||$GC->setQuery(\"select * from rex_article ||||||+N+||||||where ||||||+N+||||||(rex_article.path like \'$spath-%\' or rex_article.path=\'$spath\') and ||||||+N+||||||rex_article.startpage=0 and rex_article.status = 1 ||||||+N+||||||order by rex_article.prior,rex_article.name\");||||||+N+||||||||||||+N+||||||for ($i=0;$i<$GC->getRows();$i++)||||||+N+||||||{||||||+N+|||||| $KAL[$GC->getValue(\"rex_article.online_von\")] = $GC->getValue(\"rex_article.id\");||||||+N+|||||| $KALNAME[$GC->getValue(\"rex_article.online_von\")] = $GC->getValue(\"rex_article.name\");||||||+N+|||||| $GC->next();||||||+N+||||||}||||||+N+||||||||||||+N+||||||||||||+N+||||||// ----- KALENDER||||||+N+||||||||||||+N+||||||if ($FORM[date]!=\"\") ||||||+N+||||||{ ||||||+N+|||||| $FORM[year] = substr($FORM[date],0,4); ||||||+N+|||||| $FORM[month] = substr($FORM[date],4,2); ||||||+N+|||||| $FORM[day] = substr($FORM[date],6,2); ||||||+N+||||||} ||||||+N+||||||||||||+N+||||||if (!checkdate($FORM[month],$FORM[day],$FORM[year])) ||||||+N+||||||||||||+N+||||||{ ||||||+N+|||||| $FORM[year] = date(\"Y\"); ||||||+N+|||||| $FORM[month] = date(\"m\"); ||||||+N+|||||| $FORM[day] = date(\"d\"); ||||||+N+||||||} ||||||+N+||||||||||||+N+||||||$FORM[date] = $FORM[year].$FORM[month].$FORM[day]; ||||||+N+||||||||||||+N+||||||$today = date(\"Ymd\");||||||+N+||||||$FORM[link] = \"index.php?article_id=REX_ARTICLE_ID\";||||||+N+||||||$link = $FORM[link];||||||+N+||||||$month_days = date(\"j\",mktime(0,0,0,$FORM[month]+1,1,$FORM[year])-1);||||||+N+||||||$month_before = $FORM[month]-1;||||||+N+||||||$month_later = $FORM[month]+1;||||||+N+||||||$year_before = $FORM[year];||||||+N+||||||$year_later = $FORM[year];||||||+N+||||||if ($month_before<1){ $month_before = 12; $year_before= $year_before-1;}||||||+N+||||||if ($month_later>12){ $month_later = 1; $year_later= $year_later+1;}||||||+N+||||||if ($month_before<10){ $month_before = \"0$month_before\"; }||||||+N+||||||if ($month_later<10){ $month_later = \"0$month_later\"; }||||||+N+||||||$before = $year_before.$month_before.\"01\";||||||+N+||||||$later  = $year_later.$month_later.\"01\";||||||+N+||||||||||||+N+||||||$KALENDER .= \"<table width=150 cellpadding=2 cellspacing=1 border=0>\";||||||+N+||||||$KALENDER .= \"<tr><td colspan=3><a href=$link&FORM[date]=$before class=calhead><b>&laquo;</b></a>&nbsp;<a href=$link&FORM[date]=$later class=calhead><b>&raquo;</b></a></td><td colspan=4 align=right class=caldate>\".$FORM[month].\"/\".$FORM[year].\"</td></tr>\";||||||+N+||||||$KALENDER .= \"<tr><td class=calhead>Mo</td><td class=calhead>Tu</td><td class=calhead>We</td><td class=calhead>Th</td><td class=calhead>Fr</td><td class=calhead>Sa</td><td class=calhead>Su</td></tr>\";||||||+N+||||||	||||||+N+||||||$k = 1;||||||+N+||||||for ($i=1;$i<7;$i++)||||||+N+||||||{||||||+N+|||||| $KALENDER .= \"<tr>\";||||||+N+|||||| for($j=0;$j<7;$j++)||||||+N+|||||| {||||||+N+||||||  $k = $k + 0;||||||+N+||||||  if ($k<10) $k=\"0$k\";||||||+N+||||||  if ($FORM[month]<10) $comp_month=\"\".$FORM[month]; ||||||+N+||||||  else $comp_month=$FORM[month];||||||+N+||||||  $which_weekday = date(\"w\",mktime(0,0,0,$FORM[month],$k-1,$FORM[year]));||||||+N+||||||  if ($which_weekday == $j and $month_days>=$k)||||||+N+||||||  { 	||||||+N+||||||   $loop_day = $FORM[year].\"$comp_month$k\";||||||+N+||||||   $KALENDER .= \"<td align=center\";||||||+N+||||||   if ($FORM[date] == $loop_day) $KALENDER .= \" class=calbg1>\";||||||+N+||||||   elseif ($today == $loop_day) $KALENDER .= \" class=calbg2>\";||||||+N+||||||   elseif ($j == 5 or $j == 6) $KALENDER .= \" class=calbg3>\";||||||+N+||||||   else $KALENDER .= \" class=calbg4>\";||||||+N+||||||   if ($KAL[$loop_day] != \"\") $KALENDER .= \"<a href=index.php?article_id=\".$KAL[$loop_day].\"&FORM[date]=$loop_day class=cala>$k</a>\";||||||+N+||||||   else $KALENDER .= \"$k\";||||||+N+||||||   $KALENDER .= \"</td>\";||||||+N+||||||   $k++;||||||+N+||||||  }else||||||+N+||||||  {||||||+N+||||||   $KALENDER .= \"<td></td>\";||||||+N+||||||  }||||||+N+|||||| }||||||+N+|||||| $KALENDER .= \"</tr>\";||||||+N+|||||| if ($month_days<$k) break;||||||+N+||||||}||||||+N+||||||$KALENDER .= \"</table>\";||||||+N+||||||||||||+N+||||||// ----- / KALENDER||||||+N+||||||||||||+N+||||||echo \"<div id=alistekal style=\'width:180px;float:left;\'>$KALENDER</div>\";||||||+N+||||||||||||+N+||||||?>','','<br><br>','','0','0');
INSERT INTO rex_modultyp VALUES ('10','','04.01 - Bild','0','<?||||||+N+||||||||||||+N+||||||if (\"FILE[1]\" != \"\")||||||+N+||||||{||||||+N+|||||| echo \"<img src=/files/FILE[1] width=100>\";||||||+N+||||||}||||||+N+||||||||||||+N+||||||?><br><br>','','REX_MEDIA_BUTTON[1]||||||+N+||||||||||||+N+||||||<?||||||+N+||||||||||||+N+||||||if (\"FILE[1]\" != \"\")||||||+N+||||||{||||||+N+|||||| echo \"<img src=/files/FILE[1]>\";||||||+N+||||||}||||||+N+||||||||||||+N+||||||?><br><br>','','0','0');
CREATE TABLE rex_template ( id int(5) NOT NULL  auto_increment, label varchar(255) NULL  , name varchar(255) NULL  , content text NULL  , bcontent text NULL  , active tinyint(1) NULL DEFAULT 0  , date timestamp(8) NULL  , PRIMARY KEY(id))TYPE=MyISAM;
INSERT INTO rex_template VALUES ('1','','01 Standard Template','<?||||||+N+||||||||||||+N+||||||setlocale(LC_ALL,\"de_DE\");||||||+N+||||||||||||+N+||||||?><html>||||||+N+||||||<head>||||||+N+||||||<title>REDAXO DEMO 2.0</title>||||||+N+||||||<link rel=stylesheet type=text/css href=/files/style.css>||||||+N+||||||<script language=Javascript src=/js/standard.js></script>||||||+N+||||||<script language=Javascript src=/js/flashdetect.js></script>||||||+N+||||||||||||+N+||||||||||||+N+||||||</head>||||||+N+||||||<body bgcolor=#ffffff marginwidth=0 marginheight=0 topmargin=0 leftmargin=0 background=/files/bg.gif>||||||+N+||||||<a name=top></a>||||||+N+||||||||||||+N+||||||||||||+N+||||||<table width=720 cellpadding=0 cellspacing=0 border=0>||||||+N+||||||||||||+N+||||||<tr>||||||+N+||||||<td valign=top><img src=/files/logo.gif><br>||||||+N+||||||<img src=/pics/leer.gif width=10 height=15><br><?||||||+N+||||||||||||+N+||||||// NAVIGATION||||||+N+||||||include $REX[INCLUDE_PATH].\"/generated/templates/2.template\";||||||+N+||||||||||||+N+||||||?></td>||||||+N+||||||<td>&nbsp;</td>||||||+N+||||||<td valign=top><table width=100% cellpadding=20 cellspacing=0 border=0><tr><td valign=top><?||||||+N+||||||||||||+N+||||||// BANNER||||||+N+||||||include $REX[INCLUDE_PATH].\"/generated/templates/5.template\";||||||+N+||||||echo \"<br><img src=/pics/leer.gif width=10 height=30><br>\";||||||+N+||||||echo $this->getArticle();||||||+N+||||||||||||+N+||||||?></td></tr></table></td>||||||+N+||||||<td>&nbsp;</td>||||||+N+||||||</tr>||||||+N+||||||||||||+N+||||||<tr>||||||+N+||||||<td><img src=/pics/leer.gif width=172 height=1></td>||||||+N+||||||<td><img src=/pics/leer.gif width=15 height=1></td>||||||+N+||||||<td align=center>&copy; 2004 by <a href=http://www.pergopa.de target=_blank>pergopa kristinus gbr</a> |  <a href=index.php?article_id=12>Impressum</a> | wcms: <a href=http://www.redaxo.de target=_blank>redaxo 2.7</a><br><img src=/pics/leer.gif width=550 height=1></td>||||||+N+||||||<td><img src=/pics/leer.gif width=15 height=1></td>||||||+N+||||||</tr>||||||+N+||||||||||||+N+||||||</table>||||||+N+||||||||||||+N+||||||</body></html>','','1','20040723');
INSERT INTO rex_template VALUES ('2','','01.01 Navigation','<img src=/files/o.gif><table width=100% cellpadding=0 cellspacing=0 border=0 style=\'background-image:url(/files/sbg.gif)\'>||||||+N+||||||<tr><td><?||||||+N+||||||||||||+N+||||||// PFAD AUSLESEN||||||+N+||||||$cat_id = $this->getValue(\"category_id\");||||||+N+||||||$path = explode(\"-\",$this->getValue(\"path\"));||||||+N+||||||$showpath = \"/ <a href=index.php?article_id=8 class=white>Home</a>\";||||||+N+||||||$cat1 = current($path)+0;||||||+N+||||||next($path);||||||+N+||||||$cat2 = current($path)+0;||||||+N+||||||next($path);||||||+N+||||||$cat3 = current($path)+0;||||||+N+||||||||||||+N+||||||// 2. NAVI||||||+N+||||||||||||+N+||||||$NAV2 = \"\";||||||+N+||||||$cat_id = $cat2;||||||+N+||||||||||||+N+||||||@include $REX[INCLUDE_PATH].\"/generated/categories/$cat_id.list.category\";||||||+N+||||||$NAV = $REX[RECAT][$cat_id];||||||+N+||||||||||||+N+||||||for ($i=0;$i<count($NAV);$i++)||||||+N+||||||{||||||+N+||||||||||||+N+|||||| $id = current($NAV);||||||+N+|||||| $aid = $REX[CAT][$id][article_id];||||||+N+|||||| $name = $REX[CAT][$id][name];||||||+N+||||||||||||+N+|||||| if ($i==0) $NAV2 .= \"<table width=100% cellpadding=0 cellspacing=0 border=0>\";||||||+N+||||||||||||+N+|||||| @include $REX[INCLUDE_PATH].\"/generated/articles/$aid.article\";||||||+N+||||||||||||+N+|||||| if ($cat3==$id and $REX[CAT][$id][status]==1)||||||+N+|||||| {||||||+N+||||||    $NAV2 .= \"<tr><td width=20 class=nava align=center><img src=/files/na.gif></td><td class=nava>\".||||||+N+||||||      \"<a href=index.php?article_id=$aid class=nava>$name</a></td></tr>\";||||||+N+||||||||||||+N+|||||| }elseif ($REX[CAT][$id][status]==1)||||||+N+|||||| {||||||+N+||||||     if ($name == \"\")||||||+N+||||||     {||||||+N+||||||       $NAV2 .= \"<tr onmouseover=this.style.background=\'#D8E5D8\'; onmouseout=this.style.background=\'transparent\'><td width=20>&nbsp;</td><td width=20><img src=/pics/leer.gif width=8 height=8></td><td>&nbsp;</td></tr>\";||||||+N+||||||      ||||||+N+||||||     }else||||||+N+||||||     {||||||+N+||||||       $NAV2 .= \"<tr onmouseover=this.style.background=\'#D8E5D8\'; onmouseout=this.style.background=\'transparent\'><td width=20 align=center><img src=/files/np.gif></td><td><a href=index.php?article_id=$aid class=nav>$name</a></td></tr>\";||||||+N+||||||||||||+N+||||||      }||||||+N+||||||||||||+N+|||||| }||||||+N+||||||   ||||||+N+|||||| if (($i+1)==count($NAV)) $NAV2 .= \"</table>\";||||||+N+||||||||||||+N+|||||| next($NAV);||||||+N+||||||}||||||+N+||||||||||||+N+||||||||||||+N+||||||||||||+N+||||||// 1. NAVI||||||+N+||||||||||||+N+||||||$NAV1 = \"\";||||||+N+||||||$cat_id = 0;||||||+N+||||||||||||+N+||||||@include $REX[INCLUDE_PATH].\"/generated/categories/$cat_id.list.category\";||||||+N+||||||$NAV = $REX[RECAT][$cat_id];||||||+N+||||||||||||+N+||||||for ($i=0;$i<count($NAV);$i++)||||||+N+||||||{||||||+N+||||||||||||+N+|||||| $id = current($NAV);||||||+N+|||||| $aid = $REX[CAT][$id][article_id];||||||+N+|||||| $name = $REX[CAT][$id][name];||||||+N+||||||||||||+N+|||||| if ($i==0) $NAV1 .= \"<table width=100% cellpadding=0 cellspacing=0 border=0>\";||||||+N+||||||||||||+N+|||||| @include $REX[INCLUDE_PATH].\"/generated/articles/$aid.article\";||||||+N+||||||||||||+N+|||||| if ($cat2==$id and $REX[CAT][$id][status]==1)||||||+N+|||||| {||||||+N+||||||    $NAV1 .= \"<tr><td width=20 class=nava>&nbsp;</td><td width=15 class=nava><img src=/files/na.gif></td><td class=nava>\".||||||+N+||||||      \"<a href=index.php?article_id=$aid class=nava>$name</a></td></tr>\";||||||+N+||||||||||||+N+||||||   if ($NAV2 != \"\") $NAV1 .= \"<tr><td colspan=2>&nbsp;</td><td>$NAV2</td></tr>\";||||||+N+||||||||||||+N+|||||| }elseif ($REX[CAT][$id][status]==1)||||||+N+|||||| {||||||+N+||||||     if ($name == \"\")||||||+N+||||||     {||||||+N+||||||       $NAV1 .= \"<tr onmouseover=this.style.background=\'#D8E5D8\'; onmouseout=this.style.background=\'transparent\'><td width=20>&nbsp;</td><td width=15><img src=/pics/leer.gif width=8 height=8></td><td>&nbsp;</td></tr>\";||||||+N+||||||      ||||||+N+||||||     }else||||||+N+||||||     {||||||+N+||||||       $NAV1 .= \"<tr onmouseover=this.style.background=\'#D8E5D8\'; onmouseout=this.style.background=\'transparent\'><td width=20>&nbsp;</td><td width=15><img src=/files/np.gif></td><td><a href=index.php?article_id=$aid class=nav>$name</a></td></tr>\";||||||+N+||||||||||||+N+||||||      }||||||+N+||||||||||||+N+|||||| }||||||+N+||||||   ||||||+N+|||||| if (($i+1)==count($NAV)) $NAV1 .= \"</table>\";||||||+N+||||||||||||+N+|||||| next($NAV);||||||+N+||||||}||||||+N+||||||||||||+N+||||||echo $NAV1;||||||+N+||||||||||||+N+||||||?></td></tr></table><img src=/files/u.gif><br>','','0','20040723');
INSERT INTO rex_template VALUES ('5','','01.02 Banner','<a href=http://www.redaxo.de><img src=/files/banner.jpg width=468 height=60 border=0></a>','','0','20040723');
